date,material_category,state,location,buying_price,unit,market_range_low,market_range_high,requires_handling_fee,source_type,source
16-09-2026,Copper,Punjab,Ludhiana,630.0,per kg,579.6,680.4,False,Derived (Formula from Metals.Dev API - MCX/LME-linked),DEMO MODE - Fallback Estimate (NOT live)
16-09-2026,Aluminium,Punjab,Ludhiana,148.8,per kg,136.9,160.7,False,Derived (Formula from Metals.Dev API - MCX/LME-linked),DEMO MODE - Fallback Estimate (NOT live)
16-09-2026,Iron,Punjab,Ludhiana,35.75,per kg,32.89,38.61,False,Derived (Formula from Metals.Dev API - MCX/LME-linked),DEMO MODE - Fallback Estimate (NOT live)
16-09-2026,Lead,Punjab,Ludhiana,99.0,per kg,91.08,106.92,False,Derived (Formula from Metals.Dev API - MCX/LME-linked),DEMO MODE - Fallback Estimate (NOT live)
16-09-2026,PCB,Punjab,Ludhiana,109.88,per kg,101.09,118.67,False,Derived (Composition Model - Copper-driven),DEMO MODE - Fallback Estimate (NOT live)
16-09-2026,Cable,Punjab,Ludhiana,247.15,per kg,227.38,266.92,False,Derived (Composition Model - Copper-driven),DEMO MODE - Fallback Estimate (NOT live)
16-09-2026,Motor,Punjab,Ludhiana,47.44,per kg,43.64,51.24,False,Derived (Composition Model - Copper-driven),DEMO MODE - Fallback Estimate (NOT live)
16-09-2026,Battery,Punjab,Ludhiana,42.27,per kg,38.89,45.65,False,Derived (Composition Model - Lead-driven),DEMO MODE - Fallback Estimate (NOT live)
16-09-2026,CRT,Punjab,Ludhiana,0.0,per kg,0.0,0.0,True,"Derived (Composition Model - Lead-driven, hazard-adjusted)",DEMO MODE - Fallback Estimate (NOT live)
16-09-2026,LCD,Punjab,Ludhiana,20.32,per kg,18.69,21.95,False,Derived (Composition Model - Aluminium-driven),DEMO MODE - Fallback Estimate (NOT live)
16-09-2026,Copper,Punjab,Amritsar,642.6,per kg,591.19,694.01,False,Derived (Formula from Metals.Dev API - MCX/LME-linked),DEMO MODE - Fallback Estimate (NOT live)
16-09-2026,Aluminium,Punjab,Amritsar,151.78,per kg,139.64,163.92,False,Derived (Formula from Metals.Dev API - MCX/LME-linked),DEMO MODE - Fallback Estimate (NOT live)
16-09-2026,Iron,Punjab,Amritsar,36.47,per kg,33.55,39.39,False,Derived (Formula from Metals.Dev API - MCX/LME-linked),DEMO MODE - Fallback Estimate (NOT live)
16-09-2026,Lead,Punjab,Amritsar,100.98,per kg,92.9,109.06,False,Derived (Formula from Metals.Dev API - MCX/LME-linked),DEMO MODE - Fallback Estimate (NOT live)
16-09-2026,PCB,Punjab,Amritsar,112.08,per kg,103.11,121.05,False,Derived (Composition Model - Copper-driven),DEMO MODE - Fallback Estimate (NOT live)
16-09-2026,Cable,Punjab,Amritsar,252.09,per kg,231.92,272.26,False,Derived (Composition Model - Copper-driven),DEMO MODE - Fallback Estimate (NOT live)
16-09-2026,Motor,Punjab,Amritsar,48.39,per kg,44.52,52.26,False,Derived (Composition Model - Copper-driven),DEMO MODE - Fallback Estimate (NOT live)
16-09-2026,Battery,Punjab,Amritsar,43.12,per kg,39.67,46.57,False,Derived (Composition Model - Lead-driven),DEMO MODE - Fallback Estimate (NOT live)
16-09-2026,CRT,Punjab,Amritsar,0.0,per kg,0.0,0.0,True,"Derived (Composition Model - Lead-driven, hazard-adjusted)",DEMO MODE - Fallback Estimate (NOT live)
16-09-2026,LCD,Punjab,Amritsar,20.73,per kg,19.07,22.39,False,Derived (Composition Model - Aluminium-driven),DEMO MODE - Fallback Estimate (NOT live)
16-09-2026,Copper,Punjab,Jalandhar,604.8,per kg,556.42,653.18,False,Derived (Formula from Metals.Dev API - MCX/LME-linked),DEMO MODE - Fallback Estimate (NOT live)
16-09-2026,Aluminium,Punjab,Jalandhar,142.85,per kg,131.42,154.28,False,Derived (Formula from Metals.Dev API - MCX/LME-linked),DEMO MODE - Fallback Estimate (NOT live)
16-09-2026,Iron,Punjab,Jalandhar,34.32,per kg,31.57,37.07,False,Derived (Formula from Metals.Dev API - MCX/LME-linked),DEMO MODE - Fallback Estimate (NOT live)
16-09-2026,Lead,Punjab,Jalandhar,95.04,per kg,87.44,102.64,False,Derived (Formula from Metals.Dev API - MCX/LME-linked),DEMO MODE - Fallback Estimate (NOT live)
16-09-2026,PCB,Punjab,Jalandhar,105.48,per kg,97.04,113.92,False,Derived (Composition Model - Copper-driven),DEMO MODE - Fallback Estimate (NOT live)
16-09-2026,Cable,Punjab,Jalandhar,237.26,per kg,218.28,256.24,False,Derived (Composition Model - Copper-driven),DEMO MODE - Fallback Estimate (NOT live)
16-09-2026,Motor,Punjab,Jalandhar,45.54,per kg,41.9,49.18,False,Derived (Composition Model - Copper-driven),DEMO MODE - Fallback Estimate (NOT live)
16-09-2026,Battery,Punjab,Jalandhar,40.58,per kg,37.33,43.83,False,Derived (Composition Model - Lead-driven),DEMO MODE - Fallback Estimate (NOT live)
16-09-2026,CRT,Punjab,Jalandhar,0.0,per kg,0.0,0.0,True,"Derived (Composition Model - Lead-driven, hazard-adjusted)",DEMO MODE - Fallback Estimate (NOT live)
16-09-2026,LCD,Punjab,Jalandhar,19.51,per kg,17.95,21.07,False,Derived (Composition Model - Aluminium-driven),DEMO MODE - Fallback Estimate (NOT live)
16-09-2026,Copper,Maharashtra,Mumbai,661.5,per kg,608.58,714.42,False,Derived (Formula from Metals.Dev API - MCX/LME-linked),DEMO MODE - Fallback Estimate (NOT live)
16-09-2026,Aluminium,Maharashtra,Mumbai,156.24,per kg,143.74,168.74,False,Derived (Formula from Metals.Dev API - MCX/LME-linked),DEMO MODE - Fallback Estimate (NOT live)
16-09-2026,Iron,Maharashtra,Mumbai,37.54,per kg,34.54,40.54,False,Derived (Formula from Metals.Dev API - MCX/LME-linked),DEMO MODE - Fallback Estimate (NOT live)
16-09-2026,Lead,Maharashtra,Mumbai,103.95,per kg,95.63,112.27,False,Derived (Formula from Metals.Dev API - MCX/LME-linked),DEMO MODE - Fallback Estimate (NOT live)
16-09-2026,PCB,Maharashtra,Mumbai,115.37,per kg,106.14,124.6,False,Derived (Composition Model - Copper-driven),DEMO MODE - Fallback Estimate (NOT live)
16-09-2026,Cable,Maharashtra,Mumbai,259.51,per kg,238.75,280.27,False,Derived (Composition Model - Copper-driven),DEMO MODE - Fallback Estimate (NOT live)
16-09-2026,Motor,Maharashtra,Mumbai,49.81,per kg,45.83,53.79,False,Derived (Composition Model - Copper-driven),DEMO MODE - Fallback Estimate (NOT live)
16-09-2026,Battery,Maharashtra,Mumbai,44.38,per kg,40.83,47.93,False,Derived (Composition Model - Lead-driven),DEMO MODE - Fallback Estimate (NOT live)
16-09-2026,CRT,Maharashtra,Mumbai,0.0,per kg,0.0,0.0,True,"Derived (Composition Model - Lead-driven, hazard-adjusted)",DEMO MODE - Fallback Estimate (NOT live)
16-09-2026,LCD,Maharashtra,Mumbai,21.34,per kg,19.63,23.05,False,Derived (Composition Model - Aluminium-driven),DEMO MODE - Fallback Estimate (NOT live)
16-09-2026,Copper,Maharashtra,Pune,642.6,per kg,591.19,694.01,False,Derived (Formula from Metals.Dev API - MCX/LME-linked),DEMO MODE - Fallback Estimate (NOT live)
16-09-2026,Aluminium,Maharashtra,Pune,151.78,per kg,139.64,163.92,False,Derived (Formula from Metals.Dev API - MCX/LME-linked),DEMO MODE - Fallback Estimate (NOT live)
16-09-2026,Iron,Maharashtra,Pune,36.47,per kg,33.55,39.39,False,Derived (Formula from Metals.Dev API - MCX/LME-linked),DEMO MODE - Fallback Estimate (NOT live)
16-09-2026,Lead,Maharashtra,Pune,100.98,per kg,92.9,109.06,False,Derived (Formula from Metals.Dev API - MCX/LME-linked),DEMO MODE - Fallback Estimate (NOT live)
16-09-2026,PCB,Maharashtra,Pune,112.08,per kg,103.11,121.05,False,Derived (Composition Model - Copper-driven),DEMO MODE - Fallback Estimate (NOT live)
16-09-2026,Cable,Maharashtra,Pune,252.09,per kg,231.92,272.26,False,Derived (Composition Model - Copper-driven),DEMO MODE - Fallback Estimate (NOT live)
16-09-2026,Motor,Maharashtra,Pune,48.39,per kg,44.52,52.26,False,Derived (Composition Model - Copper-driven),DEMO MODE - Fallback Estimate (NOT live)
16-09-2026,Battery,Maharashtra,Pune,43.12,per kg,39.67,46.57,False,Derived (Composition Model - Lead-driven),DEMO MODE - Fallback Estimate (NOT live)
16-09-2026,CRT,Maharashtra,Pune,0.0,per kg,0.0,0.0,True,"Derived (Composition Model - Lead-driven, hazard-adjusted)",DEMO MODE - Fallback Estimate (NOT live)
16-09-2026,LCD,Maharashtra,Pune,20.73,per kg,19.07,22.39,False,Derived (Composition Model - Aluminium-driven),DEMO MODE - Fallback Estimate (NOT live)
15-09-2026,Copper,Punjab,Ludhiana,677.55,per kg,623.35,731.75,False,Derived (Formula from Metals.Dev API - MCX/LME-linked),Simulated historical trend (see SOURCES.md for base-value citations)
15-09-2026,Aluminium,Punjab,Ludhiana,155.22,per kg,142.8,167.64,False,Derived (Formula from Metals.Dev API - MCX/LME-linked),Simulated historical trend (see SOURCES.md for base-value citations)
15-09-2026,Iron,Punjab,Ludhiana,38.95,per kg,35.83,42.07,False,Derived (Formula from Metals.Dev API - MCX/LME-linked),Simulated historical trend (see SOURCES.md for base-value citations)
15-09-2026,Lead,Punjab,Ludhiana,93.27,per kg,85.81,100.73,False,Derived (Formula from Metals.Dev API - MCX/LME-linked),Simulated historical trend (see SOURCES.md for base-value citations)
15-09-2026,PCB,Punjab,Ludhiana,114.71,per kg,105.53,123.89,False,Derived (Composition Model - Copper-driven),Simulated historical trend (see SOURCES.md for base-value citations)
15-09-2026,Cable,Punjab,Ludhiana,249.31,per kg,229.37,269.25,False,Derived (Composition Model - Copper-driven),Simulated historical trend (see SOURCES.md for base-value citations)
15-09-2026,Motor,Punjab,Ludhiana,48.7,per kg,44.8,52.6,False,Derived (Composition Model - Copper-driven),Simulated historical trend (see SOURCES.md for base-value citations)
15-09-2026,Battery,Punjab,Ludhiana,45.75,per kg,42.09,49.41,False,Derived (Composition Model - Lead-driven),Simulated historical trend (see SOURCES.md for base-value citations)
15-09-2026,CRT,Punjab,Ludhiana,0.0,per kg,0.0,0.0,True,"Derived (Composition Model - Lead-driven, hazard-adjusted)",Simulated historical trend (see SOURCES.md for base-value citations)
15-09-2026,LCD,Punjab,Ludhiana,20.37,per kg,18.74,22.0,False,Derived (Composition Model - Aluminium-driven),Simulated historical trend (see SOURCES.md for base-value citations)
15-09-2026,Copper,Punjab,Amritsar,606.93,per kg,558.38,655.48,False,Derived (Formula from Metals.Dev API - MCX/LME-linked),Simulated historical trend (see SOURCES.md for base-value citations)
15-09-2026,Aluminium,Punjab,Amritsar,146.43,per kg,134.72,158.14,False,Derived (Formula from Metals.Dev API - MCX/LME-linked),Simulated historical trend (see SOURCES.md for base-value citations)
15-09-2026,Iron,Punjab,Amritsar,36.8,per kg,33.86,39.74,False,Derived (Formula from Metals.Dev API - MCX/LME-linked),Simulated historical trend (see SOURCES.md for base-value citations)
15-09-2026,Lead,Punjab,Amritsar,102.82,per kg,94.59,111.05,False,Derived (Formula from Metals.Dev API - MCX/LME-linked),Simulated historical trend (see SOURCES.md for base-value citations)
15-09-2026,PCB,Punjab,Amritsar,110.4,per kg,101.57,119.23,False,Derived (Composition Model - Copper-driven),Simulated historical trend (see SOURCES.md for base-value citations)
15-09-2026,Cable,Punjab,Amritsar,264.73,per kg,243.55,285.91,False,Derived (Composition Model - Copper-driven),Simulated historical trend (see SOURCES.md for base-value citations)
15-09-2026,Motor,Punjab,Amritsar,48.11,per kg,44.26,51.96,False,Derived (Composition Model - Copper-driven),Simulated historical trend (see SOURCES.md for base-value citations)
15-09-2026,Battery,Punjab,Amritsar,41.59,per kg,38.26,44.92,False,Derived (Composition Model - Lead-driven),Simulated historical trend (see SOURCES.md for base-value citations)
15-09-2026,CRT,Punjab,Amritsar,0.0,per kg,0.0,0.0,True,"Derived (Composition Model - Lead-driven, hazard-adjusted)",Simulated historical trend (see SOURCES.md for base-value citations)
15-09-2026,LCD,Punjab,Amritsar,22.2,per kg,20.42,23.98,False,Derived (Composition Model - Aluminium-driven),Simulated historical trend (see SOURCES.md for base-value citations)
15-09-2026,Copper,Punjab,Jalandhar,560.51,per kg,515.67,605.35,False,Derived (Formula from Metals.Dev API - MCX/LME-linked),Simulated historical trend (see SOURCES.md for base-value citations)
15-09-2026,Aluminium,Punjab,Jalandhar,156.09,per kg,143.6,168.58,False,Derived (Formula from Metals.Dev API - MCX/LME-linked),Simulated historical trend (see SOURCES.md for base-value citations)
15-09-2026,Iron,Punjab,Jalandhar,33.01,per kg,30.37,35.65,False,Derived (Formula from Metals.Dev API - MCX/LME-linked),Simulated historical trend (see SOURCES.md for base-value citations)
15-09-2026,Lead,Punjab,Jalandhar,103.19,per kg,94.93,111.45,False,Derived (Formula from Metals.Dev API - MCX/LME-linked),Simulated historical trend (see SOURCES.md for base-value citations)
15-09-2026,PCB,Punjab,Jalandhar,98.66,per kg,90.77,106.55,False,Derived (Composition Model - Copper-driven),Simulated historical trend (see SOURCES.md for base-value citations)
15-09-2026,Cable,Punjab,Jalandhar,247.37,per kg,227.58,267.16,False,Derived (Composition Model - Copper-driven),Simulated historical trend (see SOURCES.md for base-value citations)
15-09-2026,Motor,Punjab,Jalandhar,46.68,per kg,42.95,50.41,False,Derived (Composition Model - Copper-driven),Simulated historical trend (see SOURCES.md for base-value citations)
15-09-2026,Battery,Punjab,Jalandhar,37.52,per kg,34.52,40.52,False,Derived (Composition Model - Lead-driven),Simulated historical trend (see SOURCES.md for base-value citations)
15-09-2026,CRT,Punjab,Jalandhar,0.0,per kg,0.0,0.0,True,"Derived (Composition Model - Lead-driven, hazard-adjusted)",Simulated historical trend (see SOURCES.md for base-value citations)
15-09-2026,LCD,Punjab,Jalandhar,19.34,per kg,17.79,20.89,False,Derived (Composition Model - Aluminium-driven),Simulated historical trend (see SOURCES.md for base-value citations)
15-09-2026,Copper,Maharashtra,Mumbai,652.07,per kg,599.9,704.24,False,Derived (Formula from Metals.Dev API - MCX/LME-linked),Simulated historical trend (see SOURCES.md for base-value citations)
15-09-2026,Aluminium,Maharashtra,Mumbai,148.03,per kg,136.19,159.87,False,Derived (Formula from Metals.Dev API - MCX/LME-linked),Simulated historical trend (see SOURCES.md for base-value citations)
15-09-2026,Iron,Maharashtra,Mumbai,34.31,per kg,31.57,37.05,False,Derived (Formula from Metals.Dev API - MCX/LME-linked),Simulated historical trend (see SOURCES.md for base-value citations)
15-09-2026,Lead,Maharashtra,Mumbai,96.15,per kg,88.46,103.84,False,Derived (Formula from Metals.Dev API - MCX/LME-linked),Simulated historical trend (see SOURCES.md for base-value citations)
15-09-2026,PCB,Maharashtra,Mumbai,114.43,per kg,105.28,123.58,False,Derived (Composition Model - Copper-driven),Simulated historical trend (see SOURCES.md for base-value citations)
15-09-2026,Cable,Maharashtra,Mumbai,274.2,per kg,252.26,296.14,False,Derived (Composition Model - Copper-driven),Simulated historical trend (see SOURCES.md for base-value citations)
15-09-2026,Motor,Maharashtra,Mumbai,53.98,per kg,49.66,58.3,False,Derived (Composition Model - Copper-driven),Simulated historical trend (see SOURCES.md for base-value citations)
15-09-2026,Battery,Maharashtra,Mumbai,40.44,per kg,37.2,43.68,False,Derived (Composition Model - Lead-driven),Simulated historical trend (see SOURCES.md for base-value citations)
15-09-2026,CRT,Maharashtra,Mumbai,0.0,per kg,0.0,0.0,True,"Derived (Composition Model - Lead-driven, hazard-adjusted)",Simulated historical trend (see SOURCES.md for base-value citations)
15-09-2026,LCD,Maharashtra,Mumbai,23.43,per kg,21.56,25.3,False,Derived (Composition Model - Aluminium-driven),Simulated historical trend (see SOURCES.md for base-value citations)
15-09-2026,Copper,Maharashtra,Pune,666.88,per kg,613.53,720.23,False,Derived (Formula from Metals.Dev API - MCX/LME-linked),Simulated historical trend (see SOURCES.md for base-value citations)
15-09-2026,Aluminium,Maharashtra,Pune,144.95,per kg,133.35,156.55,False,Derived (Formula from Metals.Dev API - MCX/LME-linked),Simulated historical trend (see SOURCES.md for base-value citations)
15-09-2026,Iron,Maharashtra,Pune,38.67,per kg,35.58,41.76,False,Derived (Formula from Metals.Dev API - MCX/LME-linked),Simulated historical trend (see SOURCES.md for base-value citations)
15-09-2026,Lead,Maharashtra,Pune,105.21,per kg,96.79,113.63,False,Derived (Formula from Metals.Dev API - MCX/LME-linked),Simulated historical trend (see SOURCES.md for base-value citations)
15-09-2026,PCB,Maharashtra,Pune,117.79,per kg,108.37,127.21,False,Derived (Composition Model - Copper-driven),Simulated historical trend (see SOURCES.md for base-value citations)
15-09-2026,Cable,Maharashtra,Pune,266.74,per kg,245.4,288.08,False,Derived (Composition Model - Copper-driven),Simulated historical trend (see SOURCES.md for base-value citations)
15-09-2026,Motor,Maharashtra,Pune,52.32,per kg,48.13,56.51,False,Derived (Composition Model - Copper-driven),Simulated historical trend (see SOURCES.md for base-value citations)
15-09-2026,Battery,Maharashtra,Pune,43.33,per kg,39.86,46.8,False,Derived (Composition Model - Lead-driven),Simulated historical trend (see SOURCES.md for base-value citations)
15-09-2026,CRT,Maharashtra,Pune,0.0,per kg,0.0,0.0,True,"Derived (Composition Model - Lead-driven, hazard-adjusted)",Simulated historical trend (see SOURCES.md for base-value citations)
15-09-2026,LCD,Maharashtra,Pune,20.22,per kg,18.6,21.84,False,Derived (Composition Model - Aluminium-driven),Simulated historical trend (see SOURCES.md for base-value citations)
14-09-2026,Copper,Punjab,Ludhiana,682.77,per kg,628.15,737.39,False,Derived (Formula from Metals.Dev API - MCX/LME-linked),Simulated historical trend (see SOURCES.md for base-value citations)
14-09-2026,Aluminium,Punjab,Ludhiana,138.53,per kg,127.45,149.61,False,Derived (Formula from Metals.Dev API - MCX/LME-linked),Simulated historical trend (see SOURCES.md for base-value citations)
14-09-2026,Iron,Punjab,Ludhiana,39.02,per kg,35.9,42.14,False,Derived (Formula from Metals.Dev API - MCX/LME-linked),Simulated historical trend (see SOURCES.md for base-value citations)
14-09-2026,Lead,Punjab,Ludhiana,94.34,per kg,86.79,101.89,False,Derived (Formula from Metals.Dev API - MCX/LME-linked),Simulated historical trend (see SOURCES.md for base-value citations)
14-09-2026,PCB,Punjab,Ludhiana,103.54,per kg,95.26,111.82,False,Derived (Composition Model - Copper-driven),Simulated historical trend (see SOURCES.md for base-value citations)
14-09-2026,Cable,Punjab,Ludhiana,258.95,per kg,238.23,279.67,False,Derived (Composition Model - Copper-driven),Simulated historical trend (see SOURCES.md for base-value citations)
14-09-2026,Motor,Punjab,Ludhiana,51.52,per kg,47.4,55.64,False,Derived (Composition Model - Copper-driven),Simulated historical trend (see SOURCES.md for base-value citations)
14-09-2026,Battery,Punjab,Ludhiana,43.47,per kg,39.99,46.95,False,Derived (Composition Model - Lead-driven),Simulated historical trend (see SOURCES.md for base-value citations)
14-09-2026,CRT,Punjab,Ludhiana,0.0,per kg,0.0,0.0,True,"Derived (Composition Model - Lead-driven, hazard-adjusted)",Simulated historical trend (see SOURCES.md for base-value citations)
14-09-2026,LCD,Punjab,Ludhiana,20.82,per kg,19.15,22.49,False,Derived (Composition Model - Aluminium-driven),Simulated historical trend (see SOURCES.md for base-value citations)
14-09-2026,Copper,Punjab,Amritsar,600.52,per kg,552.48,648.56,False,Derived (Formula from Metals.Dev API - MCX/LME-linked),Simulated historical trend (see SOURCES.md for base-value citations)
14-09-2026,Aluminium,Punjab,Amritsar,139.2,per kg,128.06,150.34,False,Derived (Formula from Metals.Dev API - MCX/LME-linked),Simulated historical trend (see SOURCES.md for base-value citations)
14-09-2026,Iron,Punjab,Amritsar,34.08,per kg,31.35,36.81,False,Derived (Formula from Metals.Dev API - MCX/LME-linked),Simulated historical trend (see SOURCES.md for base-value citations)
14-09-2026,Lead,Punjab,Amritsar,106.8,per kg,98.26,115.34,False,Derived (Formula from Metals.Dev API - MCX/LME-linked),Simulated historical trend (see SOURCES.md for base-value citations)
14-09-2026,PCB,Punjab,Amritsar,101.48,per kg,93.36,109.6,False,Derived (Composition Model - Copper-driven),Simulated historical trend (see SOURCES.md for base-value citations)
14-09-2026,Cable,Punjab,Amritsar,228.59,per kg,210.3,246.88,False,Derived (Composition Model - Copper-driven),Simulated historical trend (see SOURCES.md for base-value citations)
14-09-2026,Motor,Punjab,Amritsar,50.45,per kg,46.41,54.49,False,Derived (Composition Model - Copper-driven),Simulated historical trend (see SOURCES.md for base-value citations)
14-09-2026,Battery,Punjab,Amritsar,39.06,per kg,35.94,42.18,False,Derived (Composition Model - Lead-driven),Simulated historical trend (see SOURCES.md for base-value citations)
14-09-2026,CRT,Punjab,Amritsar,0.0,per kg,0.0,0.0,True,"Derived (Composition Model - Lead-driven, hazard-adjusted)",Simulated historical trend (see SOURCES.md for base-value citations)
14-09-2026,LCD,Punjab,Amritsar,19.11,per kg,17.58,20.64,False,Derived (Composition Model - Aluminium-driven),Simulated historical trend (see SOURCES.md for base-value citations)
14-09-2026,Copper,Punjab,Jalandhar,550.57,per kg,506.52,594.62,False,Derived (Formula from Metals.Dev API - MCX/LME-linked),Simulated historical trend (see SOURCES.md for base-value citations)
14-09-2026,Aluminium,Punjab,Jalandhar,140.81,per kg,129.55,152.07,False,Derived (Formula from Metals.Dev API - MCX/LME-linked),Simulated historical trend (see SOURCES.md for base-value citations)
14-09-2026,Iron,Punjab,Jalandhar,37.71,per kg,34.69,40.73,False,Derived (Formula from Metals.Dev API - MCX/LME-linked),Simulated historical trend (see SOURCES.md for base-value citations)
14-09-2026,Lead,Punjab,Jalandhar,86.89,per kg,79.94,93.84,False,Derived (Formula from Metals.Dev API - MCX/LME-linked),Simulated historical trend (see SOURCES.md for base-value citations)
14-09-2026,PCB,Punjab,Jalandhar,109.18,per kg,100.45,117.91,False,Derived (Composition Model - Copper-driven),Simulated historical trend (see SOURCES.md for base-value citations)
14-09-2026,Cable,Punjab,Jalandhar,243.66,per kg,224.17,263.15,False,Derived (Composition Model - Copper-driven),Simulated historical trend (see SOURCES.md for base-value citations)
14-09-2026,Motor,Punjab,Jalandhar,43.7,per kg,40.2,47.2,False,Derived (Composition Model - Copper-driven),Simulated historical trend (see SOURCES.md for base-value citations)
14-09-2026,Battery,Punjab,Jalandhar,43.69,per kg,40.19,47.19,False,Derived (Composition Model - Lead-driven),Simulated historical trend (see SOURCES.md for base-value citations)
14-09-2026,CRT,Punjab,Jalandhar,0.0,per kg,0.0,0.0,True,"Derived (Composition Model - Lead-driven, hazard-adjusted)",Simulated historical trend (see SOURCES.md for base-value citations)
14-09-2026,LCD,Punjab,Jalandhar,19.7,per kg,18.12,21.28,False,Derived (Composition Model - Aluminium-driven),Simulated historical trend (see SOURCES.md for base-value citations)
14-09-2026,Copper,Maharashtra,Mumbai,635.09,per kg,584.28,685.9,False,Derived (Formula from Metals.Dev API - MCX/LME-linked),Simulated historical trend (see SOURCES.md for base-value citations)
14-09-2026,Aluminium,Maharashtra,Mumbai,145.93,per kg,134.26,157.6,False,Derived (Formula from Metals.Dev API - MCX/LME-linked),Simulated historical trend (see SOURCES.md for base-value citations)
14-09-2026,Iron,Maharashtra,Mumbai,37.42,per kg,34.43,40.41,False,Derived (Formula from Metals.Dev API - MCX/LME-linked),Simulated historical trend (see SOURCES.md for base-value citations)
14-09-2026,Lead,Maharashtra,Mumbai,98.02,per kg,90.18,105.86,False,Derived (Formula from Metals.Dev API - MCX/LME-linked),Simulated historical trend (see SOURCES.md for base-value citations)
14-09-2026,PCB,Maharashtra,Mumbai,118.6,per kg,109.11,128.09,False,Derived (Composition Model - Copper-driven),Simulated historical trend (see SOURCES.md for base-value citations)
14-09-2026,Cable,Maharashtra,Mumbai,249.19,per kg,229.25,269.13,False,Derived (Composition Model - Copper-driven),Simulated historical trend (see SOURCES.md for base-value citations)
14-09-2026,Motor,Maharashtra,Mumbai,53.6,per kg,49.31,57.89,False,Derived (Composition Model - Copper-driven),Simulated historical trend (see SOURCES.md for base-value citations)
14-09-2026,Battery,Maharashtra,Mumbai,43.96,per kg,40.44,47.48,False,Derived (Composition Model - Lead-driven),Simulated historical trend (see SOURCES.md for base-value citations)
14-09-2026,CRT,Maharashtra,Mumbai,0.0,per kg,0.0,0.0,True,"Derived (Composition Model - Lead-driven, hazard-adjusted)",Simulated historical trend (see SOURCES.md for base-value citations)
14-09-2026,LCD,Maharashtra,Mumbai,20.83,per kg,19.16,22.5,False,Derived (Composition Model - Aluminium-driven),Simulated historical trend (see SOURCES.md for base-value citations)
14-09-2026,Copper,Maharashtra,Pune,632.07,per kg,581.5,682.64,False,Derived (Formula from Metals.Dev API - MCX/LME-linked),Simulated historical trend (see SOURCES.md for base-value citations)
14-09-2026,Aluminium,Maharashtra,Pune,159.49,per kg,146.73,172.25,False,Derived (Formula from Metals.Dev API - MCX/LME-linked),Simulated historical trend (see SOURCES.md for base-value citations)
14-09-2026,Iron,Maharashtra,Pune,33.46,per kg,30.78,36.14,False,Derived (Formula from Metals.Dev API - MCX/LME-linked),Simulated historical trend (see SOURCES.md for base-value citations)
14-09-2026,Lead,Maharashtra,Pune,91.81,per kg,84.47,99.15,False,Derived (Formula from Metals.Dev API - MCX/LME-linked),Simulated historical trend (see SOURCES.md for base-value citations)
14-09-2026,PCB,Maharashtra,Pune,118.08,per kg,108.63,127.53,False,Derived (Composition Model - Copper-driven),Simulated historical trend (see SOURCES.md for base-value citations)
14-09-2026,Cable,Maharashtra,Pune,251.64,per kg,231.51,271.77,False,Derived (Composition Model - Copper-driven),Simulated historical trend (see SOURCES.md for base-value citations)
14-09-2026,Motor,Maharashtra,Pune,47.17,per kg,43.4,50.94,False,Derived (Composition Model - Copper-driven),Simulated historical trend (see SOURCES.md for base-value citations)
14-09-2026,Battery,Maharashtra,Pune,46.38,per kg,42.67,50.09,False,Derived (Composition Model - Lead-driven),Simulated historical trend (see SOURCES.md for base-value citations)
14-09-2026,CRT,Maharashtra,Pune,0.0,per kg,0.0,0.0,True,"Derived (Composition Model - Lead-driven, hazard-adjusted)",Simulated historical trend (see SOURCES.md for base-value citations)
14-09-2026,LCD,Maharashtra,Pune,20.44,per kg,18.8,22.08,False,Derived (Composition Model - Aluminium-driven),Simulated historical trend (see SOURCES.md for base-value citations)
13-09-2026,Copper,Punjab,Ludhiana,621.83,per kg,572.08,671.58,False,Derived (Formula from Metals.Dev API - MCX/LME-linked),Simulated historical trend (see SOURCES.md for base-value citations)
13-09-2026,Aluminium,Punjab,Ludhiana,146.3,per kg,134.6,158.0,False,Derived (Formula from Metals.Dev API - MCX/LME-linked),Simulated historical trend (see SOURCES.md for base-value citations)
13-09-2026,Iron,Punjab,Ludhiana,32.74,per kg,30.12,35.36,False,Derived (Formula from Metals.Dev API - MCX/LME-linked),Simulated historical trend (see SOURCES.md for base-value citations)
13-09-2026,Lead,Punjab,Ludhiana,97.44,per kg,89.64,105.24,False,Derived (Formula from Metals.Dev API - MCX/LME-linked),Simulated historical trend (see SOURCES.md for base-value citations)
13-09-2026,PCB,Punjab,Ludhiana,112.24,per kg,103.26,121.22,False,Derived (Composition Model - Copper-driven),Simulated historical trend (see SOURCES.md for base-value citations)
13-09-2026,Cable,Punjab,Ludhiana,249.03,per kg,229.11,268.95,False,Derived (Composition Model - Copper-driven),Simulated historical trend (see SOURCES.md for base-value citations)
13-09-2026,Motor,Punjab,Ludhiana,50.14,per kg,46.13,54.15,False,Derived (Composition Model - Copper-driven),Simulated historical trend (see SOURCES.md for base-value citations)
13-09-2026,Battery,Punjab,Ludhiana,44.15,per kg,40.62,47.68,False,Derived (Composition Model - Lead-driven),Simulated historical trend (see SOURCES.md for base-value citations)
13-09-2026,CRT,Punjab,Ludhiana,0.0,per kg,0.0,0.0,True,"Derived (Composition Model - Lead-driven, hazard-adjusted)",Simulated historical trend (see SOURCES.md for base-value citations)
13-09-2026,LCD,Punjab,Ludhiana,21.06,per kg,19.38,22.74,False,Derived (Composition Model - Aluminium-driven),Simulated historical trend (see SOURCES.md for base-value citations)
13-09-2026,Copper,Punjab,Amritsar,648.82,per kg,596.91,700.73,False,Derived (Formula from Metals.Dev API - MCX/LME-linked),Simulated historical trend (see SOURCES.md for base-value citations)
13-09-2026,Aluminium,Punjab,Amritsar,141.14,per kg,129.85,152.43,False,Derived (Formula from Metals.Dev API - MCX/LME-linked),Simulated historical trend (see SOURCES.md for base-value citations)
13-09-2026,Iron,Punjab,Amritsar,39.86,per kg,36.67,43.05,False,Derived (Formula from Metals.Dev API - MCX/LME-linked),Simulated historical trend (see SOURCES.md for base-value citations)
13-09-2026,Lead,Punjab,Amritsar,109.67,per kg,100.9,118.44,False,Derived (Formula from Metals.Dev API - MCX/LME-linked),Simulated historical trend (see SOURCES.md for base-value citations)
13-09-2026,PCB,Punjab,Amritsar,111.71,per kg,102.77,120.65,False,Derived (Composition Model - Copper-driven),Simulated historical trend (see SOURCES.md for base-value citations)
13-09-2026,Cable,Punjab,Amritsar,249.01,per kg,229.09,268.93,False,Derived (Composition Model - Copper-driven),Simulated historical trend (see SOURCES.md for base-value citations)
13-09-2026,Motor,Punjab,Amritsar,52.6,per kg,48.39,56.81,False,Derived (Composition Model - Copper-driven),Simulated historical trend (see SOURCES.md for base-value citations)
13-09-2026,Battery,Punjab,Amritsar,44.62,per kg,41.05,48.19,False,Derived (Composition Model - Lead-driven),Simulated historical trend (see SOURCES.md for base-value citations)
13-09-2026,CRT,Punjab,Amritsar,0.0,per kg,0.0,0.0,True,"Derived (Composition Model - Lead-driven, hazard-adjusted)",Simulated historical trend (see SOURCES.md for base-value citations)
13-09-2026,LCD,Punjab,Amritsar,22.4,per kg,20.61,24.19,False,Derived (Composition Model - Aluminium-driven),Simulated historical trend (see SOURCES.md for base-value citations)
13-09-2026,Copper,Punjab,Jalandhar,648.9,per kg,596.99,700.81,False,Derived (Formula from Metals.Dev API - MCX/LME-linked),Simulated historical trend (see SOURCES.md for base-value citations)
13-09-2026,Aluminium,Punjab,Jalandhar,137.55,per kg,126.55,148.55,False,Derived (Formula from Metals.Dev API - MCX/LME-linked),Simulated historical trend (see SOURCES.md for base-value citations)
13-09-2026,Iron,Punjab,Jalandhar,31.27,per kg,28.77,33.77,False,Derived (Formula from Metals.Dev API - MCX/LME-linked),Simulated historical trend (see SOURCES.md for base-value citations)
13-09-2026,Lead,Punjab,Jalandhar,92.45,per kg,85.05,99.85,False,Derived (Formula from Metals.Dev API - MCX/LME-linked),Simulated historical trend (see SOURCES.md for base-value citations)
13-09-2026,PCB,Punjab,Jalandhar,102.09,per kg,93.92,110.26,False,Derived (Composition Model - Copper-driven),Simulated historical trend (see SOURCES.md for base-value citations)
13-09-2026,Cable,Punjab,Jalandhar,254.66,per kg,234.29,275.03,False,Derived (Composition Model - Copper-driven),Simulated historical trend (see SOURCES.md for base-value citations)
13-09-2026,Motor,Punjab,Jalandhar,43.88,per kg,40.37,47.39,False,Derived (Composition Model - Copper-driven),Simulated historical trend (see SOURCES.md for base-value citations)
13-09-2026,Battery,Punjab,Jalandhar,38.54,per kg,35.46,41.62,False,Derived (Composition Model - Lead-driven),Simulated historical trend (see SOURCES.md for base-value citations)
13-09-2026,CRT,Punjab,Jalandhar,0.0,per kg,0.0,0.0,True,"Derived (Composition Model - Lead-driven, hazard-adjusted)",Simulated historical trend (see SOURCES.md for base-value citations)
13-09-2026,LCD,Punjab,Jalandhar,19.95,per kg,18.35,21.55,False,Derived (Composition Model - Aluminium-driven),Simulated historical trend (see SOURCES.md for base-value citations)
13-09-2026,Copper,Maharashtra,Mumbai,712.87,per kg,655.84,769.9,False,Derived (Formula from Metals.Dev API - MCX/LME-linked),Simulated historical trend (see SOURCES.md for base-value citations)
13-09-2026,Aluminium,Maharashtra,Mumbai,164.62,per kg,151.45,177.79,False,Derived (Formula from Metals.Dev API - MCX/LME-linked),Simulated historical trend (see SOURCES.md for base-value citations)
13-09-2026,Iron,Maharashtra,Mumbai,37.47,per kg,34.47,40.47,False,Derived (Formula from Metals.Dev API - MCX/LME-linked),Simulated historical trend (see SOURCES.md for base-value citations)
13-09-2026,Lead,Maharashtra,Mumbai,112.34,per kg,103.35,121.33,False,Derived (Formula from Metals.Dev API - MCX/LME-linked),Simulated historical trend (see SOURCES.md for base-value citations)
13-09-2026,PCB,Maharashtra,Mumbai,105.37,per kg,96.94,113.8,False,Derived (Composition Model - Copper-driven),Simulated historical trend (see SOURCES.md for base-value citations)
13-09-2026,Cable,Maharashtra,Mumbai,273.61,per kg,251.72,295.5,False,Derived (Composition Model - Copper-driven),Simulated historical trend (see SOURCES.md for base-value citations)
13-09-2026,Motor,Maharashtra,Mumbai,54.19,per kg,49.85,58.53,False,Derived (Composition Model - Copper-driven),Simulated historical trend (see SOURCES.md for base-value citations)
13-09-2026,Battery,Maharashtra,Mumbai,43.9,per kg,40.39,47.41,False,Derived (Composition Model - Lead-driven),Simulated historical trend (see SOURCES.md for base-value citations)
13-09-2026,CRT,Maharashtra,Mumbai,0.0,per kg,0.0,0.0,True,"Derived (Composition Model - Lead-driven, hazard-adjusted)",Simulated historical trend (see SOURCES.md for base-value citations)
13-09-2026,LCD,Maharashtra,Mumbai,22.44,per kg,20.64,24.24,False,Derived (Composition Model - Aluminium-driven),Simulated historical trend (see SOURCES.md for base-value citations)
13-09-2026,Copper,Maharashtra,Pune,609.54,per kg,560.78,658.3,False,Derived (Formula from Metals.Dev API - MCX/LME-linked),Simulated historical trend (see SOURCES.md for base-value citations)
13-09-2026,Aluminium,Maharashtra,Pune,145.91,per kg,134.24,157.58,False,Derived (Formula from Metals.Dev API - MCX/LME-linked),Simulated historical trend (see SOURCES.md for base-value citations)
13-09-2026,Iron,Maharashtra,Pune,38.11,per kg,35.06,41.16,False,Derived (Formula from Metals.Dev API - MCX/LME-linked),Simulated historical trend (see SOURCES.md for base-value citations)
13-09-2026,Lead,Maharashtra,Pune,110.89,per kg,102.02,119.76,False,Derived (Formula from Metals.Dev API - MCX/LME-linked),Simulated historical trend (see SOURCES.md for base-value citations)
13-09-2026,PCB,Maharashtra,Pune,107.78,per kg,99.16,116.4,False,Derived (Composition Model - Copper-driven),Simulated historical trend (see SOURCES.md for base-value citations)
13-09-2026,Cable,Maharashtra,Pune,239.36,per kg,220.21,258.51,False,Derived (Composition Model - Copper-driven),Simulated historical trend (see SOURCES.md for base-value citations)
13-09-2026,Motor,Maharashtra,Pune,43.9,per kg,40.39,47.41,False,Derived (Composition Model - Copper-driven),Simulated historical trend (see SOURCES.md for base-value citations)
13-09-2026,Battery,Maharashtra,Pune,45.18,per kg,41.57,48.79,False,Derived (Composition Model - Lead-driven),Simulated historical trend (see SOURCES.md for base-value citations)
13-09-2026,CRT,Maharashtra,Pune,0.0,per kg,0.0,0.0,True,"Derived (Composition Model - Lead-driven, hazard-adjusted)",Simulated historical trend (see SOURCES.md for base-value citations)
13-09-2026,LCD,Maharashtra,Pune,19.89,per kg,18.3,21.48,False,Derived (Composition Model - Aluminium-driven),Simulated historical trend (see SOURCES.md for base-value citations)
12-09-2026,Copper,Punjab,Ludhiana,570.98,per kg,525.3,616.66,False,Derived (Formula from Metals.Dev API - MCX/LME-linked),Simulated historical trend (see SOURCES.md for base-value citations)
12-09-2026,Aluminium,Punjab,Ludhiana,150.28,per kg,138.26,162.3,False,Derived (Formula from Metals.Dev API - MCX/LME-linked),Simulated historical trend (see SOURCES.md for base-value citations)
12-09-2026,Iron,Punjab,Ludhiana,33.5,per kg,30.82,36.18,False,Derived (Formula from Metals.Dev API - MCX/LME-linked),Simulated historical trend (see SOURCES.md for base-value citations)
12-09-2026,Lead,Punjab,Ludhiana,108.69,per kg,99.99,117.39,False,Derived (Formula from Metals.Dev API - MCX/LME-linked),Simulated historical trend (see SOURCES.md for base-value citations)
12-09-2026,PCB,Punjab,Ludhiana,101.2,per kg,93.1,109.3,False,Derived (Composition Model - Copper-driven),Simulated historical trend (see SOURCES.md for base-value citations)
12-09-2026,Cable,Punjab,Ludhiana,248.93,per kg,229.02,268.84,False,Derived (Composition Model - Copper-driven),Simulated historical trend (see SOURCES.md for base-value citations)
12-09-2026,Motor,Punjab,Ludhiana,43.43,per kg,39.96,46.9,False,Derived (Composition Model - Copper-driven),Simulated historical trend (see SOURCES.md for base-value citations)
12-09-2026,Battery,Punjab,Ludhiana,40.35,per kg,37.12,43.58,False,Derived (Composition Model - Lead-driven),Simulated historical trend (see SOURCES.md for base-value citations)
12-09-2026,CRT,Punjab,Ludhiana,0.0,per kg,0.0,0.0,True,"Derived (Composition Model - Lead-driven, hazard-adjusted)",Simulated historical trend (see SOURCES.md for base-value citations)
12-09-2026,LCD,Punjab,Ludhiana,20.85,per kg,19.18,22.52,False,Derived (Composition Model - Aluminium-driven),Simulated historical trend (see SOURCES.md for base-value citations)
12-09-2026,Copper,Punjab,Amritsar,656.52,per kg,604.0,709.04,False,Derived (Formula from Metals.Dev API - MCX/LME-linked),Simulated historical trend (see SOURCES.md for base-value citations)
12-09-2026,Aluminium,Punjab,Amritsar,146.64,per kg,134.91,158.37,False,Derived (Formula from Metals.Dev API - MCX/LME-linked),Simulated historical trend (see SOURCES.md for base-value citations)
12-09-2026,Iron,Punjab,Amritsar,38.08,per kg,35.03,41.13,False,Derived (Formula from Metals.Dev API - MCX/LME-linked),Simulated historical trend (see SOURCES.md for base-value citations)
12-09-2026,Lead,Punjab,Amritsar,108.03,per kg,99.39,116.67,False,Derived (Formula from Metals.Dev API - MCX/LME-linked),Simulated historical trend (see SOURCES.md for base-value citations)
12-09-2026,PCB,Punjab,Amritsar,113.52,per kg,104.44,122.6,False,Derived (Composition Model - Copper-driven),Simulated historical trend (see SOURCES.md for base-value citations)
12-09-2026,Cable,Punjab,Amritsar,239.87,per kg,220.68,259.06,False,Derived (Composition Model - Copper-driven),Simulated historical trend (see SOURCES.md for base-value citations)
12-09-2026,Motor,Punjab,Amritsar,44.58,per kg,41.01,48.15,False,Derived (Composition Model - Copper-driven),Simulated historical trend (see SOURCES.md for base-value citations)
12-09-2026,Battery,Punjab,Amritsar,46.48,per kg,42.76,50.2,False,Derived (Composition Model - Lead-driven),Simulated historical trend (see SOURCES.md for base-value citations)
12-09-2026,CRT,Punjab,Amritsar,0.0,per kg,0.0,0.0,True,"Derived (Composition Model - Lead-driven, hazard-adjusted)",Simulated historical trend (see SOURCES.md for base-value citations)
12-09-2026,LCD,Punjab,Amritsar,21.31,per kg,19.61,23.01,False,Derived (Composition Model - Aluminium-driven),Simulated historical trend (see SOURCES.md for base-value citations)
12-09-2026,Copper,Punjab,Jalandhar,576.58,per kg,530.45,622.71,False,Derived (Formula from Metals.Dev API - MCX/LME-linked),Simulated historical trend (see SOURCES.md for base-value citations)
12-09-2026,Aluminium,Punjab,Jalandhar,134.16,per kg,123.43,144.89,False,Derived (Formula from Metals.Dev API - MCX/LME-linked),Simulated historical trend (see SOURCES.md for base-value citations)
12-09-2026,Iron,Punjab,Jalandhar,31.44,per kg,28.92,33.96,False,Derived (Formula from Metals.Dev API - MCX/LME-linked),Simulated historical trend (see SOURCES.md for base-value citations)
12-09-2026,Lead,Punjab,Jalandhar,99.43,per kg,91.48,107.38,False,Derived (Formula from Metals.Dev API - MCX/LME-linked),Simulated historical trend (see SOURCES.md for base-value citations)
12-09-2026,PCB,Punjab,Jalandhar,102.25,per kg,94.07,110.43,False,Derived (Composition Model - Copper-driven),Simulated historical trend (see SOURCES.md for base-value citations)
12-09-2026,Cable,Punjab,Jalandhar,255.47,per kg,235.03,275.91,False,Derived (Composition Model - Copper-driven),Simulated historical trend (see SOURCES.md for base-value citations)
12-09-2026,Motor,Punjab,Jalandhar,46.34,per kg,42.63,50.05,False,Derived (Composition Model - Copper-driven),Simulated historical trend (see SOURCES.md for base-value citations)
12-09-2026,Battery,Punjab,Jalandhar,44.29,per kg,40.75,47.83,False,Derived (Composition Model - Lead-driven),Simulated historical trend (see SOURCES.md for base-value citations)
12-09-2026,CRT,Punjab,Jalandhar,0.0,per kg,0.0,0.0,True,"Derived (Composition Model - Lead-driven, hazard-adjusted)",Simulated historical trend (see SOURCES.md for base-value citations)
12-09-2026,LCD,Punjab,Jalandhar,21.38,per kg,19.67,23.09,False,Derived (Composition Model - Aluminium-driven),Simulated historical trend (see SOURCES.md for base-value citations)
12-09-2026,Copper,Maharashtra,Mumbai,709.64,per kg,652.87,766.41,False,Derived (Formula from Metals.Dev API - MCX/LME-linked),Simulated historical trend (see SOURCES.md for base-value citations)
12-09-2026,Aluminium,Maharashtra,Mumbai,163.59,per kg,150.5,176.68,False,Derived (Formula from Metals.Dev API - MCX/LME-linked),Simulated historical trend (see SOURCES.md for base-value citations)
12-09-2026,Iron,Maharashtra,Mumbai,36.89,per kg,33.94,39.84,False,Derived (Formula from Metals.Dev API - MCX/LME-linked),Simulated historical trend (see SOURCES.md for base-value citations)
12-09-2026,Lead,Maharashtra,Mumbai,104.9,per kg,96.51,113.29,False,Derived (Formula from Metals.Dev API - MCX/LME-linked),Simulated historical trend (see SOURCES.md for base-value citations)
12-09-2026,PCB,Maharashtra,Mumbai,115.31,per kg,106.09,124.53,False,Derived (Composition Model - Copper-driven),Simulated historical trend (see SOURCES.md for base-value citations)
12-09-2026,Cable,Maharashtra,Mumbai,252.29,per kg,232.11,272.47,False,Derived (Composition Model - Copper-driven),Simulated historical trend (see SOURCES.md for base-value citations)
12-09-2026,Motor,Maharashtra,Mumbai,50.18,per kg,46.17,54.19,False,Derived (Composition Model - Copper-driven),Simulated historical trend (see SOURCES.md for base-value citations)
12-09-2026,Battery,Maharashtra,Mumbai,42.02,per kg,38.66,45.38,False,Derived (Composition Model - Lead-driven),Simulated historical trend (see SOURCES.md for base-value citations)
12-09-2026,CRT,Maharashtra,Mumbai,0.0,per kg,0.0,0.0,True,"Derived (Composition Model - Lead-driven, hazard-adjusted)",Simulated historical trend (see SOURCES.md for base-value citations)
12-09-2026,LCD,Maharashtra,Mumbai,21.5,per kg,19.78,23.22,False,Derived (Composition Model - Aluminium-driven),Simulated historical trend (see SOURCES.md for base-value citations)
12-09-2026,Copper,Maharashtra,Pune,579.37,per kg,533.02,625.72,False,Derived (Formula from Metals.Dev API - MCX/LME-linked),Simulated historical trend (see SOURCES.md for base-value citations)
12-09-2026,Aluminium,Maharashtra,Pune,137.54,per kg,126.54,148.54,False,Derived (Formula from Metals.Dev API - MCX/LME-linked),Simulated historical trend (see SOURCES.md for base-value citations)
12-09-2026,Iron,Maharashtra,Pune,33.59,per kg,30.9,36.28,False,Derived (Formula from Metals.Dev API - MCX/LME-linked),Simulated historical trend (see SOURCES.md for base-value citations)
12-09-2026,Lead,Maharashtra,Pune,94.74,per kg,87.16,102.32,False,Derived (Formula from Metals.Dev API - MCX/LME-linked),Simulated historical trend (see SOURCES.md for base-value citations)
12-09-2026,PCB,Maharashtra,Pune,101.74,per kg,93.6,109.88,False,Derived (Composition Model - Copper-driven),Simulated historical trend (see SOURCES.md for base-value citations)
12-09-2026,Cable,Maharashtra,Pune,274.25,per kg,252.31,296.19,False,Derived (Composition Model - Copper-driven),Simulated historical trend (see SOURCES.md for base-value citations)
12-09-2026,Motor,Maharashtra,Pune,47.56,per kg,43.76,51.36,False,Derived (Composition Model - Copper-driven),Simulated historical trend (see SOURCES.md for base-value citations)
12-09-2026,Battery,Maharashtra,Pune,40.9,per kg,37.63,44.17,False,Derived (Composition Model - Lead-driven),Simulated historical trend (see SOURCES.md for base-value citations)
12-09-2026,CRT,Maharashtra,Pune,0.0,per kg,0.0,0.0,True,"Derived (Composition Model - Lead-driven, hazard-adjusted)",Simulated historical trend (see SOURCES.md for base-value citations)
12-09-2026,LCD,Maharashtra,Pune,20.07,per kg,18.46,21.68,False,Derived (Composition Model - Aluminium-driven),Simulated historical trend (see SOURCES.md for base-value citations)
11-09-2026,Copper,Punjab,Ludhiana,666.72,per kg,613.38,720.06,False,Derived (Formula from Metals.Dev API - MCX/LME-linked),Simulated historical trend (see SOURCES.md for base-value citations)
11-09-2026,Aluminium,Punjab,Ludhiana,146.14,per kg,134.45,157.83,False,Derived (Formula from Metals.Dev API - MCX/LME-linked),Simulated historical trend (see SOURCES.md for base-value citations)
11-09-2026,Iron,Punjab,Ludhiana,37.12,per kg,34.15,40.09,False,Derived (Formula from Metals.Dev API - MCX/LME-linked),Simulated historical trend (see SOURCES.md for base-value citations)
11-09-2026,Lead,Punjab,Ludhiana,90.41,per kg,83.18,97.64,False,Derived (Formula from Metals.Dev API - MCX/LME-linked),Simulated historical trend (see SOURCES.md for base-value citations)
11-09-2026,PCB,Punjab,Ludhiana,109.79,per kg,101.01,118.57,False,Derived (Composition Model - Copper-driven),Simulated historical trend (see SOURCES.md for base-value citations)
11-09-2026,Cable,Punjab,Ludhiana,229.12,per kg,210.79,247.45,False,Derived (Composition Model - Copper-driven),Simulated historical trend (see SOURCES.md for base-value citations)
11-09-2026,Motor,Punjab,Ludhiana,44.7,per kg,41.12,48.28,False,Derived (Composition Model - Copper-driven),Simulated historical trend (see SOURCES.md for base-value citations)
11-09-2026,Battery,Punjab,Ludhiana,42.5,per kg,39.1,45.9,False,Derived (Composition Model - Lead-driven),Simulated historical trend (see SOURCES.md for base-value citations)
11-09-2026,CRT,Punjab,Ludhiana,0.0,per kg,0.0,0.0,True,"Derived (Composition Model - Lead-driven, hazard-adjusted)",Simulated historical trend (see SOURCES.md for base-value citations)
11-09-2026,LCD,Punjab,Ludhiana,18.71,per kg,17.21,20.21,False,Derived (Composition Model - Aluminium-driven),Simulated historical trend (see SOURCES.md for base-value citations)
11-09-2026,Copper,Punjab,Amritsar,677.92,per kg,623.69,732.15,False,Derived (Formula from Metals.Dev API - MCX/LME-linked),Simulated historical trend (see SOURCES.md for base-value citations)
11-09-2026,Aluminium,Punjab,Amritsar,151.28,per kg,139.18,163.38,False,Derived (Formula from Metals.Dev API - MCX/LME-linked),Simulated historical trend (see SOURCES.md for base-value citations)
11-09-2026,Iron,Punjab,Amritsar,39.46,per kg,36.3,42.62,False,Derived (Formula from Metals.Dev API - MCX/LME-linked),Simulated historical trend (see SOURCES.md for base-value citations)
11-09-2026,Lead,Punjab,Amritsar,104.18,per kg,95.85,112.51,False,Derived (Formula from Metals.Dev API - MCX/LME-linked),Simulated historical trend (see SOURCES.md for base-value citations)
11-09-2026,PCB,Punjab,Amritsar,116.45,per kg,107.13,125.77,False,Derived (Composition Model - Copper-driven),Simulated historical trend (see SOURCES.md for base-value citations)
11-09-2026,Cable,Punjab,Amritsar,233.44,per kg,214.76,252.12,False,Derived (Composition Model - Copper-driven),Simulated historical trend (see SOURCES.md for base-value citations)
11-09-2026,Motor,Punjab,Amritsar,47.55,per kg,43.75,51.35,False,Derived (Composition Model - Copper-driven),Simulated historical trend (see SOURCES.md for base-value citations)
11-09-2026,Battery,Punjab,Amritsar,43.41,per kg,39.94,46.88,False,Derived (Composition Model - Lead-driven),Simulated historical trend (see SOURCES.md for base-value citations)
11-09-2026,CRT,Punjab,Amritsar,0.0,per kg,0.0,0.0,True,"Derived (Composition Model - Lead-driven, hazard-adjusted)",Simulated historical trend (see SOURCES.md for base-value citations)
11-09-2026,LCD,Punjab,Amritsar,21.76,per kg,20.02,23.5,False,Derived (Composition Model - Aluminium-driven),Simulated historical trend (see SOURCES.md for base-value citations)
11-09-2026,Copper,Punjab,Jalandhar,630.9,per kg,580.43,681.37,False,Derived (Formula from Metals.Dev API - MCX/LME-linked),Simulated historical trend (see SOURCES.md for base-value citations)
11-09-2026,Aluminium,Punjab,Jalandhar,147.61,per kg,135.8,159.42,False,Derived (Formula from Metals.Dev API - MCX/LME-linked),Simulated historical trend (see SOURCES.md for base-value citations)
11-09-2026,Iron,Punjab,Jalandhar,36.9,per kg,33.95,39.85,False,Derived (Formula from Metals.Dev API - MCX/LME-linked),Simulated historical trend (see SOURCES.md for base-value citations)
11-09-2026,Lead,Punjab,Jalandhar,104.37,per kg,96.02,112.72,False,Derived (Formula from Metals.Dev API - MCX/LME-linked),Simulated historical trend (see SOURCES.md for base-value citations)
11-09-2026,PCB,Punjab,Jalandhar,98.52,per kg,90.64,106.4,False,Derived (Composition Model - Copper-driven),Simulated historical trend (see SOURCES.md for base-value citations)
11-09-2026,Cable,Punjab,Jalandhar,244.41,per kg,224.86,263.96,False,Derived (Composition Model - Copper-driven),Simulated historical trend (see SOURCES.md for base-value citations)
11-09-2026,Motor,Punjab,Jalandhar,42.61,per kg,39.2,46.02,False,Derived (Composition Model - Copper-driven),Simulated historical trend (see SOURCES.md for base-value citations)
11-09-2026,Battery,Punjab,Jalandhar,41.6,per kg,38.27,44.93,False,Derived (Composition Model - Lead-driven),Simulated historical trend (see SOURCES.md for base-value citations)
11-09-2026,CRT,Punjab,Jalandhar,0.0,per kg,0.0,0.0,True,"Derived (Composition Model - Lead-driven, hazard-adjusted)",Simulated historical trend (see SOURCES.md for base-value citations)
11-09-2026,LCD,Punjab,Jalandhar,20.49,per kg,18.85,22.13,False,Derived (Composition Model - Aluminium-driven),Simulated historical trend (see SOURCES.md for base-value citations)
11-09-2026,Copper,Maharashtra,Mumbai,695.48,per kg,639.84,751.12,False,Derived (Formula from Metals.Dev API - MCX/LME-linked),Simulated historical trend (see SOURCES.md for base-value citations)
11-09-2026,Aluminium,Maharashtra,Mumbai,162.57,per kg,149.56,175.58,False,Derived (Formula from Metals.Dev API - MCX/LME-linked),Simulated historical trend (see SOURCES.md for base-value citations)
11-09-2026,Iron,Maharashtra,Mumbai,40.45,per kg,37.21,43.69,False,Derived (Formula from Metals.Dev API - MCX/LME-linked),Simulated historical trend (see SOURCES.md for base-value citations)
11-09-2026,Lead,Maharashtra,Mumbai,96.32,per kg,88.61,104.03,False,Derived (Formula from Metals.Dev API - MCX/LME-linked),Simulated historical trend (see SOURCES.md for base-value citations)
11-09-2026,PCB,Maharashtra,Mumbai,126.46,per kg,116.34,136.58,False,Derived (Composition Model - Copper-driven),Simulated historical trend (see SOURCES.md for base-value citations)
11-09-2026,Cable,Maharashtra,Mumbai,282.08,per kg,259.51,304.65,False,Derived (Composition Model - Copper-driven),Simulated historical trend (see SOURCES.md for base-value citations)
11-09-2026,Motor,Maharashtra,Mumbai,52.85,per kg,48.62,57.08,False,Derived (Composition Model - Copper-driven),Simulated historical trend (see SOURCES.md for base-value citations)
11-09-2026,Battery,Maharashtra,Mumbai,40.05,per kg,36.85,43.25,False,Derived (Composition Model - Lead-driven),Simulated historical trend (see SOURCES.md for base-value citations)
11-09-2026,CRT,Maharashtra,Mumbai,0.0,per kg,0.0,0.0,True,"Derived (Composition Model - Lead-driven, hazard-adjusted)",Simulated historical trend (see SOURCES.md for base-value citations)
11-09-2026,LCD,Maharashtra,Mumbai,19.97,per kg,18.37,21.57,False,Derived (Composition Model - Aluminium-driven),Simulated historical trend (see SOURCES.md for base-value citations)
11-09-2026,Copper,Maharashtra,Pune,634.62,per kg,583.85,685.39,False,Derived (Formula from Metals.Dev API - MCX/LME-linked),Simulated historical trend (see SOURCES.md for base-value citations)
11-09-2026,Aluminium,Maharashtra,Pune,148.68,per kg,136.79,160.57,False,Derived (Formula from Metals.Dev API - MCX/LME-linked),Simulated historical trend (see SOURCES.md for base-value citations)
11-09-2026,Iron,Maharashtra,Pune,39.57,per kg,36.4,42.74,False,Derived (Formula from Metals.Dev API - MCX/LME-linked),Simulated historical trend (see SOURCES.md for base-value citations)
11-09-2026,Lead,Maharashtra,Pune,94.99,per kg,87.39,102.59,False,Derived (Formula from Metals.Dev API - MCX/LME-linked),Simulated historical trend (see SOURCES.md for base-value citations)
11-09-2026,PCB,Maharashtra,Pune,121.0,per kg,111.32,130.68,False,Derived (Composition Model - Copper-driven),Simulated historical trend (see SOURCES.md for base-value citations)
11-09-2026,Cable,Maharashtra,Pune,260.64,per kg,239.79,281.49,False,Derived (Composition Model - Copper-driven),Simulated historical trend (see SOURCES.md for base-value citations)
11-09-2026,Motor,Maharashtra,Pune,47.5,per kg,43.7,51.3,False,Derived (Composition Model - Copper-driven),Simulated historical trend (see SOURCES.md for base-value citations)
11-09-2026,Battery,Maharashtra,Pune,39.23,per kg,36.09,42.37,False,Derived (Composition Model - Lead-driven),Simulated historical trend (see SOURCES.md for base-value citations)
11-09-2026,CRT,Maharashtra,Pune,0.0,per kg,0.0,0.0,True,"Derived (Composition Model - Lead-driven, hazard-adjusted)",Simulated historical trend (see SOURCES.md for base-value citations)
11-09-2026,LCD,Maharashtra,Pune,18.71,per kg,17.21,20.21,False,Derived (Composition Model - Aluminium-driven),Simulated historical trend (see SOURCES.md for base-value citations)
10-09-2026,Copper,Punjab,Ludhiana,638.57,per kg,587.48,689.66,False,Derived (Formula from Metals.Dev API - MCX/LME-linked),Simulated historical trend (see SOURCES.md for base-value citations)
10-09-2026,Aluminium,Punjab,Ludhiana,161.75,per kg,148.81,174.69,False,Derived (Formula from Metals.Dev API - MCX/LME-linked),Simulated historical trend (see SOURCES.md for base-value citations)
10-09-2026,Iron,Punjab,Ludhiana,33.92,per kg,31.21,36.63,False,Derived (Formula from Metals.Dev API - MCX/LME-linked),Simulated historical trend (see SOURCES.md for base-value citations)
10-09-2026,Lead,Punjab,Ludhiana,95.57,per kg,87.92,103.22,False,Derived (Formula from Metals.Dev API - MCX/LME-linked),Simulated historical trend (see SOURCES.md for base-value citations)
10-09-2026,PCB,Punjab,Ludhiana,99.05,per kg,91.13,106.97,False,Derived (Composition Model - Copper-driven),Simulated historical trend (see SOURCES.md for base-value citations)
10-09-2026,Cable,Punjab,Ludhiana,236.95,per kg,217.99,255.91,False,Derived (Composition Model - Copper-driven),Simulated historical trend (see SOURCES.md for base-value citations)
10-09-2026,Motor,Punjab,Ludhiana,45.68,per kg,42.03,49.33,False,Derived (Composition Model - Copper-driven),Simulated historical trend (see SOURCES.md for base-value citations)
10-09-2026,Battery,Punjab,Ludhiana,43.92,per kg,40.41,47.43,False,Derived (Composition Model - Lead-driven),Simulated historical trend (see SOURCES.md for base-value citations)
10-09-2026,CRT,Punjab,Ludhiana,0.0,per kg,0.0,0.0,True,"Derived (Composition Model - Lead-driven, hazard-adjusted)",Simulated historical trend (see SOURCES.md for base-value citations)
10-09-2026,LCD,Punjab,Ludhiana,20.19,per kg,18.57,21.81,False,Derived (Composition Model - Aluminium-driven),Simulated historical trend (see SOURCES.md for base-value citations)
10-09-2026,Copper,Punjab,Amritsar,685.85,per kg,630.98,740.72,False,Derived (Formula from Metals.Dev API - MCX/LME-linked),Simulated historical trend (see SOURCES.md for base-value citations)
10-09-2026,Aluminium,Punjab,Amritsar,150.09,per kg,138.08,162.1,False,Derived (Formula from Metals.Dev API - MCX/LME-linked),Simulated historical trend (see SOURCES.md for base-value citations)
10-09-2026,Iron,Punjab,Amritsar,39.08,per kg,35.95,42.21,False,Derived (Formula from Metals.Dev API - MCX/LME-linked),Simulated historical trend (see SOURCES.md for base-value citations)
10-09-2026,Lead,Punjab,Amritsar,103.76,per kg,95.46,112.06,False,Derived (Formula from Metals.Dev API - MCX/LME-linked),Simulated historical trend (see SOURCES.md for base-value citations)
10-09-2026,PCB,Punjab,Amritsar,120.3,per kg,110.68,129.92,False,Derived (Composition Model - Copper-driven),Simulated historical trend (see SOURCES.md for base-value citations)
10-09-2026,Cable,Punjab,Amritsar,235.82,per kg,216.95,254.69,False,Derived (Composition Model - Copper-driven),Simulated historical trend (see SOURCES.md for base-value citations)
10-09-2026,Motor,Punjab,Amritsar,45.21,per kg,41.59,48.83,False,Derived (Composition Model - Copper-driven),Simulated historical trend (see SOURCES.md for base-value citations)
10-09-2026,Battery,Punjab,Amritsar,47.28,per kg,43.5,51.06,False,Derived (Composition Model - Lead-driven),Simulated historical trend (see SOURCES.md for base-value citations)
10-09-2026,CRT,Punjab,Amritsar,0.0,per kg,0.0,0.0,True,"Derived (Composition Model - Lead-driven, hazard-adjusted)",Simulated historical trend (see SOURCES.md for base-value citations)
10-09-2026,LCD,Punjab,Amritsar,18.69,per kg,17.19,20.19,False,Derived (Composition Model - Aluminium-driven),Simulated historical trend (see SOURCES.md for base-value citations)
10-09-2026,Copper,Punjab,Jalandhar,649.77,per kg,597.79,701.75,False,Derived (Formula from Metals.Dev API - MCX/LME-linked),Simulated historical trend (see SOURCES.md for base-value citations)
10-09-2026,Aluminium,Punjab,Jalandhar,142.75,per kg,131.33,154.17,False,Derived (Formula from Metals.Dev API - MCX/LME-linked),Simulated historical trend (see SOURCES.md for base-value citations)
10-09-2026,Iron,Punjab,Jalandhar,31.46,per kg,28.94,33.98,False,Derived (Formula from Metals.Dev API - MCX/LME-linked),Simulated historical trend (see SOURCES.md for base-value citations)
10-09-2026,Lead,Punjab,Jalandhar,88.08,per kg,81.03,95.13,False,Derived (Formula from Metals.Dev API - MCX/LME-linked),Simulated historical trend (see SOURCES.md for base-value citations)
10-09-2026,PCB,Punjab,Jalandhar,99.29,per kg,91.35,107.23,False,Derived (Composition Model - Copper-driven),Simulated historical trend (see SOURCES.md for base-value citations)
10-09-2026,Cable,Punjab,Jalandhar,226.5,per kg,208.38,244.62,False,Derived (Composition Model - Copper-driven),Simulated historical trend (see SOURCES.md for base-value citations)
10-09-2026,Motor,Punjab,Jalandhar,44.78,per kg,41.2,48.36,False,Derived (Composition Model - Copper-driven),Simulated historical trend (see SOURCES.md for base-value citations)
10-09-2026,Battery,Punjab,Jalandhar,43.48,per kg,40.0,46.96,False,Derived (Composition Model - Lead-driven),Simulated historical trend (see SOURCES.md for base-value citations)
10-09-2026,CRT,Punjab,Jalandhar,0.0,per kg,0.0,0.0,True,"Derived (Composition Model - Lead-driven, hazard-adjusted)",Simulated historical trend (see SOURCES.md for base-value citations)
10-09-2026,LCD,Punjab,Jalandhar,20.08,per kg,18.47,21.69,False,Derived (Composition Model - Aluminium-driven),Simulated historical trend (see SOURCES.md for base-value citations)
10-09-2026,Copper,Maharashtra,Mumbai,715.03,per kg,657.83,772.23,False,Derived (Formula from Metals.Dev API - MCX/LME-linked),Simulated historical trend (see SOURCES.md for base-value citations)
10-09-2026,Aluminium,Maharashtra,Mumbai,142.93,per kg,131.5,154.36,False,Derived (Formula from Metals.Dev API - MCX/LME-linked),Simulated historical trend (see SOURCES.md for base-value citations)
10-09-2026,Iron,Maharashtra,Mumbai,39.31,per kg,36.17,42.45,False,Derived (Formula from Metals.Dev API - MCX/LME-linked),Simulated historical trend (see SOURCES.md for base-value citations)
10-09-2026,Lead,Maharashtra,Mumbai,106.59,per kg,98.06,115.12,False,Derived (Formula from Metals.Dev API - MCX/LME-linked),Simulated historical trend (see SOURCES.md for base-value citations)
10-09-2026,PCB,Maharashtra,Mumbai,120.63,per kg,110.98,130.28,False,Derived (Composition Model - Copper-driven),Simulated historical trend (see SOURCES.md for base-value citations)
10-09-2026,Cable,Maharashtra,Mumbai,237.53,per kg,218.53,256.53,False,Derived (Composition Model - Copper-driven),Simulated historical trend (see SOURCES.md for base-value citations)
10-09-2026,Motor,Maharashtra,Mumbai,51.01,per kg,46.93,55.09,False,Derived (Composition Model - Copper-driven),Simulated historical trend (see SOURCES.md for base-value citations)
10-09-2026,Battery,Maharashtra,Mumbai,43.78,per kg,40.28,47.28,False,Derived (Composition Model - Lead-driven),Simulated historical trend (see SOURCES.md for base-value citations)
10-09-2026,CRT,Maharashtra,Mumbai,0.0,per kg,0.0,0.0,True,"Derived (Composition Model - Lead-driven, hazard-adjusted)",Simulated historical trend (see SOURCES.md for base-value citations)
10-09-2026,LCD,Maharashtra,Mumbai,20.98,per kg,19.3,22.66,False,Derived (Composition Model - Aluminium-driven),Simulated historical trend (see SOURCES.md for base-value citations)
10-09-2026,Copper,Maharashtra,Pune,646.6,per kg,594.87,698.33,False,Derived (Formula from Metals.Dev API - MCX/LME-linked),Simulated historical trend (see SOURCES.md for base-value citations)
10-09-2026,Aluminium,Maharashtra,Pune,147.33,per kg,135.54,159.12,False,Derived (Formula from Metals.Dev API - MCX/LME-linked),Simulated historical trend (see SOURCES.md for base-value citations)
10-09-2026,Iron,Maharashtra,Pune,33.87,per kg,31.16,36.58,False,Derived (Formula from Metals.Dev API - MCX/LME-linked),Simulated historical trend (see SOURCES.md for base-value citations)
10-09-2026,Lead,Maharashtra,Pune,96.25,per kg,88.55,103.95,False,Derived (Formula from Metals.Dev API - MCX/LME-linked),Simulated historical trend (see SOURCES.md for base-value citations)
10-09-2026,PCB,Maharashtra,Pune,105.47,per kg,97.03,113.91,False,Derived (Composition Model - Copper-driven),Simulated historical trend (see SOURCES.md for base-value citations)
10-09-2026,Cable,Maharashtra,Pune,233.75,per kg,215.05,252.45,False,Derived (Composition Model - Copper-driven),Simulated historical trend (see SOURCES.md for base-value citations)
10-09-2026,Motor,Maharashtra,Pune,45.25,per kg,41.63,48.87,False,Derived (Composition Model - Copper-driven),Simulated historical trend (see SOURCES.md for base-value citations)
10-09-2026,Battery,Maharashtra,Pune,40.45,per kg,37.21,43.69,False,Derived (Composition Model - Lead-driven),Simulated historical trend (see SOURCES.md for base-value citations)
10-09-2026,CRT,Maharashtra,Pune,0.0,per kg,0.0,0.0,True,"Derived (Composition Model - Lead-driven, hazard-adjusted)",Simulated historical trend (see SOURCES.md for base-value citations)
10-09-2026,LCD,Maharashtra,Pune,20.84,per kg,19.17,22.51,False,Derived (Composition Model - Aluminium-driven),Simulated historical trend (see SOURCES.md for base-value citations)
09-09-2026,Copper,Punjab,Ludhiana,639.89,per kg,588.7,691.08,False,Derived (Formula from Metals.Dev API - MCX/LME-linked),Simulated historical trend (see SOURCES.md for base-value citations)
09-09-2026,Aluminium,Punjab,Ludhiana,150.89,per kg,138.82,162.96,False,Derived (Formula from Metals.Dev API - MCX/LME-linked),Simulated historical trend (see SOURCES.md for base-value citations)
09-09-2026,Iron,Punjab,Ludhiana,33.7,per kg,31.0,36.4,False,Derived (Formula from Metals.Dev API - MCX/LME-linked),Simulated historical trend (see SOURCES.md for base-value citations)
09-09-2026,Lead,Punjab,Ludhiana,107.31,per kg,98.73,115.89,False,Derived (Formula from Metals.Dev API - MCX/LME-linked),Simulated historical trend (see SOURCES.md for base-value citations)
09-09-2026,PCB,Punjab,Ludhiana,108.19,per kg,99.53,116.85,False,Derived (Composition Model - Copper-driven),Simulated historical trend (see SOURCES.md for base-value citations)
09-09-2026,Cable,Punjab,Ludhiana,231.75,per kg,213.21,250.29,False,Derived (Composition Model - Copper-driven),Simulated historical trend (see SOURCES.md for base-value citations)
09-09-2026,Motor,Punjab,Ludhiana,42.96,per kg,39.52,46.4,False,Derived (Composition Model - Copper-driven),Simulated historical trend (see SOURCES.md for base-value citations)
09-09-2026,Battery,Punjab,Ludhiana,41.97,per kg,38.61,45.33,False,Derived (Composition Model - Lead-driven),Simulated historical trend (see SOURCES.md for base-value citations)
09-09-2026,CRT,Punjab,Ludhiana,0.0,per kg,0.0,0.0,True,"Derived (Composition Model - Lead-driven, hazard-adjusted)",Simulated historical trend (see SOURCES.md for base-value citations)
09-09-2026,LCD,Punjab,Ludhiana,19.42,per kg,17.87,20.97,False,Derived (Composition Model - Aluminium-driven),Simulated historical trend (see SOURCES.md for base-value citations)
09-09-2026,Copper,Punjab,Amritsar,614.45,per kg,565.29,663.61,False,Derived (Formula from Metals.Dev API - MCX/LME-linked),Simulated historical trend (see SOURCES.md for base-value citations)
09-09-2026,Aluminium,Punjab,Amritsar,148.14,per kg,136.29,159.99,False,Derived (Formula from Metals.Dev API - MCX/LME-linked),Simulated historical trend (see SOURCES.md for base-value citations)
09-09-2026,Iron,Punjab,Amritsar,34.25,per kg,31.51,36.99,False,Derived (Formula from Metals.Dev API - MCX/LME-linked),Simulated historical trend (see SOURCES.md for base-value citations)
09-09-2026,Lead,Punjab,Amritsar,96.55,per kg,88.83,104.27,False,Derived (Formula from Metals.Dev API - MCX/LME-linked),Simulated historical trend (see SOURCES.md for base-value citations)
09-09-2026,PCB,Punjab,Amritsar,104.87,per kg,96.48,113.26,False,Derived (Composition Model - Copper-driven),Simulated historical trend (see SOURCES.md for base-value citations)
09-09-2026,Cable,Punjab,Amritsar,264.1,per kg,242.97,285.23,False,Derived (Composition Model - Copper-driven),Simulated historical trend (see SOURCES.md for base-value citations)
09-09-2026,Motor,Punjab,Amritsar,49.34,per kg,45.39,53.29,False,Derived (Composition Model - Copper-driven),Simulated historical trend (see SOURCES.md for base-value citations)
09-09-2026,Battery,Punjab,Amritsar,42.82,per kg,39.39,46.25,False,Derived (Composition Model - Lead-driven),Simulated historical trend (see SOURCES.md for base-value citations)
09-09-2026,CRT,Punjab,Amritsar,0.0,per kg,0.0,0.0,True,"Derived (Composition Model - Lead-driven, hazard-adjusted)",Simulated historical trend (see SOURCES.md for base-value citations)
09-09-2026,LCD,Punjab,Amritsar,22.49,per kg,20.69,24.29,False,Derived (Composition Model - Aluminium-driven),Simulated historical trend (see SOURCES.md for base-value citations)
09-09-2026,Copper,Punjab,Jalandhar,560.38,per kg,515.55,605.21,False,Derived (Formula from Metals.Dev API - MCX/LME-linked),Simulated historical trend (see SOURCES.md for base-value citations)
09-09-2026,Aluminium,Punjab,Jalandhar,146.64,per kg,134.91,158.37,False,Derived (Formula from Metals.Dev API - MCX/LME-linked),Simulated historical trend (see SOURCES.md for base-value citations)
09-09-2026,Iron,Punjab,Jalandhar,35.94,per kg,33.06,38.82,False,Derived (Formula from Metals.Dev API - MCX/LME-linked),Simulated historical trend (see SOURCES.md for base-value citations)
09-09-2026,Lead,Punjab,Jalandhar,97.58,per kg,89.77,105.39,False,Derived (Formula from Metals.Dev API - MCX/LME-linked),Simulated historical trend (see SOURCES.md for base-value citations)
09-09-2026,PCB,Punjab,Jalandhar,105.24,per kg,96.82,113.66,False,Derived (Composition Model - Copper-driven),Simulated historical trend (see SOURCES.md for base-value citations)
09-09-2026,Cable,Punjab,Jalandhar,240.99,per kg,221.71,260.27,False,Derived (Composition Model - Copper-driven),Simulated historical trend (see SOURCES.md for base-value citations)
09-09-2026,Motor,Punjab,Jalandhar,42.07,per kg,38.7,45.44,False,Derived (Composition Model - Copper-driven),Simulated historical trend (see SOURCES.md for base-value citations)
09-09-2026,Battery,Punjab,Jalandhar,41.29,per kg,37.99,44.59,False,Derived (Composition Model - Lead-driven),Simulated historical trend (see SOURCES.md for base-value citations)
09-09-2026,CRT,Punjab,Jalandhar,0.0,per kg,0.0,0.0,True,"Derived (Composition Model - Lead-driven, hazard-adjusted)",Simulated historical trend (see SOURCES.md for base-value citations)
09-09-2026,LCD,Punjab,Jalandhar,18.02,per kg,16.58,19.46,False,Derived (Composition Model - Aluminium-driven),Simulated historical trend (see SOURCES.md for base-value citations)
09-09-2026,Copper,Maharashtra,Mumbai,627.61,per kg,577.4,677.82,False,Derived (Formula from Metals.Dev API - MCX/LME-linked),Simulated historical trend (see SOURCES.md for base-value citations)
09-09-2026,Aluminium,Maharashtra,Mumbai,145.76,per kg,134.1,157.42,False,Derived (Formula from Metals.Dev API - MCX/LME-linked),Simulated historical trend (see SOURCES.md for base-value citations)
09-09-2026,Iron,Maharashtra,Mumbai,38.85,per kg,35.74,41.96,False,Derived (Formula from Metals.Dev API - MCX/LME-linked),Simulated historical trend (see SOURCES.md for base-value citations)
09-09-2026,Lead,Maharashtra,Mumbai,95.65,per kg,88.0,103.3,False,Derived (Formula from Metals.Dev API - MCX/LME-linked),Simulated historical trend (see SOURCES.md for base-value citations)
09-09-2026,PCB,Maharashtra,Mumbai,115.92,per kg,106.65,125.19,False,Derived (Composition Model - Copper-driven),Simulated historical trend (see SOURCES.md for base-value citations)
09-09-2026,Cable,Maharashtra,Mumbai,248.34,per kg,228.47,268.21,False,Derived (Composition Model - Copper-driven),Simulated historical trend (see SOURCES.md for base-value citations)
09-09-2026,Motor,Maharashtra,Mumbai,45.07,per kg,41.46,48.68,False,Derived (Composition Model - Copper-driven),Simulated historical trend (see SOURCES.md for base-value citations)
09-09-2026,Battery,Maharashtra,Mumbai,46.48,per kg,42.76,50.2,False,Derived (Composition Model - Lead-driven),Simulated historical trend (see SOURCES.md for base-value citations)
09-09-2026,CRT,Maharashtra,Mumbai,0.0,per kg,0.0,0.0,True,"Derived (Composition Model - Lead-driven, hazard-adjusted)",Simulated historical trend (see SOURCES.md for base-value citations)
09-09-2026,LCD,Maharashtra,Mumbai,23.33,per kg,21.46,25.2,False,Derived (Composition Model - Aluminium-driven),Simulated historical trend (see SOURCES.md for base-value citations)
09-09-2026,Copper,Maharashtra,Pune,591.7,per kg,544.36,639.04,False,Derived (Formula from Metals.Dev API - MCX/LME-linked),Simulated historical trend (see SOURCES.md for base-value citations)
09-09-2026,Aluminium,Maharashtra,Pune,147.32,per kg,135.53,159.11,False,Derived (Formula from Metals.Dev API - MCX/LME-linked),Simulated historical trend (see SOURCES.md for base-value citations)
09-09-2026,Iron,Maharashtra,Pune,37.25,per kg,34.27,40.23,False,Derived (Formula from Metals.Dev API - MCX/LME-linked),Simulated historical trend (see SOURCES.md for base-value citations)
09-09-2026,Lead,Maharashtra,Pune,109.51,per kg,100.75,118.27,False,Derived (Formula from Metals.Dev API - MCX/LME-linked),Simulated historical trend (see SOURCES.md for base-value citations)
09-09-2026,PCB,Maharashtra,Pune,112.48,per kg,103.48,121.48,False,Derived (Composition Model - Copper-driven),Simulated historical trend (see SOURCES.md for base-value citations)
09-09-2026,Cable,Maharashtra,Pune,237.23,per kg,218.25,256.21,False,Derived (Composition Model - Copper-driven),Simulated historical trend (see SOURCES.md for base-value citations)
09-09-2026,Motor,Maharashtra,Pune,53.06,per kg,48.82,57.3,False,Derived (Composition Model - Copper-driven),Simulated historical trend (see SOURCES.md for base-value citations)
09-09-2026,Battery,Maharashtra,Pune,42.89,per kg,39.46,46.32,False,Derived (Composition Model - Lead-driven),Simulated historical trend (see SOURCES.md for base-value citations)
09-09-2026,CRT,Maharashtra,Pune,0.0,per kg,0.0,0.0,True,"Derived (Composition Model - Lead-driven, hazard-adjusted)",Simulated historical trend (see SOURCES.md for base-value citations)
09-09-2026,LCD,Maharashtra,Pune,21.9,per kg,20.15,23.65,False,Derived (Composition Model - Aluminium-driven),Simulated historical trend (see SOURCES.md for base-value citations)
08-09-2026,Copper,Punjab,Ludhiana,673.94,per kg,620.02,727.86,False,Derived (Formula from Metals.Dev API - MCX/LME-linked),Simulated historical trend (see SOURCES.md for base-value citations)
08-09-2026,Aluminium,Punjab,Ludhiana,155.63,per kg,143.18,168.08,False,Derived (Formula from Metals.Dev API - MCX/LME-linked),Simulated historical trend (see SOURCES.md for base-value citations)
08-09-2026,Iron,Punjab,Ludhiana,33.19,per kg,30.53,35.85,False,Derived (Formula from Metals.Dev API - MCX/LME-linked),Simulated historical trend (see SOURCES.md for base-value citations)
08-09-2026,Lead,Punjab,Ludhiana,106.64,per kg,98.11,115.17,False,Derived (Formula from Metals.Dev API - MCX/LME-linked),Simulated historical trend (see SOURCES.md for base-value citations)
08-09-2026,PCB,Punjab,Ludhiana,106.52,per kg,98.0,115.04,False,Derived (Composition Model - Copper-driven),Simulated historical trend (see SOURCES.md for base-value citations)
08-09-2026,Cable,Punjab,Ludhiana,264.36,per kg,243.21,285.51,False,Derived (Composition Model - Copper-driven),Simulated historical trend (see SOURCES.md for base-value citations)
08-09-2026,Motor,Punjab,Ludhiana,47.47,per kg,43.67,51.27,False,Derived (Composition Model - Copper-driven),Simulated historical trend (see SOURCES.md for base-value citations)
08-09-2026,Battery,Punjab,Ludhiana,39.61,per kg,36.44,42.78,False,Derived (Composition Model - Lead-driven),Simulated historical trend (see SOURCES.md for base-value citations)
08-09-2026,CRT,Punjab,Ludhiana,0.0,per kg,0.0,0.0,True,"Derived (Composition Model - Lead-driven, hazard-adjusted)",Simulated historical trend (see SOURCES.md for base-value citations)
08-09-2026,LCD,Punjab,Ludhiana,18.55,per kg,17.07,20.03,False,Derived (Composition Model - Aluminium-driven),Simulated historical trend (see SOURCES.md for base-value citations)
08-09-2026,Copper,Punjab,Amritsar,661.64,per kg,608.71,714.57,False,Derived (Formula from Metals.Dev API - MCX/LME-linked),Simulated historical trend (see SOURCES.md for base-value citations)
08-09-2026,Aluminium,Punjab,Amritsar,138.97,per kg,127.85,150.09,False,Derived (Formula from Metals.Dev API - MCX/LME-linked),Simulated historical trend (see SOURCES.md for base-value citations)
08-09-2026,Iron,Punjab,Amritsar,36.93,per kg,33.98,39.88,False,Derived (Formula from Metals.Dev API - MCX/LME-linked),Simulated historical trend (see SOURCES.md for base-value citations)
08-09-2026,Lead,Punjab,Amritsar,111.03,per kg,102.15,119.91,False,Derived (Formula from Metals.Dev API - MCX/LME-linked),Simulated historical trend (see SOURCES.md for base-value citations)
08-09-2026,PCB,Punjab,Amritsar,109.31,per kg,100.57,118.05,False,Derived (Composition Model - Copper-driven),Simulated historical trend (see SOURCES.md for base-value citations)
08-09-2026,Cable,Punjab,Amritsar,253.72,per kg,233.42,274.02,False,Derived (Composition Model - Copper-driven),Simulated historical trend (see SOURCES.md for base-value citations)
08-09-2026,Motor,Punjab,Amritsar,44.4,per kg,40.85,47.95,False,Derived (Composition Model - Copper-driven),Simulated historical trend (see SOURCES.md for base-value citations)
08-09-2026,Battery,Punjab,Amritsar,42.6,per kg,39.19,46.01,False,Derived (Composition Model - Lead-driven),Simulated historical trend (see SOURCES.md for base-value citations)
08-09-2026,CRT,Punjab,Amritsar,0.0,per kg,0.0,0.0,True,"Derived (Composition Model - Lead-driven, hazard-adjusted)",Simulated historical trend (see SOURCES.md for base-value citations)
08-09-2026,LCD,Punjab,Amritsar,19.8,per kg,18.22,21.38,False,Derived (Composition Model - Aluminium-driven),Simulated historical trend (see SOURCES.md for base-value citations)
08-09-2026,Copper,Punjab,Jalandhar,585.28,per kg,538.46,632.1,False,Derived (Formula from Metals.Dev API - MCX/LME-linked),Simulated historical trend (see SOURCES.md for base-value citations)
08-09-2026,Aluminium,Punjab,Jalandhar,129.61,per kg,119.24,139.98,False,Derived (Formula from Metals.Dev API - MCX/LME-linked),Simulated historical trend (see SOURCES.md for base-value citations)
08-09-2026,Iron,Punjab,Jalandhar,31.63,per kg,29.1,34.16,False,Derived (Formula from Metals.Dev API - MCX/LME-linked),Simulated historical trend (see SOURCES.md for base-value citations)
08-09-2026,Lead,Punjab,Jalandhar,88.37,per kg,81.3,95.44,False,Derived (Formula from Metals.Dev API - MCX/LME-linked),Simulated historical trend (see SOURCES.md for base-value citations)
08-09-2026,PCB,Punjab,Jalandhar,105.79,per kg,97.33,114.25,False,Derived (Composition Model - Copper-driven),Simulated historical trend (see SOURCES.md for base-value citations)
08-09-2026,Cable,Punjab,Jalandhar,216.73,per kg,199.39,234.07,False,Derived (Composition Model - Copper-driven),Simulated historical trend (see SOURCES.md for base-value citations)
08-09-2026,Motor,Punjab,Jalandhar,45.66,per kg,42.01,49.31,False,Derived (Composition Model - Copper-driven),Simulated historical trend (see SOURCES.md for base-value citations)
08-09-2026,Battery,Punjab,Jalandhar,43.2,per kg,39.74,46.66,False,Derived (Composition Model - Lead-driven),Simulated historical trend (see SOURCES.md for base-value citations)
08-09-2026,CRT,Punjab,Jalandhar,0.0,per kg,0.0,0.0,True,"Derived (Composition Model - Lead-driven, hazard-adjusted)",Simulated historical trend (see SOURCES.md for base-value citations)
08-09-2026,LCD,Punjab,Jalandhar,18.1,per kg,16.65,19.55,False,Derived (Composition Model - Aluminium-driven),Simulated historical trend (see SOURCES.md for base-value citations)
08-09-2026,Copper,Maharashtra,Mumbai,599.8,per kg,551.82,647.78,False,Derived (Formula from Metals.Dev API - MCX/LME-linked),Simulated historical trend (see SOURCES.md for base-value citations)
08-09-2026,Aluminium,Maharashtra,Mumbai,157.86,per kg,145.23,170.49,False,Derived (Formula from Metals.Dev API - MCX/LME-linked),Simulated historical trend (see SOURCES.md for base-value citations)
08-09-2026,Iron,Maharashtra,Mumbai,41.15,per kg,37.86,44.44,False,Derived (Formula from Metals.Dev API - MCX/LME-linked),Simulated historical trend (see SOURCES.md for base-value citations)
08-09-2026,Lead,Maharashtra,Mumbai,95.83,per kg,88.16,103.5,False,Derived (Formula from Metals.Dev API - MCX/LME-linked),Simulated historical trend (see SOURCES.md for base-value citations)
08-09-2026,PCB,Maharashtra,Mumbai,108.92,per kg,100.21,117.63,False,Derived (Composition Model - Copper-driven),Simulated historical trend (see SOURCES.md for base-value citations)
08-09-2026,Cable,Maharashtra,Mumbai,270.7,per kg,249.04,292.36,False,Derived (Composition Model - Copper-driven),Simulated historical trend (see SOURCES.md for base-value citations)
08-09-2026,Motor,Maharashtra,Mumbai,53.34,per kg,49.07,57.61,False,Derived (Composition Model - Copper-driven),Simulated historical trend (see SOURCES.md for base-value citations)
08-09-2026,Battery,Maharashtra,Mumbai,42.55,per kg,39.15,45.95,False,Derived (Composition Model - Lead-driven),Simulated historical trend (see SOURCES.md for base-value citations)
08-09-2026,CRT,Maharashtra,Mumbai,0.0,per kg,0.0,0.0,True,"Derived (Composition Model - Lead-driven, hazard-adjusted)",Simulated historical trend (see SOURCES.md for base-value citations)
08-09-2026,LCD,Maharashtra,Mumbai,21.59,per kg,19.86,23.32,False,Derived (Composition Model - Aluminium-driven),Simulated historical trend (see SOURCES.md for base-value citations)
08-09-2026,Copper,Maharashtra,Pune,595.87,per kg,548.2,643.54,False,Derived (Formula from Metals.Dev API - MCX/LME-linked),Simulated historical trend (see SOURCES.md for base-value citations)
08-09-2026,Aluminium,Maharashtra,Pune,164.15,per kg,151.02,177.28,False,Derived (Formula from Metals.Dev API - MCX/LME-linked),Simulated historical trend (see SOURCES.md for base-value citations)
08-09-2026,Iron,Maharashtra,Pune,33.69,per kg,30.99,36.39,False,Derived (Formula from Metals.Dev API - MCX/LME-linked),Simulated historical trend (see SOURCES.md for base-value citations)
08-09-2026,Lead,Maharashtra,Pune,95.52,per kg,87.88,103.16,False,Derived (Formula from Metals.Dev API - MCX/LME-linked),Simulated historical trend (see SOURCES.md for base-value citations)
08-09-2026,PCB,Maharashtra,Pune,119.68,per kg,110.11,129.25,False,Derived (Composition Model - Copper-driven),Simulated historical trend (see SOURCES.md for base-value citations)
08-09-2026,Cable,Maharashtra,Pune,234.97,per kg,216.17,253.77,False,Derived (Composition Model - Copper-driven),Simulated historical trend (see SOURCES.md for base-value citations)
08-09-2026,Motor,Maharashtra,Pune,48.21,per kg,44.35,52.07,False,Derived (Composition Model - Copper-driven),Simulated historical trend (see SOURCES.md for base-value citations)
08-09-2026,Battery,Maharashtra,Pune,39.94,per kg,36.74,43.14,False,Derived (Composition Model - Lead-driven),Simulated historical trend (see SOURCES.md for base-value citations)
08-09-2026,CRT,Maharashtra,Pune,0.0,per kg,0.0,0.0,True,"Derived (Composition Model - Lead-driven, hazard-adjusted)",Simulated historical trend (see SOURCES.md for base-value citations)
08-09-2026,LCD,Maharashtra,Pune,22.39,per kg,20.6,24.18,False,Derived (Composition Model - Aluminium-driven),Simulated historical trend (see SOURCES.md for base-value citations)
07-09-2026,Copper,Punjab,Ludhiana,629.62,per kg,579.25,679.99,False,Derived (Formula from Metals.Dev API - MCX/LME-linked),Simulated historical trend (see SOURCES.md for base-value citations)
07-09-2026,Aluminium,Punjab,Ludhiana,161.64,per kg,148.71,174.57,False,Derived (Formula from Metals.Dev API - MCX/LME-linked),Simulated historical trend (see SOURCES.md for base-value citations)
07-09-2026,Iron,Punjab,Ludhiana,37.33,per kg,34.34,40.32,False,Derived (Formula from Metals.Dev API - MCX/LME-linked),Simulated historical trend (see SOURCES.md for base-value citations)
07-09-2026,Lead,Punjab,Ludhiana,89.64,per kg,82.47,96.81,False,Derived (Formula from Metals.Dev API - MCX/LME-linked),Simulated historical trend (see SOURCES.md for base-value citations)
07-09-2026,PCB,Punjab,Ludhiana,100.79,per kg,92.73,108.85,False,Derived (Composition Model - Copper-driven),Simulated historical trend (see SOURCES.md for base-value citations)
07-09-2026,Cable,Punjab,Ludhiana,230.32,per kg,211.89,248.75,False,Derived (Composition Model - Copper-driven),Simulated historical trend (see SOURCES.md for base-value citations)
07-09-2026,Motor,Punjab,Ludhiana,44.11,per kg,40.58,47.64,False,Derived (Composition Model - Copper-driven),Simulated historical trend (see SOURCES.md for base-value citations)
07-09-2026,Battery,Punjab,Ludhiana,46.45,per kg,42.73,50.17,False,Derived (Composition Model - Lead-driven),Simulated historical trend (see SOURCES.md for base-value citations)
07-09-2026,CRT,Punjab,Ludhiana,0.0,per kg,0.0,0.0,True,"Derived (Composition Model - Lead-driven, hazard-adjusted)",Simulated historical trend (see SOURCES.md for base-value citations)
07-09-2026,LCD,Punjab,Ludhiana,19.9,per kg,18.31,21.49,False,Derived (Composition Model - Aluminium-driven),Simulated historical trend (see SOURCES.md for base-value citations)
07-09-2026,Copper,Punjab,Amritsar,669.73,per kg,616.15,723.31,False,Derived (Formula from Metals.Dev API - MCX/LME-linked),Simulated historical trend (see SOURCES.md for base-value citations)
07-09-2026,Aluminium,Punjab,Amritsar,137.45,per kg,126.45,148.45,False,Derived (Formula from Metals.Dev API - MCX/LME-linked),Simulated historical trend (see SOURCES.md for base-value citations)
07-09-2026,Iron,Punjab,Amritsar,37.59,per kg,34.58,40.6,False,Derived (Formula from Metals.Dev API - MCX/LME-linked),Simulated historical trend (see SOURCES.md for base-value citations)
07-09-2026,Lead,Punjab,Amritsar,99.33,per kg,91.38,107.28,False,Derived (Formula from Metals.Dev API - MCX/LME-linked),Simulated historical trend (see SOURCES.md for base-value citations)
07-09-2026,PCB,Punjab,Amritsar,112.59,per kg,103.58,121.6,False,Derived (Composition Model - Copper-driven),Simulated historical trend (see SOURCES.md for base-value citations)
07-09-2026,Cable,Punjab,Amritsar,251.68,per kg,231.55,271.81,False,Derived (Composition Model - Copper-driven),Simulated historical trend (see SOURCES.md for base-value citations)
07-09-2026,Motor,Punjab,Amritsar,45.42,per kg,41.79,49.05,False,Derived (Composition Model - Copper-driven),Simulated historical trend (see SOURCES.md for base-value citations)
07-09-2026,Battery,Punjab,Amritsar,46.82,per kg,43.07,50.57,False,Derived (Composition Model - Lead-driven),Simulated historical trend (see SOURCES.md for base-value citations)
07-09-2026,CRT,Punjab,Amritsar,0.0,per kg,0.0,0.0,True,"Derived (Composition Model - Lead-driven, hazard-adjusted)",Simulated historical trend (see SOURCES.md for base-value citations)
07-09-2026,LCD,Punjab,Amritsar,20.89,per kg,19.22,22.56,False,Derived (Composition Model - Aluminium-driven),Simulated historical trend (see SOURCES.md for base-value citations)
07-09-2026,Copper,Punjab,Jalandhar,576.82,per kg,530.67,622.97,False,Derived (Formula from Metals.Dev API - MCX/LME-linked),Simulated historical trend (see SOURCES.md for base-value citations)
07-09-2026,Aluminium,Punjab,Jalandhar,148.65,per kg,136.76,160.54,False,Derived (Formula from Metals.Dev API - MCX/LME-linked),Simulated historical trend (see SOURCES.md for base-value citations)
07-09-2026,Iron,Punjab,Jalandhar,36.04,per kg,33.16,38.92,False,Derived (Formula from Metals.Dev API - MCX/LME-linked),Simulated historical trend (see SOURCES.md for base-value citations)
07-09-2026,Lead,Punjab,Jalandhar,100.3,per kg,92.28,108.32,False,Derived (Formula from Metals.Dev API - MCX/LME-linked),Simulated historical trend (see SOURCES.md for base-value citations)
07-09-2026,PCB,Punjab,Jalandhar,99.78,per kg,91.8,107.76,False,Derived (Composition Model - Copper-driven),Simulated historical trend (see SOURCES.md for base-value citations)
07-09-2026,Cable,Punjab,Jalandhar,240.22,per kg,221.0,259.44,False,Derived (Composition Model - Copper-driven),Simulated historical trend (see SOURCES.md for base-value citations)
07-09-2026,Motor,Punjab,Jalandhar,49.95,per kg,45.95,53.95,False,Derived (Composition Model - Copper-driven),Simulated historical trend (see SOURCES.md for base-value citations)
07-09-2026,Battery,Punjab,Jalandhar,40.1,per kg,36.89,43.31,False,Derived (Composition Model - Lead-driven),Simulated historical trend (see SOURCES.md for base-value citations)
07-09-2026,CRT,Punjab,Jalandhar,0.0,per kg,0.0,0.0,True,"Derived (Composition Model - Lead-driven, hazard-adjusted)",Simulated historical trend (see SOURCES.md for base-value citations)
07-09-2026,LCD,Punjab,Jalandhar,20.25,per kg,18.63,21.87,False,Derived (Composition Model - Aluminium-driven),Simulated historical trend (see SOURCES.md for base-value citations)
07-09-2026,Copper,Maharashtra,Mumbai,698.24,per kg,642.38,754.1,False,Derived (Formula from Metals.Dev API - MCX/LME-linked),Simulated historical trend (see SOURCES.md for base-value citations)
07-09-2026,Aluminium,Maharashtra,Mumbai,149.41,per kg,137.46,161.36,False,Derived (Formula from Metals.Dev API - MCX/LME-linked),Simulated historical trend (see SOURCES.md for base-value citations)
07-09-2026,Iron,Maharashtra,Mumbai,34.79,per kg,32.01,37.57,False,Derived (Formula from Metals.Dev API - MCX/LME-linked),Simulated historical trend (see SOURCES.md for base-value citations)
07-09-2026,Lead,Maharashtra,Mumbai,105.2,per kg,96.78,113.62,False,Derived (Formula from Metals.Dev API - MCX/LME-linked),Simulated historical trend (see SOURCES.md for base-value citations)
07-09-2026,PCB,Maharashtra,Mumbai,124.88,per kg,114.89,134.87,False,Derived (Composition Model - Copper-driven),Simulated historical trend (see SOURCES.md for base-value citations)
07-09-2026,Cable,Maharashtra,Mumbai,264.09,per kg,242.96,285.22,False,Derived (Composition Model - Copper-driven),Simulated historical trend (see SOURCES.md for base-value citations)
07-09-2026,Motor,Maharashtra,Mumbai,52.0,per kg,47.84,56.16,False,Derived (Composition Model - Copper-driven),Simulated historical trend (see SOURCES.md for base-value citations)
07-09-2026,Battery,Maharashtra,Mumbai,42.51,per kg,39.11,45.91,False,Derived (Composition Model - Lead-driven),Simulated historical trend (see SOURCES.md for base-value citations)
07-09-2026,CRT,Maharashtra,Mumbai,0.0,per kg,0.0,0.0,True,"Derived (Composition Model - Lead-driven, hazard-adjusted)",Simulated historical trend (see SOURCES.md for base-value citations)
07-09-2026,LCD,Maharashtra,Mumbai,22.72,per kg,20.9,24.54,False,Derived (Composition Model - Aluminium-driven),Simulated historical trend (see SOURCES.md for base-value citations)
07-09-2026,Copper,Maharashtra,Pune,669.17,per kg,615.64,722.7,False,Derived (Formula from Metals.Dev API - MCX/LME-linked),Simulated historical trend (see SOURCES.md for base-value citations)
07-09-2026,Aluminium,Maharashtra,Pune,151.6,per kg,139.47,163.73,False,Derived (Formula from Metals.Dev API - MCX/LME-linked),Simulated historical trend (see SOURCES.md for base-value citations)
07-09-2026,Iron,Maharashtra,Pune,39.61,per kg,36.44,42.78,False,Derived (Formula from Metals.Dev API - MCX/LME-linked),Simulated historical trend (see SOURCES.md for base-value citations)
07-09-2026,Lead,Maharashtra,Pune,106.02,per kg,97.54,114.5,False,Derived (Formula from Metals.Dev API - MCX/LME-linked),Simulated historical trend (see SOURCES.md for base-value citations)
07-09-2026,PCB,Maharashtra,Pune,106.24,per kg,97.74,114.74,False,Derived (Composition Model - Copper-driven),Simulated historical trend (see SOURCES.md for base-value citations)
07-09-2026,Cable,Maharashtra,Pune,238.12,per kg,219.07,257.17,False,Derived (Composition Model - Copper-driven),Simulated historical trend (see SOURCES.md for base-value citations)
07-09-2026,Motor,Maharashtra,Pune,46.85,per kg,43.1,50.6,False,Derived (Composition Model - Copper-driven),Simulated historical trend (see SOURCES.md for base-value citations)
07-09-2026,Battery,Maharashtra,Pune,44.71,per kg,41.13,48.29,False,Derived (Composition Model - Lead-driven),Simulated historical trend (see SOURCES.md for base-value citations)
07-09-2026,CRT,Maharashtra,Pune,0.0,per kg,0.0,0.0,True,"Derived (Composition Model - Lead-driven, hazard-adjusted)",Simulated historical trend (see SOURCES.md for base-value citations)
07-09-2026,LCD,Maharashtra,Pune,20.09,per kg,18.48,21.7,False,Derived (Composition Model - Aluminium-driven),Simulated historical trend (see SOURCES.md for base-value citations)
06-09-2026,Copper,Punjab,Ludhiana,681.03,per kg,626.55,735.51,False,Derived (Formula from Metals.Dev API - MCX/LME-linked),Simulated historical trend (see SOURCES.md for base-value citations)
06-09-2026,Aluminium,Punjab,Ludhiana,150.95,per kg,138.87,163.03,False,Derived (Formula from Metals.Dev API - MCX/LME-linked),Simulated historical trend (see SOURCES.md for base-value citations)
06-09-2026,Iron,Punjab,Ludhiana,36.54,per kg,33.62,39.46,False,Derived (Formula from Metals.Dev API - MCX/LME-linked),Simulated historical trend (see SOURCES.md for base-value citations)
06-09-2026,Lead,Punjab,Ludhiana,90.31,per kg,83.09,97.53,False,Derived (Formula from Metals.Dev API - MCX/LME-linked),Simulated historical trend (see SOURCES.md for base-value citations)
06-09-2026,PCB,Punjab,Ludhiana,110.87,per kg,102.0,119.74,False,Derived (Composition Model - Copper-driven),Simulated historical trend (see SOURCES.md for base-value citations)
06-09-2026,Cable,Punjab,Ludhiana,239.23,per kg,220.09,258.37,False,Derived (Composition Model - Copper-driven),Simulated historical trend (see SOURCES.md for base-value citations)
06-09-2026,Motor,Punjab,Ludhiana,51.46,per kg,47.34,55.58,False,Derived (Composition Model - Copper-driven),Simulated historical trend (see SOURCES.md for base-value citations)
06-09-2026,Battery,Punjab,Ludhiana,45.81,per kg,42.15,49.47,False,Derived (Composition Model - Lead-driven),Simulated historical trend (see SOURCES.md for base-value citations)
06-09-2026,CRT,Punjab,Ludhiana,0.0,per kg,0.0,0.0,True,"Derived (Composition Model - Lead-driven, hazard-adjusted)",Simulated historical trend (see SOURCES.md for base-value citations)
06-09-2026,LCD,Punjab,Ludhiana,19.24,per kg,17.7,20.78,False,Derived (Composition Model - Aluminium-driven),Simulated historical trend (see SOURCES.md for base-value citations)
06-09-2026,Copper,Punjab,Amritsar,606.22,per kg,557.72,654.72,False,Derived (Formula from Metals.Dev API - MCX/LME-linked),Simulated historical trend (see SOURCES.md for base-value citations)
06-09-2026,Aluminium,Punjab,Amritsar,140.53,per kg,129.29,151.77,False,Derived (Formula from Metals.Dev API - MCX/LME-linked),Simulated historical trend (see SOURCES.md for base-value citations)
06-09-2026,Iron,Punjab,Amritsar,33.44,per kg,30.76,36.12,False,Derived (Formula from Metals.Dev API - MCX/LME-linked),Simulated historical trend (see SOURCES.md for base-value citations)
06-09-2026,Lead,Punjab,Amritsar,98.74,per kg,90.84,106.64,False,Derived (Formula from Metals.Dev API - MCX/LME-linked),Simulated historical trend (see SOURCES.md for base-value citations)
06-09-2026,PCB,Punjab,Amritsar,111.29,per kg,102.39,120.19,False,Derived (Composition Model - Copper-driven),Simulated historical trend (see SOURCES.md for base-value citations)
06-09-2026,Cable,Punjab,Amritsar,243.85,per kg,224.34,263.36,False,Derived (Composition Model - Copper-driven),Simulated historical trend (see SOURCES.md for base-value citations)
06-09-2026,Motor,Punjab,Amritsar,50.05,per kg,46.05,54.05,False,Derived (Composition Model - Copper-driven),Simulated historical trend (see SOURCES.md for base-value citations)
06-09-2026,Battery,Punjab,Amritsar,45.18,per kg,41.57,48.79,False,Derived (Composition Model - Lead-driven),Simulated historical trend (see SOURCES.md for base-value citations)
06-09-2026,CRT,Punjab,Amritsar,0.0,per kg,0.0,0.0,True,"Derived (Composition Model - Lead-driven, hazard-adjusted)",Simulated historical trend (see SOURCES.md for base-value citations)
06-09-2026,LCD,Punjab,Amritsar,20.38,per kg,18.75,22.01,False,Derived (Composition Model - Aluminium-driven),Simulated historical trend (see SOURCES.md for base-value citations)
06-09-2026,Copper,Punjab,Jalandhar,664.46,per kg,611.3,717.62,False,Derived (Formula from Metals.Dev API - MCX/LME-linked),Simulated historical trend (see SOURCES.md for base-value citations)
06-09-2026,Aluminium,Punjab,Jalandhar,146.73,per kg,134.99,158.47,False,Derived (Formula from Metals.Dev API - MCX/LME-linked),Simulated historical trend (see SOURCES.md for base-value citations)
06-09-2026,Iron,Punjab,Jalandhar,37.48,per kg,34.48,40.48,False,Derived (Formula from Metals.Dev API - MCX/LME-linked),Simulated historical trend (see SOURCES.md for base-value citations)
06-09-2026,Lead,Punjab,Jalandhar,97.16,per kg,89.39,104.93,False,Derived (Formula from Metals.Dev API - MCX/LME-linked),Simulated historical trend (see SOURCES.md for base-value citations)
06-09-2026,PCB,Punjab,Jalandhar,98.48,per kg,90.6,106.36,False,Derived (Composition Model - Copper-driven),Simulated historical trend (see SOURCES.md for base-value citations)
06-09-2026,Cable,Punjab,Jalandhar,221.5,per kg,203.78,239.22,False,Derived (Composition Model - Copper-driven),Simulated historical trend (see SOURCES.md for base-value citations)
06-09-2026,Motor,Punjab,Jalandhar,46.46,per kg,42.74,50.18,False,Derived (Composition Model - Copper-driven),Simulated historical trend (see SOURCES.md for base-value citations)
06-09-2026,Battery,Punjab,Jalandhar,36.79,per kg,33.85,39.73,False,Derived (Composition Model - Lead-driven),Simulated historical trend (see SOURCES.md for base-value citations)
06-09-2026,CRT,Punjab,Jalandhar,0.0,per kg,0.0,0.0,True,"Derived (Composition Model - Lead-driven, hazard-adjusted)",Simulated historical trend (see SOURCES.md for base-value citations)
06-09-2026,LCD,Punjab,Jalandhar,18.71,per kg,17.21,20.21,False,Derived (Composition Model - Aluminium-driven),Simulated historical trend (see SOURCES.md for base-value citations)
06-09-2026,Copper,Maharashtra,Mumbai,724.04,per kg,666.12,781.96,False,Derived (Formula from Metals.Dev API - MCX/LME-linked),Simulated historical trend (see SOURCES.md for base-value citations)
06-09-2026,Aluminium,Maharashtra,Mumbai,150.96,per kg,138.88,163.04,False,Derived (Formula from Metals.Dev API - MCX/LME-linked),Simulated historical trend (see SOURCES.md for base-value citations)
06-09-2026,Iron,Maharashtra,Mumbai,40.61,per kg,37.36,43.86,False,Derived (Formula from Metals.Dev API - MCX/LME-linked),Simulated historical trend (see SOURCES.md for base-value citations)
06-09-2026,Lead,Maharashtra,Mumbai,96.66,per kg,88.93,104.39,False,Derived (Formula from Metals.Dev API - MCX/LME-linked),Simulated historical trend (see SOURCES.md for base-value citations)
06-09-2026,PCB,Maharashtra,Mumbai,108.06,per kg,99.42,116.7,False,Derived (Composition Model - Copper-driven),Simulated historical trend (see SOURCES.md for base-value citations)
06-09-2026,Cable,Maharashtra,Mumbai,259.68,per kg,238.91,280.45,False,Derived (Composition Model - Copper-driven),Simulated historical trend (see SOURCES.md for base-value citations)
06-09-2026,Motor,Maharashtra,Mumbai,48.67,per kg,44.78,52.56,False,Derived (Composition Model - Copper-driven),Simulated historical trend (see SOURCES.md for base-value citations)
06-09-2026,Battery,Maharashtra,Mumbai,44.78,per kg,41.2,48.36,False,Derived (Composition Model - Lead-driven),Simulated historical trend (see SOURCES.md for base-value citations)
06-09-2026,CRT,Maharashtra,Mumbai,0.0,per kg,0.0,0.0,True,"Derived (Composition Model - Lead-driven, hazard-adjusted)",Simulated historical trend (see SOURCES.md for base-value citations)
06-09-2026,LCD,Maharashtra,Mumbai,22.03,per kg,20.27,23.79,False,Derived (Composition Model - Aluminium-driven),Simulated historical trend (see SOURCES.md for base-value citations)
06-09-2026,Copper,Maharashtra,Pune,622.33,per kg,572.54,672.12,False,Derived (Formula from Metals.Dev API - MCX/LME-linked),Simulated historical trend (see SOURCES.md for base-value citations)
06-09-2026,Aluminium,Maharashtra,Pune,156.18,per kg,143.69,168.67,False,Derived (Formula from Metals.Dev API - MCX/LME-linked),Simulated historical trend (see SOURCES.md for base-value citations)
06-09-2026,Iron,Maharashtra,Pune,34.66,per kg,31.89,37.43,False,Derived (Formula from Metals.Dev API - MCX/LME-linked),Simulated historical trend (see SOURCES.md for base-value citations)
06-09-2026,Lead,Maharashtra,Pune,108.95,per kg,100.23,117.67,False,Derived (Formula from Metals.Dev API - MCX/LME-linked),Simulated historical trend (see SOURCES.md for base-value citations)
06-09-2026,PCB,Maharashtra,Pune,107.16,per kg,98.59,115.73,False,Derived (Composition Model - Copper-driven),Simulated historical trend (see SOURCES.md for base-value citations)
06-09-2026,Cable,Maharashtra,Pune,274.69,per kg,252.71,296.67,False,Derived (Composition Model - Copper-driven),Simulated historical trend (see SOURCES.md for base-value citations)
06-09-2026,Motor,Maharashtra,Pune,44.99,per kg,41.39,48.59,False,Derived (Composition Model - Copper-driven),Simulated historical trend (see SOURCES.md for base-value citations)
06-09-2026,Battery,Maharashtra,Pune,47.12,per kg,43.35,50.89,False,Derived (Composition Model - Lead-driven),Simulated historical trend (see SOURCES.md for base-value citations)
06-09-2026,CRT,Maharashtra,Pune,0.0,per kg,0.0,0.0,True,"Derived (Composition Model - Lead-driven, hazard-adjusted)",Simulated historical trend (see SOURCES.md for base-value citations)
06-09-2026,LCD,Maharashtra,Pune,21.1,per kg,19.41,22.79,False,Derived (Composition Model - Aluminium-driven),Simulated historical trend (see SOURCES.md for base-value citations)
05-09-2026,Copper,Punjab,Ludhiana,674.18,per kg,620.25,728.11,False,Derived (Formula from Metals.Dev API - MCX/LME-linked),Simulated historical trend (see SOURCES.md for base-value citations)
05-09-2026,Aluminium,Punjab,Ludhiana,145.05,per kg,133.45,156.65,False,Derived (Formula from Metals.Dev API - MCX/LME-linked),Simulated historical trend (see SOURCES.md for base-value citations)
05-09-2026,Iron,Punjab,Ludhiana,32.35,per kg,29.76,34.94,False,Derived (Formula from Metals.Dev API - MCX/LME-linked),Simulated historical trend (see SOURCES.md for base-value citations)
05-09-2026,Lead,Punjab,Ludhiana,102.12,per kg,93.95,110.29,False,Derived (Formula from Metals.Dev API - MCX/LME-linked),Simulated historical trend (see SOURCES.md for base-value citations)
05-09-2026,PCB,Punjab,Ludhiana,114.55,per kg,105.39,123.71,False,Derived (Composition Model - Copper-driven),Simulated historical trend (see SOURCES.md for base-value citations)
05-09-2026,Cable,Punjab,Ludhiana,245.06,per kg,225.46,264.66,False,Derived (Composition Model - Copper-driven),Simulated historical trend (see SOURCES.md for base-value citations)
05-09-2026,Motor,Punjab,Ludhiana,43.78,per kg,40.28,47.28,False,Derived (Composition Model - Copper-driven),Simulated historical trend (see SOURCES.md for base-value citations)
05-09-2026,Battery,Punjab,Ludhiana,46.19,per kg,42.49,49.89,False,Derived (Composition Model - Lead-driven),Simulated historical trend (see SOURCES.md for base-value citations)
05-09-2026,CRT,Punjab,Ludhiana,0.0,per kg,0.0,0.0,True,"Derived (Composition Model - Lead-driven, hazard-adjusted)",Simulated historical trend (see SOURCES.md for base-value citations)
05-09-2026,LCD,Punjab,Ludhiana,22.24,per kg,20.46,24.02,False,Derived (Composition Model - Aluminium-driven),Simulated historical trend (see SOURCES.md for base-value citations)
05-09-2026,Copper,Punjab,Amritsar,697.28,per kg,641.5,753.06,False,Derived (Formula from Metals.Dev API - MCX/LME-linked),Simulated historical trend (see SOURCES.md for base-value citations)
05-09-2026,Aluminium,Punjab,Amritsar,163.56,per kg,150.48,176.64,False,Derived (Formula from Metals.Dev API - MCX/LME-linked),Simulated historical trend (see SOURCES.md for base-value citations)
05-09-2026,Iron,Punjab,Amritsar,39.05,per kg,35.93,42.17,False,Derived (Formula from Metals.Dev API - MCX/LME-linked),Simulated historical trend (see SOURCES.md for base-value citations)
05-09-2026,Lead,Punjab,Amritsar,108.88,per kg,100.17,117.59,False,Derived (Formula from Metals.Dev API - MCX/LME-linked),Simulated historical trend (see SOURCES.md for base-value citations)
05-09-2026,PCB,Punjab,Amritsar,104.14,per kg,95.81,112.47,False,Derived (Composition Model - Copper-driven),Simulated historical trend (see SOURCES.md for base-value citations)
05-09-2026,Cable,Punjab,Amritsar,252.21,per kg,232.03,272.39,False,Derived (Composition Model - Copper-driven),Simulated historical trend (see SOURCES.md for base-value citations)
05-09-2026,Motor,Punjab,Amritsar,50.12,per kg,46.11,54.13,False,Derived (Composition Model - Copper-driven),Simulated historical trend (see SOURCES.md for base-value citations)
05-09-2026,Battery,Punjab,Amritsar,43.1,per kg,39.65,46.55,False,Derived (Composition Model - Lead-driven),Simulated historical trend (see SOURCES.md for base-value citations)
05-09-2026,CRT,Punjab,Amritsar,0.0,per kg,0.0,0.0,True,"Derived (Composition Model - Lead-driven, hazard-adjusted)",Simulated historical trend (see SOURCES.md for base-value citations)
05-09-2026,LCD,Punjab,Amritsar,18.69,per kg,17.19,20.19,False,Derived (Composition Model - Aluminium-driven),Simulated historical trend (see SOURCES.md for base-value citations)
05-09-2026,Copper,Punjab,Jalandhar,588.44,per kg,541.36,635.52,False,Derived (Formula from Metals.Dev API - MCX/LME-linked),Simulated historical trend (see SOURCES.md for base-value citations)
05-09-2026,Aluminium,Punjab,Jalandhar,141.99,per kg,130.63,153.35,False,Derived (Formula from Metals.Dev API - MCX/LME-linked),Simulated historical trend (see SOURCES.md for base-value citations)
05-09-2026,Iron,Punjab,Jalandhar,32.97,per kg,30.33,35.61,False,Derived (Formula from Metals.Dev API - MCX/LME-linked),Simulated historical trend (see SOURCES.md for base-value citations)
05-09-2026,Lead,Punjab,Jalandhar,93.14,per kg,85.69,100.59,False,Derived (Formula from Metals.Dev API - MCX/LME-linked),Simulated historical trend (see SOURCES.md for base-value citations)
05-09-2026,PCB,Punjab,Jalandhar,98.89,per kg,90.98,106.8,False,Derived (Composition Model - Copper-driven),Simulated historical trend (see SOURCES.md for base-value citations)
05-09-2026,Cable,Punjab,Jalandhar,224.77,per kg,206.79,242.75,False,Derived (Composition Model - Copper-driven),Simulated historical trend (see SOURCES.md for base-value citations)
05-09-2026,Motor,Punjab,Jalandhar,46.71,per kg,42.97,50.45,False,Derived (Composition Model - Copper-driven),Simulated historical trend (see SOURCES.md for base-value citations)
05-09-2026,Battery,Punjab,Jalandhar,40.49,per kg,37.25,43.73,False,Derived (Composition Model - Lead-driven),Simulated historical trend (see SOURCES.md for base-value citations)
05-09-2026,CRT,Punjab,Jalandhar,0.0,per kg,0.0,0.0,True,"Derived (Composition Model - Lead-driven, hazard-adjusted)",Simulated historical trend (see SOURCES.md for base-value citations)
05-09-2026,LCD,Punjab,Jalandhar,20.26,per kg,18.64,21.88,False,Derived (Composition Model - Aluminium-driven),Simulated historical trend (see SOURCES.md for base-value citations)
05-09-2026,Copper,Maharashtra,Mumbai,708.7,per kg,652.0,765.4,False,Derived (Formula from Metals.Dev API - MCX/LME-linked),Simulated historical trend (see SOURCES.md for base-value citations)
05-09-2026,Aluminium,Maharashtra,Mumbai,147.81,per kg,135.99,159.63,False,Derived (Formula from Metals.Dev API - MCX/LME-linked),Simulated historical trend (see SOURCES.md for base-value citations)
05-09-2026,Iron,Maharashtra,Mumbai,36.87,per kg,33.92,39.82,False,Derived (Formula from Metals.Dev API - MCX/LME-linked),Simulated historical trend (see SOURCES.md for base-value citations)
05-09-2026,Lead,Maharashtra,Mumbai,103.43,per kg,95.16,111.7,False,Derived (Formula from Metals.Dev API - MCX/LME-linked),Simulated historical trend (see SOURCES.md for base-value citations)
05-09-2026,PCB,Maharashtra,Mumbai,115.87,per kg,106.6,125.14,False,Derived (Composition Model - Copper-driven),Simulated historical trend (see SOURCES.md for base-value citations)
05-09-2026,Cable,Maharashtra,Mumbai,259.14,per kg,238.41,279.87,False,Derived (Composition Model - Copper-driven),Simulated historical trend (see SOURCES.md for base-value citations)
05-09-2026,Motor,Maharashtra,Mumbai,53.33,per kg,49.06,57.6,False,Derived (Composition Model - Copper-driven),Simulated historical trend (see SOURCES.md for base-value citations)
05-09-2026,Battery,Maharashtra,Mumbai,43.2,per kg,39.74,46.66,False,Derived (Composition Model - Lead-driven),Simulated historical trend (see SOURCES.md for base-value citations)
05-09-2026,CRT,Maharashtra,Mumbai,0.0,per kg,0.0,0.0,True,"Derived (Composition Model - Lead-driven, hazard-adjusted)",Simulated historical trend (see SOURCES.md for base-value citations)
05-09-2026,LCD,Maharashtra,Mumbai,21.99,per kg,20.23,23.75,False,Derived (Composition Model - Aluminium-driven),Simulated historical trend (see SOURCES.md for base-value citations)
05-09-2026,Copper,Maharashtra,Pune,620.81,per kg,571.15,670.47,False,Derived (Formula from Metals.Dev API - MCX/LME-linked),Simulated historical trend (see SOURCES.md for base-value citations)
05-09-2026,Aluminium,Maharashtra,Pune,149.87,per kg,137.88,161.86,False,Derived (Formula from Metals.Dev API - MCX/LME-linked),Simulated historical trend (see SOURCES.md for base-value citations)
05-09-2026,Iron,Maharashtra,Pune,36.18,per kg,33.29,39.07,False,Derived (Formula from Metals.Dev API - MCX/LME-linked),Simulated historical trend (see SOURCES.md for base-value citations)
05-09-2026,Lead,Maharashtra,Pune,108.37,per kg,99.7,117.04,False,Derived (Formula from Metals.Dev API - MCX/LME-linked),Simulated historical trend (see SOURCES.md for base-value citations)
05-09-2026,PCB,Maharashtra,Pune,110.83,per kg,101.96,119.7,False,Derived (Composition Model - Copper-driven),Simulated historical trend (see SOURCES.md for base-value citations)
05-09-2026,Cable,Maharashtra,Pune,247.97,per kg,228.13,267.81,False,Derived (Composition Model - Copper-driven),Simulated historical trend (see SOURCES.md for base-value citations)
05-09-2026,Motor,Maharashtra,Pune,51.18,per kg,47.09,55.27,False,Derived (Composition Model - Copper-driven),Simulated historical trend (see SOURCES.md for base-value citations)
05-09-2026,Battery,Maharashtra,Pune,42.99,per kg,39.55,46.43,False,Derived (Composition Model - Lead-driven),Simulated historical trend (see SOURCES.md for base-value citations)
05-09-2026,CRT,Maharashtra,Pune,0.0,per kg,0.0,0.0,True,"Derived (Composition Model - Lead-driven, hazard-adjusted)",Simulated historical trend (see SOURCES.md for base-value citations)
05-09-2026,LCD,Maharashtra,Pune,22.75,per kg,20.93,24.57,False,Derived (Composition Model - Aluminium-driven),Simulated historical trend (see SOURCES.md for base-value citations)
04-09-2026,Copper,Punjab,Ludhiana,638.67,per kg,587.58,689.76,False,Derived (Formula from Metals.Dev API - MCX/LME-linked),Simulated historical trend (see SOURCES.md for base-value citations)
04-09-2026,Aluminium,Punjab,Ludhiana,138.4,per kg,127.33,149.47,False,Derived (Formula from Metals.Dev API - MCX/LME-linked),Simulated historical trend (see SOURCES.md for base-value citations)
04-09-2026,Iron,Punjab,Ludhiana,36.28,per kg,33.38,39.18,False,Derived (Formula from Metals.Dev API - MCX/LME-linked),Simulated historical trend (see SOURCES.md for base-value citations)
04-09-2026,Lead,Punjab,Ludhiana,92.95,per kg,85.51,100.39,False,Derived (Formula from Metals.Dev API - MCX/LME-linked),Simulated historical trend (see SOURCES.md for base-value citations)
04-09-2026,PCB,Punjab,Ludhiana,113.34,per kg,104.27,122.41,False,Derived (Composition Model - Copper-driven),Simulated historical trend (see SOURCES.md for base-value citations)
04-09-2026,Cable,Punjab,Ludhiana,248.57,per kg,228.68,268.46,False,Derived (Composition Model - Copper-driven),Simulated historical trend (see SOURCES.md for base-value citations)
04-09-2026,Motor,Punjab,Ludhiana,47.8,per kg,43.98,51.62,False,Derived (Composition Model - Copper-driven),Simulated historical trend (see SOURCES.md for base-value citations)
04-09-2026,Battery,Punjab,Ludhiana,38.88,per kg,35.77,41.99,False,Derived (Composition Model - Lead-driven),Simulated historical trend (see SOURCES.md for base-value citations)
04-09-2026,CRT,Punjab,Ludhiana,0.0,per kg,0.0,0.0,True,"Derived (Composition Model - Lead-driven, hazard-adjusted)",Simulated historical trend (see SOURCES.md for base-value citations)
04-09-2026,LCD,Punjab,Ludhiana,21.63,per kg,19.9,23.36,False,Derived (Composition Model - Aluminium-driven),Simulated historical trend (see SOURCES.md for base-value citations)
04-09-2026,Copper,Punjab,Amritsar,580.16,per kg,533.75,626.57,False,Derived (Formula from Metals.Dev API - MCX/LME-linked),Simulated historical trend (see SOURCES.md for base-value citations)
04-09-2026,Aluminium,Punjab,Amritsar,151.87,per kg,139.72,164.02,False,Derived (Formula from Metals.Dev API - MCX/LME-linked),Simulated historical trend (see SOURCES.md for base-value citations)
04-09-2026,Iron,Punjab,Amritsar,33.05,per kg,30.41,35.69,False,Derived (Formula from Metals.Dev API - MCX/LME-linked),Simulated historical trend (see SOURCES.md for base-value citations)
04-09-2026,Lead,Punjab,Amritsar,103.21,per kg,94.95,111.47,False,Derived (Formula from Metals.Dev API - MCX/LME-linked),Simulated historical trend (see SOURCES.md for base-value citations)
04-09-2026,PCB,Punjab,Amritsar,101.73,per kg,93.59,109.87,False,Derived (Composition Model - Copper-driven),Simulated historical trend (see SOURCES.md for base-value citations)
04-09-2026,Cable,Punjab,Amritsar,238.11,per kg,219.06,257.16,False,Derived (Composition Model - Copper-driven),Simulated historical trend (see SOURCES.md for base-value citations)
04-09-2026,Motor,Punjab,Amritsar,47.92,per kg,44.09,51.75,False,Derived (Composition Model - Copper-driven),Simulated historical trend (see SOURCES.md for base-value citations)
04-09-2026,Battery,Punjab,Amritsar,40.38,per kg,37.15,43.61,False,Derived (Composition Model - Lead-driven),Simulated historical trend (see SOURCES.md for base-value citations)
04-09-2026,CRT,Punjab,Amritsar,0.0,per kg,0.0,0.0,True,"Derived (Composition Model - Lead-driven, hazard-adjusted)",Simulated historical trend (see SOURCES.md for base-value citations)
04-09-2026,LCD,Punjab,Amritsar,21.62,per kg,19.89,23.35,False,Derived (Composition Model - Aluminium-driven),Simulated historical trend (see SOURCES.md for base-value citations)
04-09-2026,Copper,Punjab,Jalandhar,661.16,per kg,608.27,714.05,False,Derived (Formula from Metals.Dev API - MCX/LME-linked),Simulated historical trend (see SOURCES.md for base-value citations)
04-09-2026,Aluminium,Punjab,Jalandhar,133.49,per kg,122.81,144.17,False,Derived (Formula from Metals.Dev API - MCX/LME-linked),Simulated historical trend (see SOURCES.md for base-value citations)
04-09-2026,Iron,Punjab,Jalandhar,36.81,per kg,33.87,39.75,False,Derived (Formula from Metals.Dev API - MCX/LME-linked),Simulated historical trend (see SOURCES.md for base-value citations)
04-09-2026,Lead,Punjab,Jalandhar,95.67,per kg,88.02,103.32,False,Derived (Formula from Metals.Dev API - MCX/LME-linked),Simulated historical trend (see SOURCES.md for base-value citations)
04-09-2026,PCB,Punjab,Jalandhar,109.49,per kg,100.73,118.25,False,Derived (Composition Model - Copper-driven),Simulated historical trend (see SOURCES.md for base-value citations)
04-09-2026,Cable,Punjab,Jalandhar,258.41,per kg,237.74,279.08,False,Derived (Composition Model - Copper-driven),Simulated historical trend (see SOURCES.md for base-value citations)
04-09-2026,Motor,Punjab,Jalandhar,43.54,per kg,40.06,47.02,False,Derived (Composition Model - Copper-driven),Simulated historical trend (see SOURCES.md for base-value citations)
04-09-2026,Battery,Punjab,Jalandhar,37.68,per kg,34.67,40.69,False,Derived (Composition Model - Lead-driven),Simulated historical trend (see SOURCES.md for base-value citations)
04-09-2026,CRT,Punjab,Jalandhar,0.0,per kg,0.0,0.0,True,"Derived (Composition Model - Lead-driven, hazard-adjusted)",Simulated historical trend (see SOURCES.md for base-value citations)
04-09-2026,LCD,Punjab,Jalandhar,18.18,per kg,16.73,19.63,False,Derived (Composition Model - Aluminium-driven),Simulated historical trend (see SOURCES.md for base-value citations)
04-09-2026,Copper,Maharashtra,Mumbai,710.16,per kg,653.35,766.97,False,Derived (Formula from Metals.Dev API - MCX/LME-linked),Simulated historical trend (see SOURCES.md for base-value citations)
04-09-2026,Aluminium,Maharashtra,Mumbai,167.93,per kg,154.5,181.36,False,Derived (Formula from Metals.Dev API - MCX/LME-linked),Simulated historical trend (see SOURCES.md for base-value citations)
04-09-2026,Iron,Maharashtra,Mumbai,35.43,per kg,32.6,38.26,False,Derived (Formula from Metals.Dev API - MCX/LME-linked),Simulated historical trend (see SOURCES.md for base-value citations)
04-09-2026,Lead,Maharashtra,Mumbai,102.0,per kg,93.84,110.16,False,Derived (Formula from Metals.Dev API - MCX/LME-linked),Simulated historical trend (see SOURCES.md for base-value citations)
04-09-2026,PCB,Maharashtra,Mumbai,107.3,per kg,98.72,115.88,False,Derived (Composition Model - Copper-driven),Simulated historical trend (see SOURCES.md for base-value citations)
04-09-2026,Cable,Maharashtra,Mumbai,263.12,per kg,242.07,284.17,False,Derived (Composition Model - Copper-driven),Simulated historical trend (see SOURCES.md for base-value citations)
04-09-2026,Motor,Maharashtra,Mumbai,54.64,per kg,50.27,59.01,False,Derived (Composition Model - Copper-driven),Simulated historical trend (see SOURCES.md for base-value citations)
04-09-2026,Battery,Maharashtra,Mumbai,46.37,per kg,42.66,50.08,False,Derived (Composition Model - Lead-driven),Simulated historical trend (see SOURCES.md for base-value citations)
04-09-2026,CRT,Maharashtra,Mumbai,0.0,per kg,0.0,0.0,True,"Derived (Composition Model - Lead-driven, hazard-adjusted)",Simulated historical trend (see SOURCES.md for base-value citations)
04-09-2026,LCD,Maharashtra,Mumbai,22.78,per kg,20.96,24.6,False,Derived (Composition Model - Aluminium-driven),Simulated historical trend (see SOURCES.md for base-value citations)
04-09-2026,Copper,Maharashtra,Pune,613.34,per kg,564.27,662.41,False,Derived (Formula from Metals.Dev API - MCX/LME-linked),Simulated historical trend (see SOURCES.md for base-value citations)
04-09-2026,Aluminium,Maharashtra,Pune,137.0,per kg,126.04,147.96,False,Derived (Formula from Metals.Dev API - MCX/LME-linked),Simulated historical trend (see SOURCES.md for base-value citations)
04-09-2026,Iron,Maharashtra,Pune,38.56,per kg,35.48,41.64,False,Derived (Formula from Metals.Dev API - MCX/LME-linked),Simulated historical trend (see SOURCES.md for base-value citations)
04-09-2026,Lead,Maharashtra,Pune,106.72,per kg,98.18,115.26,False,Derived (Formula from Metals.Dev API - MCX/LME-linked),Simulated historical trend (see SOURCES.md for base-value citations)
04-09-2026,PCB,Maharashtra,Pune,116.33,per kg,107.02,125.64,False,Derived (Composition Model - Copper-driven),Simulated historical trend (see SOURCES.md for base-value citations)
04-09-2026,Cable,Maharashtra,Pune,254.33,per kg,233.98,274.68,False,Derived (Composition Model - Copper-driven),Simulated historical trend (see SOURCES.md for base-value citations)
04-09-2026,Motor,Maharashtra,Pune,52.71,per kg,48.49,56.93,False,Derived (Composition Model - Copper-driven),Simulated historical trend (see SOURCES.md for base-value citations)
04-09-2026,Battery,Maharashtra,Pune,41.96,per kg,38.6,45.32,False,Derived (Composition Model - Lead-driven),Simulated historical trend (see SOURCES.md for base-value citations)
04-09-2026,CRT,Maharashtra,Pune,0.0,per kg,0.0,0.0,True,"Derived (Composition Model - Lead-driven, hazard-adjusted)",Simulated historical trend (see SOURCES.md for base-value citations)
04-09-2026,LCD,Maharashtra,Pune,19.14,per kg,17.61,20.67,False,Derived (Composition Model - Aluminium-driven),Simulated historical trend (see SOURCES.md for base-value citations)
03-09-2026,Copper,Punjab,Ludhiana,672.75,per kg,618.93,726.57,False,Derived (Formula from Metals.Dev API - MCX/LME-linked),Simulated historical trend (see SOURCES.md for base-value citations)
03-09-2026,Aluminium,Punjab,Ludhiana,136.68,per kg,125.75,147.61,False,Derived (Formula from Metals.Dev API - MCX/LME-linked),Simulated historical trend (see SOURCES.md for base-value citations)
03-09-2026,Iron,Punjab,Ludhiana,34.73,per kg,31.95,37.51,False,Derived (Formula from Metals.Dev API - MCX/LME-linked),Simulated historical trend (see SOURCES.md for base-value citations)
03-09-2026,Lead,Punjab,Ludhiana,107.26,per kg,98.68,115.84,False,Derived (Formula from Metals.Dev API - MCX/LME-linked),Simulated historical trend (see SOURCES.md for base-value citations)
03-09-2026,PCB,Punjab,Ludhiana,109.99,per kg,101.19,118.79,False,Derived (Composition Model - Copper-driven),Simulated historical trend (see SOURCES.md for base-value citations)
03-09-2026,Cable,Punjab,Ludhiana,223.23,per kg,205.37,241.09,False,Derived (Composition Model - Copper-driven),Simulated historical trend (see SOURCES.md for base-value citations)
03-09-2026,Motor,Punjab,Ludhiana,45.86,per kg,42.19,49.53,False,Derived (Composition Model - Copper-driven),Simulated historical trend (see SOURCES.md for base-value citations)
03-09-2026,Battery,Punjab,Ludhiana,44.42,per kg,40.87,47.97,False,Derived (Composition Model - Lead-driven),Simulated historical trend (see SOURCES.md for base-value citations)
03-09-2026,CRT,Punjab,Ludhiana,0.0,per kg,0.0,0.0,True,"Derived (Composition Model - Lead-driven, hazard-adjusted)",Simulated historical trend (see SOURCES.md for base-value citations)
03-09-2026,LCD,Punjab,Ludhiana,22.25,per kg,20.47,24.03,False,Derived (Composition Model - Aluminium-driven),Simulated historical trend (see SOURCES.md for base-value citations)
03-09-2026,Copper,Punjab,Amritsar,600.28,per kg,552.26,648.3,False,Derived (Formula from Metals.Dev API - MCX/LME-linked),Simulated historical trend (see SOURCES.md for base-value citations)
03-09-2026,Aluminium,Punjab,Amritsar,141.74,per kg,130.4,153.08,False,Derived (Formula from Metals.Dev API - MCX/LME-linked),Simulated historical trend (see SOURCES.md for base-value citations)
03-09-2026,Iron,Punjab,Amritsar,40.0,per kg,36.8,43.2,False,Derived (Formula from Metals.Dev API - MCX/LME-linked),Simulated historical trend (see SOURCES.md for base-value citations)
03-09-2026,Lead,Punjab,Amritsar,96.45,per kg,88.73,104.17,False,Derived (Formula from Metals.Dev API - MCX/LME-linked),Simulated historical trend (see SOURCES.md for base-value citations)
03-09-2026,PCB,Punjab,Amritsar,122.97,per kg,113.13,132.81,False,Derived (Composition Model - Copper-driven),Simulated historical trend (see SOURCES.md for base-value citations)
03-09-2026,Cable,Punjab,Amritsar,258.38,per kg,237.71,279.05,False,Derived (Composition Model - Copper-driven),Simulated historical trend (see SOURCES.md for base-value citations)
03-09-2026,Motor,Punjab,Amritsar,44.48,per kg,40.92,48.04,False,Derived (Composition Model - Copper-driven),Simulated historical trend (see SOURCES.md for base-value citations)
03-09-2026,Battery,Punjab,Amritsar,42.0,per kg,38.64,45.36,False,Derived (Composition Model - Lead-driven),Simulated historical trend (see SOURCES.md for base-value citations)
03-09-2026,CRT,Punjab,Amritsar,0.0,per kg,0.0,0.0,True,"Derived (Composition Model - Lead-driven, hazard-adjusted)",Simulated historical trend (see SOURCES.md for base-value citations)
03-09-2026,LCD,Punjab,Amritsar,20.39,per kg,18.76,22.02,False,Derived (Composition Model - Aluminium-driven),Simulated historical trend (see SOURCES.md for base-value citations)
03-09-2026,Copper,Punjab,Jalandhar,646.15,per kg,594.46,697.84,False,Derived (Formula from Metals.Dev API - MCX/LME-linked),Simulated historical trend (see SOURCES.md for base-value citations)
03-09-2026,Aluminium,Punjab,Jalandhar,151.21,per kg,139.11,163.31,False,Derived (Formula from Metals.Dev API - MCX/LME-linked),Simulated historical trend (see SOURCES.md for base-value citations)
03-09-2026,Iron,Punjab,Jalandhar,37.62,per kg,34.61,40.63,False,Derived (Formula from Metals.Dev API - MCX/LME-linked),Simulated historical trend (see SOURCES.md for base-value citations)
03-09-2026,Lead,Punjab,Jalandhar,100.13,per kg,92.12,108.14,False,Derived (Formula from Metals.Dev API - MCX/LME-linked),Simulated historical trend (see SOURCES.md for base-value citations)
03-09-2026,PCB,Punjab,Jalandhar,109.9,per kg,101.11,118.69,False,Derived (Composition Model - Copper-driven),Simulated historical trend (see SOURCES.md for base-value citations)
03-09-2026,Cable,Punjab,Jalandhar,233.09,per kg,214.44,251.74,False,Derived (Composition Model - Copper-driven),Simulated historical trend (see SOURCES.md for base-value citations)
03-09-2026,Motor,Punjab,Jalandhar,48.78,per kg,44.88,52.68,False,Derived (Composition Model - Copper-driven),Simulated historical trend (see SOURCES.md for base-value citations)
03-09-2026,Battery,Punjab,Jalandhar,41.29,per kg,37.99,44.59,False,Derived (Composition Model - Lead-driven),Simulated historical trend (see SOURCES.md for base-value citations)
03-09-2026,CRT,Punjab,Jalandhar,0.0,per kg,0.0,0.0,True,"Derived (Composition Model - Lead-driven, hazard-adjusted)",Simulated historical trend (see SOURCES.md for base-value citations)
03-09-2026,LCD,Punjab,Jalandhar,18.02,per kg,16.58,19.46,False,Derived (Composition Model - Aluminium-driven),Simulated historical trend (see SOURCES.md for base-value citations)
03-09-2026,Copper,Maharashtra,Mumbai,678.18,per kg,623.93,732.43,False,Derived (Formula from Metals.Dev API - MCX/LME-linked),Simulated historical trend (see SOURCES.md for base-value citations)
03-09-2026,Aluminium,Maharashtra,Mumbai,142.41,per kg,131.02,153.8,False,Derived (Formula from Metals.Dev API - MCX/LME-linked),Simulated historical trend (see SOURCES.md for base-value citations)
03-09-2026,Iron,Maharashtra,Mumbai,40.49,per kg,37.25,43.73,False,Derived (Formula from Metals.Dev API - MCX/LME-linked),Simulated historical trend (see SOURCES.md for base-value citations)
03-09-2026,Lead,Maharashtra,Mumbai,99.93,per kg,91.94,107.92,False,Derived (Formula from Metals.Dev API - MCX/LME-linked),Simulated historical trend (see SOURCES.md for base-value citations)
03-09-2026,PCB,Maharashtra,Mumbai,112.53,per kg,103.53,121.53,False,Derived (Composition Model - Copper-driven),Simulated historical trend (see SOURCES.md for base-value citations)
03-09-2026,Cable,Maharashtra,Mumbai,281.19,per kg,258.69,303.69,False,Derived (Composition Model - Copper-driven),Simulated historical trend (see SOURCES.md for base-value citations)
03-09-2026,Motor,Maharashtra,Mumbai,51.55,per kg,47.43,55.67,False,Derived (Composition Model - Copper-driven),Simulated historical trend (see SOURCES.md for base-value citations)
03-09-2026,Battery,Maharashtra,Mumbai,47.87,per kg,44.04,51.7,False,Derived (Composition Model - Lead-driven),Simulated historical trend (see SOURCES.md for base-value citations)
03-09-2026,CRT,Maharashtra,Mumbai,0.0,per kg,0.0,0.0,True,"Derived (Composition Model - Lead-driven, hazard-adjusted)",Simulated historical trend (see SOURCES.md for base-value citations)
03-09-2026,LCD,Maharashtra,Mumbai,21.21,per kg,19.51,22.91,False,Derived (Composition Model - Aluminium-driven),Simulated historical trend (see SOURCES.md for base-value citations)
03-09-2026,Copper,Maharashtra,Pune,651.87,per kg,599.72,704.02,False,Derived (Formula from Metals.Dev API - MCX/LME-linked),Simulated historical trend (see SOURCES.md for base-value citations)
03-09-2026,Aluminium,Maharashtra,Pune,146.95,per kg,135.19,158.71,False,Derived (Formula from Metals.Dev API - MCX/LME-linked),Simulated historical trend (see SOURCES.md for base-value citations)
03-09-2026,Iron,Maharashtra,Pune,37.76,per kg,34.74,40.78,False,Derived (Formula from Metals.Dev API - MCX/LME-linked),Simulated historical trend (see SOURCES.md for base-value citations)
03-09-2026,Lead,Maharashtra,Pune,107.6,per kg,98.99,116.21,False,Derived (Formula from Metals.Dev API - MCX/LME-linked),Simulated historical trend (see SOURCES.md for base-value citations)
03-09-2026,PCB,Maharashtra,Pune,116.16,per kg,106.87,125.45,False,Derived (Composition Model - Copper-driven),Simulated historical trend (see SOURCES.md for base-value citations)
03-09-2026,Cable,Maharashtra,Pune,251.02,per kg,230.94,271.1,False,Derived (Composition Model - Copper-driven),Simulated historical trend (see SOURCES.md for base-value citations)
03-09-2026,Motor,Maharashtra,Pune,47.66,per kg,43.85,51.47,False,Derived (Composition Model - Copper-driven),Simulated historical trend (see SOURCES.md for base-value citations)
03-09-2026,Battery,Maharashtra,Pune,45.83,per kg,42.16,49.5,False,Derived (Composition Model - Lead-driven),Simulated historical trend (see SOURCES.md for base-value citations)
03-09-2026,CRT,Maharashtra,Pune,0.0,per kg,0.0,0.0,True,"Derived (Composition Model - Lead-driven, hazard-adjusted)",Simulated historical trend (see SOURCES.md for base-value citations)
03-09-2026,LCD,Maharashtra,Pune,21.74,per kg,20.0,23.48,False,Derived (Composition Model - Aluminium-driven),Simulated historical trend (see SOURCES.md for base-value citations)
02-09-2026,Copper,Punjab,Ludhiana,621.3,per kg,571.6,671.0,False,Derived (Formula from Metals.Dev API - MCX/LME-linked),Simulated historical trend (see SOURCES.md for base-value citations)
02-09-2026,Aluminium,Punjab,Ludhiana,151.7,per kg,139.56,163.84,False,Derived (Formula from Metals.Dev API - MCX/LME-linked),Simulated historical trend (see SOURCES.md for base-value citations)
02-09-2026,Iron,Punjab,Ludhiana,32.86,per kg,30.23,35.49,False,Derived (Formula from Metals.Dev API - MCX/LME-linked),Simulated historical trend (see SOURCES.md for base-value citations)
02-09-2026,Lead,Punjab,Ludhiana,105.34,per kg,96.91,113.77,False,Derived (Formula from Metals.Dev API - MCX/LME-linked),Simulated historical trend (see SOURCES.md for base-value citations)
02-09-2026,PCB,Punjab,Ludhiana,119.89,per kg,110.3,129.48,False,Derived (Composition Model - Copper-driven),Simulated historical trend (see SOURCES.md for base-value citations)
02-09-2026,Cable,Punjab,Ludhiana,271.03,per kg,249.35,292.71,False,Derived (Composition Model - Copper-driven),Simulated historical trend (see SOURCES.md for base-value citations)
02-09-2026,Motor,Punjab,Ludhiana,50.06,per kg,46.06,54.06,False,Derived (Composition Model - Copper-driven),Simulated historical trend (see SOURCES.md for base-value citations)
02-09-2026,Battery,Punjab,Ludhiana,46.0,per kg,42.32,49.68,False,Derived (Composition Model - Lead-driven),Simulated historical trend (see SOURCES.md for base-value citations)
02-09-2026,CRT,Punjab,Ludhiana,0.0,per kg,0.0,0.0,True,"Derived (Composition Model - Lead-driven, hazard-adjusted)",Simulated historical trend (see SOURCES.md for base-value citations)
02-09-2026,LCD,Punjab,Ludhiana,22.2,per kg,20.42,23.98,False,Derived (Composition Model - Aluminium-driven),Simulated historical trend (see SOURCES.md for base-value citations)
02-09-2026,Copper,Punjab,Amritsar,615.64,per kg,566.39,664.89,False,Derived (Formula from Metals.Dev API - MCX/LME-linked),Simulated historical trend (see SOURCES.md for base-value citations)
02-09-2026,Aluminium,Punjab,Amritsar,165.23,per kg,152.01,178.45,False,Derived (Formula from Metals.Dev API - MCX/LME-linked),Simulated historical trend (see SOURCES.md for base-value citations)
02-09-2026,Iron,Punjab,Amritsar,34.27,per kg,31.53,37.01,False,Derived (Formula from Metals.Dev API - MCX/LME-linked),Simulated historical trend (see SOURCES.md for base-value citations)
02-09-2026,Lead,Punjab,Amritsar,91.38,per kg,84.07,98.69,False,Derived (Formula from Metals.Dev API - MCX/LME-linked),Simulated historical trend (see SOURCES.md for base-value citations)
02-09-2026,PCB,Punjab,Amritsar,111.48,per kg,102.56,120.4,False,Derived (Composition Model - Copper-driven),Simulated historical trend (see SOURCES.md for base-value citations)
02-09-2026,Cable,Punjab,Amritsar,247.81,per kg,227.99,267.63,False,Derived (Composition Model - Copper-driven),Simulated historical trend (see SOURCES.md for base-value citations)
02-09-2026,Motor,Punjab,Amritsar,52.59,per kg,48.38,56.8,False,Derived (Composition Model - Copper-driven),Simulated historical trend (see SOURCES.md for base-value citations)
02-09-2026,Battery,Punjab,Amritsar,43.48,per kg,40.0,46.96,False,Derived (Composition Model - Lead-driven),Simulated historical trend (see SOURCES.md for base-value citations)
02-09-2026,CRT,Punjab,Amritsar,0.0,per kg,0.0,0.0,True,"Derived (Composition Model - Lead-driven, hazard-adjusted)",Simulated historical trend (see SOURCES.md for base-value citations)
02-09-2026,LCD,Punjab,Amritsar,21.49,per kg,19.77,23.21,False,Derived (Composition Model - Aluminium-driven),Simulated historical trend (see SOURCES.md for base-value citations)
02-09-2026,Copper,Punjab,Jalandhar,588.49,per kg,541.41,635.57,False,Derived (Formula from Metals.Dev API - MCX/LME-linked),Simulated historical trend (see SOURCES.md for base-value citations)
02-09-2026,Aluminium,Punjab,Jalandhar,142.76,per kg,131.34,154.18,False,Derived (Formula from Metals.Dev API - MCX/LME-linked),Simulated historical trend (see SOURCES.md for base-value citations)
02-09-2026,Iron,Punjab,Jalandhar,33.06,per kg,30.42,35.7,False,Derived (Formula from Metals.Dev API - MCX/LME-linked),Simulated historical trend (see SOURCES.md for base-value citations)
02-09-2026,Lead,Punjab,Jalandhar,93.43,per kg,85.96,100.9,False,Derived (Formula from Metals.Dev API - MCX/LME-linked),Simulated historical trend (see SOURCES.md for base-value citations)
02-09-2026,PCB,Punjab,Jalandhar,112.19,per kg,103.21,121.17,False,Derived (Composition Model - Copper-driven),Simulated historical trend (see SOURCES.md for base-value citations)
02-09-2026,Cable,Punjab,Jalandhar,217.12,per kg,199.75,234.49,False,Derived (Composition Model - Copper-driven),Simulated historical trend (see SOURCES.md for base-value citations)
02-09-2026,Motor,Punjab,Jalandhar,49.35,per kg,45.4,53.3,False,Derived (Composition Model - Copper-driven),Simulated historical trend (see SOURCES.md for base-value citations)
02-09-2026,Battery,Punjab,Jalandhar,38.32,per kg,35.25,41.39,False,Derived (Composition Model - Lead-driven),Simulated historical trend (see SOURCES.md for base-value citations)
02-09-2026,CRT,Punjab,Jalandhar,0.0,per kg,0.0,0.0,True,"Derived (Composition Model - Lead-driven, hazard-adjusted)",Simulated historical trend (see SOURCES.md for base-value citations)
02-09-2026,LCD,Punjab,Jalandhar,20.3,per kg,18.68,21.92,False,Derived (Composition Model - Aluminium-driven),Simulated historical trend (see SOURCES.md for base-value citations)
02-09-2026,Copper,Maharashtra,Mumbai,606.05,per kg,557.57,654.53,False,Derived (Formula from Metals.Dev API - MCX/LME-linked),Simulated historical trend (see SOURCES.md for base-value citations)
02-09-2026,Aluminium,Maharashtra,Mumbai,147.66,per kg,135.85,159.47,False,Derived (Formula from Metals.Dev API - MCX/LME-linked),Simulated historical trend (see SOURCES.md for base-value citations)
02-09-2026,Iron,Maharashtra,Mumbai,39.56,per kg,36.4,42.72,False,Derived (Formula from Metals.Dev API - MCX/LME-linked),Simulated historical trend (see SOURCES.md for base-value citations)
02-09-2026,Lead,Maharashtra,Mumbai,93.68,per kg,86.19,101.17,False,Derived (Formula from Metals.Dev API - MCX/LME-linked),Simulated historical trend (see SOURCES.md for base-value citations)
02-09-2026,PCB,Maharashtra,Mumbai,104.24,per kg,95.9,112.58,False,Derived (Composition Model - Copper-driven),Simulated historical trend (see SOURCES.md for base-value citations)
02-09-2026,Cable,Maharashtra,Mumbai,240.68,per kg,221.43,259.93,False,Derived (Composition Model - Copper-driven),Simulated historical trend (see SOURCES.md for base-value citations)
02-09-2026,Motor,Maharashtra,Mumbai,48.09,per kg,44.24,51.94,False,Derived (Composition Model - Copper-driven),Simulated historical trend (see SOURCES.md for base-value citations)
02-09-2026,Battery,Maharashtra,Mumbai,46.22,per kg,42.52,49.92,False,Derived (Composition Model - Lead-driven),Simulated historical trend (see SOURCES.md for base-value citations)
02-09-2026,CRT,Maharashtra,Mumbai,0.0,per kg,0.0,0.0,True,"Derived (Composition Model - Lead-driven, hazard-adjusted)",Simulated historical trend (see SOURCES.md for base-value citations)
02-09-2026,LCD,Maharashtra,Mumbai,20.97,per kg,19.29,22.65,False,Derived (Composition Model - Aluminium-driven),Simulated historical trend (see SOURCES.md for base-value citations)
02-09-2026,Copper,Maharashtra,Pune,705.03,per kg,648.63,761.43,False,Derived (Formula from Metals.Dev API - MCX/LME-linked),Simulated historical trend (see SOURCES.md for base-value citations)
02-09-2026,Aluminium,Maharashtra,Pune,161.81,per kg,148.87,174.75,False,Derived (Formula from Metals.Dev API - MCX/LME-linked),Simulated historical trend (see SOURCES.md for base-value citations)
02-09-2026,Iron,Maharashtra,Pune,34.75,per kg,31.97,37.53,False,Derived (Formula from Metals.Dev API - MCX/LME-linked),Simulated historical trend (see SOURCES.md for base-value citations)
02-09-2026,Lead,Maharashtra,Pune,98.61,per kg,90.72,106.5,False,Derived (Formula from Metals.Dev API - MCX/LME-linked),Simulated historical trend (see SOURCES.md for base-value citations)
02-09-2026,PCB,Maharashtra,Pune,113.6,per kg,104.51,122.69,False,Derived (Composition Model - Copper-driven),Simulated historical trend (see SOURCES.md for base-value citations)
02-09-2026,Cable,Maharashtra,Pune,245.85,per kg,226.18,265.52,False,Derived (Composition Model - Copper-driven),Simulated historical trend (see SOURCES.md for base-value citations)
02-09-2026,Motor,Maharashtra,Pune,44.52,per kg,40.96,48.08,False,Derived (Composition Model - Copper-driven),Simulated historical trend (see SOURCES.md for base-value citations)
02-09-2026,Battery,Maharashtra,Pune,46.38,per kg,42.67,50.09,False,Derived (Composition Model - Lead-driven),Simulated historical trend (see SOURCES.md for base-value citations)
02-09-2026,CRT,Maharashtra,Pune,0.0,per kg,0.0,0.0,True,"Derived (Composition Model - Lead-driven, hazard-adjusted)",Simulated historical trend (see SOURCES.md for base-value citations)
02-09-2026,LCD,Maharashtra,Pune,22.14,per kg,20.37,23.91,False,Derived (Composition Model - Aluminium-driven),Simulated historical trend (see SOURCES.md for base-value citations)
01-09-2026,Copper,Punjab,Ludhiana,635.31,per kg,584.49,686.13,False,Derived (Formula from Metals.Dev API - MCX/LME-linked),Simulated historical trend (see SOURCES.md for base-value citations)
01-09-2026,Aluminium,Punjab,Ludhiana,138.54,per kg,127.46,149.62,False,Derived (Formula from Metals.Dev API - MCX/LME-linked),Simulated historical trend (see SOURCES.md for base-value citations)
01-09-2026,Iron,Punjab,Ludhiana,34.38,per kg,31.63,37.13,False,Derived (Formula from Metals.Dev API - MCX/LME-linked),Simulated historical trend (see SOURCES.md for base-value citations)
01-09-2026,Lead,Punjab,Ludhiana,107.55,per kg,98.95,116.15,False,Derived (Formula from Metals.Dev API - MCX/LME-linked),Simulated historical trend (see SOURCES.md for base-value citations)
01-09-2026,PCB,Punjab,Ludhiana,103.27,per kg,95.01,111.53,False,Derived (Composition Model - Copper-driven),Simulated historical trend (see SOURCES.md for base-value citations)
01-09-2026,Cable,Punjab,Ludhiana,232.51,per kg,213.91,251.11,False,Derived (Composition Model - Copper-driven),Simulated historical trend (see SOURCES.md for base-value citations)
01-09-2026,Motor,Punjab,Ludhiana,43.51,per kg,40.03,46.99,False,Derived (Composition Model - Copper-driven),Simulated historical trend (see SOURCES.md for base-value citations)
01-09-2026,Battery,Punjab,Ludhiana,38.67,per kg,35.58,41.76,False,Derived (Composition Model - Lead-driven),Simulated historical trend (see SOURCES.md for base-value citations)
01-09-2026,CRT,Punjab,Ludhiana,0.0,per kg,0.0,0.0,True,"Derived (Composition Model - Lead-driven, hazard-adjusted)",Simulated historical trend (see SOURCES.md for base-value citations)
01-09-2026,LCD,Punjab,Ludhiana,18.79,per kg,17.29,20.29,False,Derived (Composition Model - Aluminium-driven),Simulated historical trend (see SOURCES.md for base-value citations)
01-09-2026,Copper,Punjab,Amritsar,700.05,per kg,644.05,756.05,False,Derived (Formula from Metals.Dev API - MCX/LME-linked),Simulated historical trend (see SOURCES.md for base-value citations)
01-09-2026,Aluminium,Punjab,Amritsar,164.65,per kg,151.48,177.82,False,Derived (Formula from Metals.Dev API - MCX/LME-linked),Simulated historical trend (see SOURCES.md for base-value citations)
01-09-2026,Iron,Punjab,Amritsar,37.03,per kg,34.07,39.99,False,Derived (Formula from Metals.Dev API - MCX/LME-linked),Simulated historical trend (see SOURCES.md for base-value citations)
01-09-2026,Lead,Punjab,Amritsar,104.14,per kg,95.81,112.47,False,Derived (Formula from Metals.Dev API - MCX/LME-linked),Simulated historical trend (see SOURCES.md for base-value citations)
01-09-2026,PCB,Punjab,Amritsar,111.52,per kg,102.6,120.44,False,Derived (Composition Model - Copper-driven),Simulated historical trend (see SOURCES.md for base-value citations)
01-09-2026,Cable,Punjab,Amritsar,239.79,per kg,220.61,258.97,False,Derived (Composition Model - Copper-driven),Simulated historical trend (see SOURCES.md for base-value citations)
01-09-2026,Motor,Punjab,Amritsar,44.41,per kg,40.86,47.96,False,Derived (Composition Model - Copper-driven),Simulated historical trend (see SOURCES.md for base-value citations)
01-09-2026,Battery,Punjab,Amritsar,46.07,per kg,42.38,49.76,False,Derived (Composition Model - Lead-driven),Simulated historical trend (see SOURCES.md for base-value citations)
01-09-2026,CRT,Punjab,Amritsar,0.0,per kg,0.0,0.0,True,"Derived (Composition Model - Lead-driven, hazard-adjusted)",Simulated historical trend (see SOURCES.md for base-value citations)
01-09-2026,LCD,Punjab,Amritsar,21.04,per kg,19.36,22.72,False,Derived (Composition Model - Aluminium-driven),Simulated historical trend (see SOURCES.md for base-value citations)
01-09-2026,Copper,Punjab,Jalandhar,601.92,per kg,553.77,650.07,False,Derived (Formula from Metals.Dev API - MCX/LME-linked),Simulated historical trend (see SOURCES.md for base-value citations)
01-09-2026,Aluminium,Punjab,Jalandhar,142.92,per kg,131.49,154.35,False,Derived (Formula from Metals.Dev API - MCX/LME-linked),Simulated historical trend (see SOURCES.md for base-value citations)
01-09-2026,Iron,Punjab,Jalandhar,37.44,per kg,34.44,40.44,False,Derived (Formula from Metals.Dev API - MCX/LME-linked),Simulated historical trend (see SOURCES.md for base-value citations)
01-09-2026,Lead,Punjab,Jalandhar,103.35,per kg,95.08,111.62,False,Derived (Formula from Metals.Dev API - MCX/LME-linked),Simulated historical trend (see SOURCES.md for base-value citations)
01-09-2026,PCB,Punjab,Jalandhar,103.89,per kg,95.58,112.2,False,Derived (Composition Model - Copper-driven),Simulated historical trend (see SOURCES.md for base-value citations)
01-09-2026,Cable,Punjab,Jalandhar,217.45,per kg,200.05,234.85,False,Derived (Composition Model - Copper-driven),Simulated historical trend (see SOURCES.md for base-value citations)
01-09-2026,Motor,Punjab,Jalandhar,47.67,per kg,43.86,51.48,False,Derived (Composition Model - Copper-driven),Simulated historical trend (see SOURCES.md for base-value citations)
01-09-2026,Battery,Punjab,Jalandhar,41.04,per kg,37.76,44.32,False,Derived (Composition Model - Lead-driven),Simulated historical trend (see SOURCES.md for base-value citations)
01-09-2026,CRT,Punjab,Jalandhar,0.0,per kg,0.0,0.0,True,"Derived (Composition Model - Lead-driven, hazard-adjusted)",Simulated historical trend (see SOURCES.md for base-value citations)
01-09-2026,LCD,Punjab,Jalandhar,17.59,per kg,16.18,19.0,False,Derived (Composition Model - Aluminium-driven),Simulated historical trend (see SOURCES.md for base-value citations)
01-09-2026,Copper,Maharashtra,Mumbai,618.28,per kg,568.82,667.74,False,Derived (Formula from Metals.Dev API - MCX/LME-linked),Simulated historical trend (see SOURCES.md for base-value citations)
01-09-2026,Aluminium,Maharashtra,Mumbai,163.83,per kg,150.72,176.94,False,Derived (Formula from Metals.Dev API - MCX/LME-linked),Simulated historical trend (see SOURCES.md for base-value citations)
01-09-2026,Iron,Maharashtra,Mumbai,35.52,per kg,32.68,38.36,False,Derived (Formula from Metals.Dev API - MCX/LME-linked),Simulated historical trend (see SOURCES.md for base-value citations)
01-09-2026,Lead,Maharashtra,Mumbai,110.45,per kg,101.61,119.29,False,Derived (Formula from Metals.Dev API - MCX/LME-linked),Simulated historical trend (see SOURCES.md for base-value citations)
01-09-2026,PCB,Maharashtra,Mumbai,126.59,per kg,116.46,136.72,False,Derived (Composition Model - Copper-driven),Simulated historical trend (see SOURCES.md for base-value citations)
01-09-2026,Cable,Maharashtra,Mumbai,249.4,per kg,229.45,269.35,False,Derived (Composition Model - Copper-driven),Simulated historical trend (see SOURCES.md for base-value citations)
01-09-2026,Motor,Maharashtra,Mumbai,47.53,per kg,43.73,51.33,False,Derived (Composition Model - Copper-driven),Simulated historical trend (see SOURCES.md for base-value citations)
01-09-2026,Battery,Maharashtra,Mumbai,43.99,per kg,40.47,47.51,False,Derived (Composition Model - Lead-driven),Simulated historical trend (see SOURCES.md for base-value citations)
01-09-2026,CRT,Maharashtra,Mumbai,0.0,per kg,0.0,0.0,True,"Derived (Composition Model - Lead-driven, hazard-adjusted)",Simulated historical trend (see SOURCES.md for base-value citations)
01-09-2026,LCD,Maharashtra,Mumbai,20.58,per kg,18.93,22.23,False,Derived (Composition Model - Aluminium-driven),Simulated historical trend (see SOURCES.md for base-value citations)
01-09-2026,Copper,Maharashtra,Pune,638.64,per kg,587.55,689.73,False,Derived (Formula from Metals.Dev API - MCX/LME-linked),Simulated historical trend (see SOURCES.md for base-value citations)
01-09-2026,Aluminium,Maharashtra,Pune,140.61,per kg,129.36,151.86,False,Derived (Formula from Metals.Dev API - MCX/LME-linked),Simulated historical trend (see SOURCES.md for base-value citations)
01-09-2026,Iron,Maharashtra,Pune,39.66,per kg,36.49,42.83,False,Derived (Formula from Metals.Dev API - MCX/LME-linked),Simulated historical trend (see SOURCES.md for base-value citations)
01-09-2026,Lead,Maharashtra,Pune,99.26,per kg,91.32,107.2,False,Derived (Formula from Metals.Dev API - MCX/LME-linked),Simulated historical trend (see SOURCES.md for base-value citations)
01-09-2026,PCB,Maharashtra,Pune,115.37,per kg,106.14,124.6,False,Derived (Composition Model - Copper-driven),Simulated historical trend (see SOURCES.md for base-value citations)
01-09-2026,Cable,Maharashtra,Pune,268.08,per kg,246.63,289.53,False,Derived (Composition Model - Copper-driven),Simulated historical trend (see SOURCES.md for base-value citations)
01-09-2026,Motor,Maharashtra,Pune,50.56,per kg,46.52,54.6,False,Derived (Composition Model - Copper-driven),Simulated historical trend (see SOURCES.md for base-value citations)
01-09-2026,Battery,Maharashtra,Pune,41.16,per kg,37.87,44.45,False,Derived (Composition Model - Lead-driven),Simulated historical trend (see SOURCES.md for base-value citations)
01-09-2026,CRT,Maharashtra,Pune,0.0,per kg,0.0,0.0,True,"Derived (Composition Model - Lead-driven, hazard-adjusted)",Simulated historical trend (see SOURCES.md for base-value citations)
01-09-2026,LCD,Maharashtra,Pune,19.36,per kg,17.81,20.91,False,Derived (Composition Model - Aluminium-driven),Simulated historical trend (see SOURCES.md for base-value citations)
31-08-2026,Copper,Punjab,Ludhiana,661.57,per kg,608.64,714.5,False,Derived (Formula from Metals.Dev API - MCX/LME-linked),Simulated historical trend (see SOURCES.md for base-value citations)
31-08-2026,Aluminium,Punjab,Ludhiana,159.74,per kg,146.96,172.52,False,Derived (Formula from Metals.Dev API - MCX/LME-linked),Simulated historical trend (see SOURCES.md for base-value citations)
31-08-2026,Iron,Punjab,Ludhiana,37.7,per kg,34.68,40.72,False,Derived (Formula from Metals.Dev API - MCX/LME-linked),Simulated historical trend (see SOURCES.md for base-value citations)
31-08-2026,Lead,Punjab,Ludhiana,104.48,per kg,96.12,112.84,False,Derived (Formula from Metals.Dev API - MCX/LME-linked),Simulated historical trend (see SOURCES.md for base-value citations)
31-08-2026,PCB,Punjab,Ludhiana,115.77,per kg,106.51,125.03,False,Derived (Composition Model - Copper-driven),Simulated historical trend (see SOURCES.md for base-value citations)
31-08-2026,Cable,Punjab,Ludhiana,260.96,per kg,240.08,281.84,False,Derived (Composition Model - Copper-driven),Simulated historical trend (see SOURCES.md for base-value citations)
31-08-2026,Motor,Punjab,Ludhiana,51.56,per kg,47.44,55.68,False,Derived (Composition Model - Copper-driven),Simulated historical trend (see SOURCES.md for base-value citations)
31-08-2026,Battery,Punjab,Ludhiana,43.45,per kg,39.97,46.93,False,Derived (Composition Model - Lead-driven),Simulated historical trend (see SOURCES.md for base-value citations)
31-08-2026,CRT,Punjab,Ludhiana,0.0,per kg,0.0,0.0,True,"Derived (Composition Model - Lead-driven, hazard-adjusted)",Simulated historical trend (see SOURCES.md for base-value citations)
31-08-2026,LCD,Punjab,Ludhiana,20.04,per kg,18.44,21.64,False,Derived (Composition Model - Aluminium-driven),Simulated historical trend (see SOURCES.md for base-value citations)
31-08-2026,Copper,Punjab,Amritsar,588.64,per kg,541.55,635.73,False,Derived (Formula from Metals.Dev API - MCX/LME-linked),Simulated historical trend (see SOURCES.md for base-value citations)
31-08-2026,Aluminium,Punjab,Amritsar,145.25,per kg,133.63,156.87,False,Derived (Formula from Metals.Dev API - MCX/LME-linked),Simulated historical trend (see SOURCES.md for base-value citations)
31-08-2026,Iron,Punjab,Amritsar,34.07,per kg,31.34,36.8,False,Derived (Formula from Metals.Dev API - MCX/LME-linked),Simulated historical trend (see SOURCES.md for base-value citations)
31-08-2026,Lead,Punjab,Amritsar,106.6,per kg,98.07,115.13,False,Derived (Formula from Metals.Dev API - MCX/LME-linked),Simulated historical trend (see SOURCES.md for base-value citations)
31-08-2026,PCB,Punjab,Amritsar,118.4,per kg,108.93,127.87,False,Derived (Composition Model - Copper-driven),Simulated historical trend (see SOURCES.md for base-value citations)
31-08-2026,Cable,Punjab,Amritsar,227.06,per kg,208.9,245.22,False,Derived (Composition Model - Copper-driven),Simulated historical trend (see SOURCES.md for base-value citations)
31-08-2026,Motor,Punjab,Amritsar,44.69,per kg,41.11,48.27,False,Derived (Composition Model - Copper-driven),Simulated historical trend (see SOURCES.md for base-value citations)
31-08-2026,Battery,Punjab,Amritsar,45.52,per kg,41.88,49.16,False,Derived (Composition Model - Lead-driven),Simulated historical trend (see SOURCES.md for base-value citations)
31-08-2026,CRT,Punjab,Amritsar,0.0,per kg,0.0,0.0,True,"Derived (Composition Model - Lead-driven, hazard-adjusted)",Simulated historical trend (see SOURCES.md for base-value citations)
31-08-2026,LCD,Punjab,Amritsar,18.88,per kg,17.37,20.39,False,Derived (Composition Model - Aluminium-driven),Simulated historical trend (see SOURCES.md for base-value citations)
31-08-2026,Copper,Punjab,Jalandhar,593.3,per kg,545.84,640.76,False,Derived (Formula from Metals.Dev API - MCX/LME-linked),Simulated historical trend (see SOURCES.md for base-value citations)
31-08-2026,Aluminium,Punjab,Jalandhar,145.12,per kg,133.51,156.73,False,Derived (Formula from Metals.Dev API - MCX/LME-linked),Simulated historical trend (see SOURCES.md for base-value citations)
31-08-2026,Iron,Punjab,Jalandhar,34.35,per kg,31.6,37.1,False,Derived (Formula from Metals.Dev API - MCX/LME-linked),Simulated historical trend (see SOURCES.md for base-value citations)
31-08-2026,Lead,Punjab,Jalandhar,93.33,per kg,85.86,100.8,False,Derived (Formula from Metals.Dev API - MCX/LME-linked),Simulated historical trend (see SOURCES.md for base-value citations)
31-08-2026,PCB,Punjab,Jalandhar,100.47,per kg,92.43,108.51,False,Derived (Composition Model - Copper-driven),Simulated historical trend (see SOURCES.md for base-value citations)
31-08-2026,Cable,Punjab,Jalandhar,219.51,per kg,201.95,237.07,False,Derived (Composition Model - Copper-driven),Simulated historical trend (see SOURCES.md for base-value citations)
31-08-2026,Motor,Punjab,Jalandhar,42.31,per kg,38.93,45.69,False,Derived (Composition Model - Copper-driven),Simulated historical trend (see SOURCES.md for base-value citations)
31-08-2026,Battery,Punjab,Jalandhar,44.4,per kg,40.85,47.95,False,Derived (Composition Model - Lead-driven),Simulated historical trend (see SOURCES.md for base-value citations)
31-08-2026,CRT,Punjab,Jalandhar,0.0,per kg,0.0,0.0,True,"Derived (Composition Model - Lead-driven, hazard-adjusted)",Simulated historical trend (see SOURCES.md for base-value citations)
31-08-2026,LCD,Punjab,Jalandhar,20.32,per kg,18.69,21.95,False,Derived (Composition Model - Aluminium-driven),Simulated historical trend (see SOURCES.md for base-value citations)
31-08-2026,Copper,Maharashtra,Mumbai,721.15,per kg,663.46,778.84,False,Derived (Formula from Metals.Dev API - MCX/LME-linked),Simulated historical trend (see SOURCES.md for base-value citations)
31-08-2026,Aluminium,Maharashtra,Mumbai,168.22,per kg,154.76,181.68,False,Derived (Formula from Metals.Dev API - MCX/LME-linked),Simulated historical trend (see SOURCES.md for base-value citations)
31-08-2026,Iron,Maharashtra,Mumbai,38.53,per kg,35.45,41.61,False,Derived (Formula from Metals.Dev API - MCX/LME-linked),Simulated historical trend (see SOURCES.md for base-value citations)
31-08-2026,Lead,Maharashtra,Mumbai,95.11,per kg,87.5,102.72,False,Derived (Formula from Metals.Dev API - MCX/LME-linked),Simulated historical trend (see SOURCES.md for base-value citations)
31-08-2026,PCB,Maharashtra,Mumbai,104.98,per kg,96.58,113.38,False,Derived (Composition Model - Copper-driven),Simulated historical trend (see SOURCES.md for base-value citations)
31-08-2026,Cable,Maharashtra,Mumbai,267.1,per kg,245.73,288.47,False,Derived (Composition Model - Copper-driven),Simulated historical trend (see SOURCES.md for base-value citations)
31-08-2026,Motor,Maharashtra,Mumbai,46.02,per kg,42.34,49.7,False,Derived (Composition Model - Copper-driven),Simulated historical trend (see SOURCES.md for base-value citations)
31-08-2026,Battery,Maharashtra,Mumbai,48.56,per kg,44.68,52.44,False,Derived (Composition Model - Lead-driven),Simulated historical trend (see SOURCES.md for base-value citations)
31-08-2026,CRT,Maharashtra,Mumbai,0.0,per kg,0.0,0.0,True,"Derived (Composition Model - Lead-driven, hazard-adjusted)",Simulated historical trend (see SOURCES.md for base-value citations)
31-08-2026,LCD,Maharashtra,Mumbai,21.54,per kg,19.82,23.26,False,Derived (Composition Model - Aluminium-driven),Simulated historical trend (see SOURCES.md for base-value citations)
31-08-2026,Copper,Maharashtra,Pune,657.56,per kg,604.96,710.16,False,Derived (Formula from Metals.Dev API - MCX/LME-linked),Simulated historical trend (see SOURCES.md for base-value citations)
31-08-2026,Aluminium,Maharashtra,Pune,142.57,per kg,131.16,153.98,False,Derived (Formula from Metals.Dev API - MCX/LME-linked),Simulated historical trend (see SOURCES.md for base-value citations)
31-08-2026,Iron,Maharashtra,Pune,38.71,per kg,35.61,41.81,False,Derived (Formula from Metals.Dev API - MCX/LME-linked),Simulated historical trend (see SOURCES.md for base-value citations)
31-08-2026,Lead,Maharashtra,Pune,105.46,per kg,97.02,113.9,False,Derived (Formula from Metals.Dev API - MCX/LME-linked),Simulated historical trend (see SOURCES.md for base-value citations)
31-08-2026,PCB,Maharashtra,Pune,122.92,per kg,113.09,132.75,False,Derived (Composition Model - Copper-driven),Simulated historical trend (see SOURCES.md for base-value citations)
31-08-2026,Cable,Maharashtra,Pune,248.39,per kg,228.52,268.26,False,Derived (Composition Model - Copper-driven),Simulated historical trend (see SOURCES.md for base-value citations)
31-08-2026,Motor,Maharashtra,Pune,50.76,per kg,46.7,54.82,False,Derived (Composition Model - Copper-driven),Simulated historical trend (see SOURCES.md for base-value citations)
31-08-2026,Battery,Maharashtra,Pune,46.06,per kg,42.38,49.74,False,Derived (Composition Model - Lead-driven),Simulated historical trend (see SOURCES.md for base-value citations)
31-08-2026,CRT,Maharashtra,Pune,0.0,per kg,0.0,0.0,True,"Derived (Composition Model - Lead-driven, hazard-adjusted)",Simulated historical trend (see SOURCES.md for base-value citations)
31-08-2026,LCD,Maharashtra,Pune,19.62,per kg,18.05,21.19,False,Derived (Composition Model - Aluminium-driven),Simulated historical trend (see SOURCES.md for base-value citations)
30-08-2026,Copper,Punjab,Ludhiana,687.3,per kg,632.32,742.28,False,Derived (Formula from Metals.Dev API - MCX/LME-linked),Simulated historical trend (see SOURCES.md for base-value citations)
30-08-2026,Aluminium,Punjab,Ludhiana,147.55,per kg,135.75,159.35,False,Derived (Formula from Metals.Dev API - MCX/LME-linked),Simulated historical trend (see SOURCES.md for base-value citations)
30-08-2026,Iron,Punjab,Ludhiana,36.81,per kg,33.87,39.75,False,Derived (Formula from Metals.Dev API - MCX/LME-linked),Simulated historical trend (see SOURCES.md for base-value citations)
30-08-2026,Lead,Punjab,Ludhiana,101.68,per kg,93.55,109.81,False,Derived (Formula from Metals.Dev API - MCX/LME-linked),Simulated historical trend (see SOURCES.md for base-value citations)
30-08-2026,PCB,Punjab,Ludhiana,113.65,per kg,104.56,122.74,False,Derived (Composition Model - Copper-driven),Simulated historical trend (see SOURCES.md for base-value citations)
30-08-2026,Cable,Punjab,Ludhiana,265.98,per kg,244.7,287.26,False,Derived (Composition Model - Copper-driven),Simulated historical trend (see SOURCES.md for base-value citations)
30-08-2026,Motor,Punjab,Ludhiana,47.52,per kg,43.72,51.32,False,Derived (Composition Model - Copper-driven),Simulated historical trend (see SOURCES.md for base-value citations)
30-08-2026,Battery,Punjab,Ludhiana,38.43,per kg,35.36,41.5,False,Derived (Composition Model - Lead-driven),Simulated historical trend (see SOURCES.md for base-value citations)
30-08-2026,CRT,Punjab,Ludhiana,0.0,per kg,0.0,0.0,True,"Derived (Composition Model - Lead-driven, hazard-adjusted)",Simulated historical trend (see SOURCES.md for base-value citations)
30-08-2026,LCD,Punjab,Ludhiana,20.28,per kg,18.66,21.9,False,Derived (Composition Model - Aluminium-driven),Simulated historical trend (see SOURCES.md for base-value citations)
30-08-2026,Copper,Punjab,Amritsar,696.19,per kg,640.49,751.89,False,Derived (Formula from Metals.Dev API - MCX/LME-linked),Simulated historical trend (see SOURCES.md for base-value citations)
30-08-2026,Aluminium,Punjab,Amritsar,147.41,per kg,135.62,159.2,False,Derived (Formula from Metals.Dev API - MCX/LME-linked),Simulated historical trend (see SOURCES.md for base-value citations)
30-08-2026,Iron,Punjab,Amritsar,37.84,per kg,34.81,40.87,False,Derived (Formula from Metals.Dev API - MCX/LME-linked),Simulated historical trend (see SOURCES.md for base-value citations)
30-08-2026,Lead,Punjab,Amritsar,109.58,per kg,100.81,118.35,False,Derived (Formula from Metals.Dev API - MCX/LME-linked),Simulated historical trend (see SOURCES.md for base-value citations)
30-08-2026,PCB,Punjab,Amritsar,121.47,per kg,111.75,131.19,False,Derived (Composition Model - Copper-driven),Simulated historical trend (see SOURCES.md for base-value citations)
30-08-2026,Cable,Punjab,Amritsar,266.18,per kg,244.89,287.47,False,Derived (Composition Model - Copper-driven),Simulated historical trend (see SOURCES.md for base-value citations)
30-08-2026,Motor,Punjab,Amritsar,47.2,per kg,43.42,50.98,False,Derived (Composition Model - Copper-driven),Simulated historical trend (see SOURCES.md for base-value citations)
30-08-2026,Battery,Punjab,Amritsar,41.56,per kg,38.24,44.88,False,Derived (Composition Model - Lead-driven),Simulated historical trend (see SOURCES.md for base-value citations)
30-08-2026,CRT,Punjab,Amritsar,0.0,per kg,0.0,0.0,True,"Derived (Composition Model - Lead-driven, hazard-adjusted)",Simulated historical trend (see SOURCES.md for base-value citations)
30-08-2026,LCD,Punjab,Amritsar,22.76,per kg,20.94,24.58,False,Derived (Composition Model - Aluminium-driven),Simulated historical trend (see SOURCES.md for base-value citations)
30-08-2026,Copper,Punjab,Jalandhar,594.62,per kg,547.05,642.19,False,Derived (Formula from Metals.Dev API - MCX/LME-linked),Simulated historical trend (see SOURCES.md for base-value citations)
30-08-2026,Aluminium,Punjab,Jalandhar,132.36,per kg,121.77,142.95,False,Derived (Formula from Metals.Dev API - MCX/LME-linked),Simulated historical trend (see SOURCES.md for base-value citations)
30-08-2026,Iron,Punjab,Jalandhar,36.4,per kg,33.49,39.31,False,Derived (Formula from Metals.Dev API - MCX/LME-linked),Simulated historical trend (see SOURCES.md for base-value citations)
30-08-2026,Lead,Punjab,Jalandhar,99.92,per kg,91.93,107.91,False,Derived (Formula from Metals.Dev API - MCX/LME-linked),Simulated historical trend (see SOURCES.md for base-value citations)
30-08-2026,PCB,Punjab,Jalandhar,102.25,per kg,94.07,110.43,False,Derived (Composition Model - Copper-driven),Simulated historical trend (see SOURCES.md for base-value citations)
30-08-2026,Cable,Punjab,Jalandhar,256.91,per kg,236.36,277.46,False,Derived (Composition Model - Copper-driven),Simulated historical trend (see SOURCES.md for base-value citations)
30-08-2026,Motor,Punjab,Jalandhar,44.39,per kg,40.84,47.94,False,Derived (Composition Model - Copper-driven),Simulated historical trend (see SOURCES.md for base-value citations)
30-08-2026,Battery,Punjab,Jalandhar,39.18,per kg,36.05,42.31,False,Derived (Composition Model - Lead-driven),Simulated historical trend (see SOURCES.md for base-value citations)
30-08-2026,CRT,Punjab,Jalandhar,0.0,per kg,0.0,0.0,True,"Derived (Composition Model - Lead-driven, hazard-adjusted)",Simulated historical trend (see SOURCES.md for base-value citations)
30-08-2026,LCD,Punjab,Jalandhar,17.89,per kg,16.46,19.32,False,Derived (Composition Model - Aluminium-driven),Simulated historical trend (see SOURCES.md for base-value citations)
30-08-2026,Copper,Maharashtra,Mumbai,717.27,per kg,659.89,774.65,False,Derived (Formula from Metals.Dev API - MCX/LME-linked),Simulated historical trend (see SOURCES.md for base-value citations)
30-08-2026,Aluminium,Maharashtra,Mumbai,154.18,per kg,141.85,166.51,False,Derived (Formula from Metals.Dev API - MCX/LME-linked),Simulated historical trend (see SOURCES.md for base-value citations)
30-08-2026,Iron,Maharashtra,Mumbai,40.71,per kg,37.45,43.97,False,Derived (Formula from Metals.Dev API - MCX/LME-linked),Simulated historical trend (see SOURCES.md for base-value citations)
30-08-2026,Lead,Maharashtra,Mumbai,110.46,per kg,101.62,119.3,False,Derived (Formula from Metals.Dev API - MCX/LME-linked),Simulated historical trend (see SOURCES.md for base-value citations)
30-08-2026,PCB,Maharashtra,Mumbai,120.13,per kg,110.52,129.74,False,Derived (Composition Model - Copper-driven),Simulated historical trend (see SOURCES.md for base-value citations)
30-08-2026,Cable,Maharashtra,Mumbai,269.4,per kg,247.85,290.95,False,Derived (Composition Model - Copper-driven),Simulated historical trend (see SOURCES.md for base-value citations)
30-08-2026,Motor,Maharashtra,Mumbai,53.34,per kg,49.07,57.61,False,Derived (Composition Model - Copper-driven),Simulated historical trend (see SOURCES.md for base-value citations)
30-08-2026,Battery,Maharashtra,Mumbai,46.45,per kg,42.73,50.17,False,Derived (Composition Model - Lead-driven),Simulated historical trend (see SOURCES.md for base-value citations)
30-08-2026,CRT,Maharashtra,Mumbai,0.0,per kg,0.0,0.0,True,"Derived (Composition Model - Lead-driven, hazard-adjusted)",Simulated historical trend (see SOURCES.md for base-value citations)
30-08-2026,LCD,Maharashtra,Mumbai,23.42,per kg,21.55,25.29,False,Derived (Composition Model - Aluminium-driven),Simulated historical trend (see SOURCES.md for base-value citations)
30-08-2026,Copper,Maharashtra,Pune,659.3,per kg,606.56,712.04,False,Derived (Formula from Metals.Dev API - MCX/LME-linked),Simulated historical trend (see SOURCES.md for base-value citations)
30-08-2026,Aluminium,Maharashtra,Pune,154.43,per kg,142.08,166.78,False,Derived (Formula from Metals.Dev API - MCX/LME-linked),Simulated historical trend (see SOURCES.md for base-value citations)
30-08-2026,Iron,Maharashtra,Pune,37.41,per kg,34.42,40.4,False,Derived (Formula from Metals.Dev API - MCX/LME-linked),Simulated historical trend (see SOURCES.md for base-value citations)
30-08-2026,Lead,Maharashtra,Pune,99.61,per kg,91.64,107.58,False,Derived (Formula from Metals.Dev API - MCX/LME-linked),Simulated historical trend (see SOURCES.md for base-value citations)
30-08-2026,PCB,Maharashtra,Pune,123.02,per kg,113.18,132.86,False,Derived (Composition Model - Copper-driven),Simulated historical trend (see SOURCES.md for base-value citations)
30-08-2026,Cable,Maharashtra,Pune,244.06,per kg,224.54,263.58,False,Derived (Composition Model - Copper-driven),Simulated historical trend (see SOURCES.md for base-value citations)
30-08-2026,Motor,Maharashtra,Pune,52.18,per kg,48.01,56.35,False,Derived (Composition Model - Copper-driven),Simulated historical trend (see SOURCES.md for base-value citations)
30-08-2026,Battery,Maharashtra,Pune,42.41,per kg,39.02,45.8,False,Derived (Composition Model - Lead-driven),Simulated historical trend (see SOURCES.md for base-value citations)
30-08-2026,CRT,Maharashtra,Pune,0.0,per kg,0.0,0.0,True,"Derived (Composition Model - Lead-driven, hazard-adjusted)",Simulated historical trend (see SOURCES.md for base-value citations)
30-08-2026,LCD,Maharashtra,Pune,20.96,per kg,19.28,22.64,False,Derived (Composition Model - Aluminium-driven),Simulated historical trend (see SOURCES.md for base-value citations)
29-08-2026,Copper,Punjab,Ludhiana,631.71,per kg,581.17,682.25,False,Derived (Formula from Metals.Dev API - MCX/LME-linked),Simulated historical trend (see SOURCES.md for base-value citations)
29-08-2026,Aluminium,Punjab,Ludhiana,159.45,per kg,146.69,172.21,False,Derived (Formula from Metals.Dev API - MCX/LME-linked),Simulated historical trend (see SOURCES.md for base-value citations)
29-08-2026,Iron,Punjab,Ludhiana,34.34,per kg,31.59,37.09,False,Derived (Formula from Metals.Dev API - MCX/LME-linked),Simulated historical trend (see SOURCES.md for base-value citations)
29-08-2026,Lead,Punjab,Ludhiana,104.77,per kg,96.39,113.15,False,Derived (Formula from Metals.Dev API - MCX/LME-linked),Simulated historical trend (see SOURCES.md for base-value citations)
29-08-2026,PCB,Punjab,Ludhiana,109.12,per kg,100.39,117.85,False,Derived (Composition Model - Copper-driven),Simulated historical trend (see SOURCES.md for base-value citations)
29-08-2026,Cable,Punjab,Ludhiana,266.75,per kg,245.41,288.09,False,Derived (Composition Model - Copper-driven),Simulated historical trend (see SOURCES.md for base-value citations)
29-08-2026,Motor,Punjab,Ludhiana,49.74,per kg,45.76,53.72,False,Derived (Composition Model - Copper-driven),Simulated historical trend (see SOURCES.md for base-value citations)
29-08-2026,Battery,Punjab,Ludhiana,40.91,per kg,37.64,44.18,False,Derived (Composition Model - Lead-driven),Simulated historical trend (see SOURCES.md for base-value citations)
29-08-2026,CRT,Punjab,Ludhiana,0.0,per kg,0.0,0.0,True,"Derived (Composition Model - Lead-driven, hazard-adjusted)",Simulated historical trend (see SOURCES.md for base-value citations)
29-08-2026,LCD,Punjab,Ludhiana,21.97,per kg,20.21,23.73,False,Derived (Composition Model - Aluminium-driven),Simulated historical trend (see SOURCES.md for base-value citations)
29-08-2026,Copper,Punjab,Amritsar,633.65,per kg,582.96,684.34,False,Derived (Formula from Metals.Dev API - MCX/LME-linked),Simulated historical trend (see SOURCES.md for base-value citations)
29-08-2026,Aluminium,Punjab,Amritsar,137.99,per kg,126.95,149.03,False,Derived (Formula from Metals.Dev API - MCX/LME-linked),Simulated historical trend (see SOURCES.md for base-value citations)
29-08-2026,Iron,Punjab,Amritsar,39.45,per kg,36.29,42.61,False,Derived (Formula from Metals.Dev API - MCX/LME-linked),Simulated historical trend (see SOURCES.md for base-value citations)
29-08-2026,Lead,Punjab,Amritsar,100.77,per kg,92.71,108.83,False,Derived (Formula from Metals.Dev API - MCX/LME-linked),Simulated historical trend (see SOURCES.md for base-value citations)
29-08-2026,PCB,Punjab,Amritsar,103.13,per kg,94.88,111.38,False,Derived (Composition Model - Copper-driven),Simulated historical trend (see SOURCES.md for base-value citations)
29-08-2026,Cable,Punjab,Amritsar,233.0,per kg,214.36,251.64,False,Derived (Composition Model - Copper-driven),Simulated historical trend (see SOURCES.md for base-value citations)
29-08-2026,Motor,Punjab,Amritsar,50.81,per kg,46.75,54.87,False,Derived (Composition Model - Copper-driven),Simulated historical trend (see SOURCES.md for base-value citations)
29-08-2026,Battery,Punjab,Amritsar,41.91,per kg,38.56,45.26,False,Derived (Composition Model - Lead-driven),Simulated historical trend (see SOURCES.md for base-value citations)
29-08-2026,CRT,Punjab,Amritsar,0.0,per kg,0.0,0.0,True,"Derived (Composition Model - Lead-driven, hazard-adjusted)",Simulated historical trend (see SOURCES.md for base-value citations)
29-08-2026,LCD,Punjab,Amritsar,19.89,per kg,18.3,21.48,False,Derived (Composition Model - Aluminium-driven),Simulated historical trend (see SOURCES.md for base-value citations)
29-08-2026,Copper,Punjab,Jalandhar,580.74,per kg,534.28,627.2,False,Derived (Formula from Metals.Dev API - MCX/LME-linked),Simulated historical trend (see SOURCES.md for base-value citations)
29-08-2026,Aluminium,Punjab,Jalandhar,132.63,per kg,122.02,143.24,False,Derived (Formula from Metals.Dev API - MCX/LME-linked),Simulated historical trend (see SOURCES.md for base-value citations)
29-08-2026,Iron,Punjab,Jalandhar,36.57,per kg,33.64,39.5,False,Derived (Formula from Metals.Dev API - MCX/LME-linked),Simulated historical trend (see SOURCES.md for base-value citations)
29-08-2026,Lead,Punjab,Jalandhar,90.85,per kg,83.58,98.12,False,Derived (Formula from Metals.Dev API - MCX/LME-linked),Simulated historical trend (see SOURCES.md for base-value citations)
29-08-2026,PCB,Punjab,Jalandhar,96.6,per kg,88.87,104.33,False,Derived (Composition Model - Copper-driven),Simulated historical trend (see SOURCES.md for base-value citations)
29-08-2026,Cable,Punjab,Jalandhar,222.28,per kg,204.5,240.06,False,Derived (Composition Model - Copper-driven),Simulated historical trend (see SOURCES.md for base-value citations)
29-08-2026,Motor,Punjab,Jalandhar,45.46,per kg,41.82,49.1,False,Derived (Composition Model - Copper-driven),Simulated historical trend (see SOURCES.md for base-value citations)
29-08-2026,Battery,Punjab,Jalandhar,42.57,per kg,39.16,45.98,False,Derived (Composition Model - Lead-driven),Simulated historical trend (see SOURCES.md for base-value citations)
29-08-2026,CRT,Punjab,Jalandhar,0.0,per kg,0.0,0.0,True,"Derived (Composition Model - Lead-driven, hazard-adjusted)",Simulated historical trend (see SOURCES.md for base-value citations)
29-08-2026,LCD,Punjab,Jalandhar,18.93,per kg,17.42,20.44,False,Derived (Composition Model - Aluminium-driven),Simulated historical trend (see SOURCES.md for base-value citations)
29-08-2026,Copper,Maharashtra,Mumbai,600.15,per kg,552.14,648.16,False,Derived (Formula from Metals.Dev API - MCX/LME-linked),Simulated historical trend (see SOURCES.md for base-value citations)
29-08-2026,Aluminium,Maharashtra,Mumbai,156.41,per kg,143.9,168.92,False,Derived (Formula from Metals.Dev API - MCX/LME-linked),Simulated historical trend (see SOURCES.md for base-value citations)
29-08-2026,Iron,Maharashtra,Mumbai,41.07,per kg,37.78,44.36,False,Derived (Formula from Metals.Dev API - MCX/LME-linked),Simulated historical trend (see SOURCES.md for base-value citations)
29-08-2026,Lead,Maharashtra,Mumbai,99.11,per kg,91.18,107.04,False,Derived (Formula from Metals.Dev API - MCX/LME-linked),Simulated historical trend (see SOURCES.md for base-value citations)
29-08-2026,PCB,Maharashtra,Mumbai,105.95,per kg,97.47,114.43,False,Derived (Composition Model - Copper-driven),Simulated historical trend (see SOURCES.md for base-value citations)
29-08-2026,Cable,Maharashtra,Mumbai,272.28,per kg,250.5,294.06,False,Derived (Composition Model - Copper-driven),Simulated historical trend (see SOURCES.md for base-value citations)
29-08-2026,Motor,Maharashtra,Mumbai,49.69,per kg,45.71,53.67,False,Derived (Composition Model - Copper-driven),Simulated historical trend (see SOURCES.md for base-value citations)
29-08-2026,Battery,Maharashtra,Mumbai,42.47,per kg,39.07,45.87,False,Derived (Composition Model - Lead-driven),Simulated historical trend (see SOURCES.md for base-value citations)
29-08-2026,CRT,Maharashtra,Mumbai,0.0,per kg,0.0,0.0,True,"Derived (Composition Model - Lead-driven, hazard-adjusted)",Simulated historical trend (see SOURCES.md for base-value citations)
29-08-2026,LCD,Maharashtra,Mumbai,21.73,per kg,19.99,23.47,False,Derived (Composition Model - Aluminium-driven),Simulated historical trend (see SOURCES.md for base-value citations)
29-08-2026,Copper,Maharashtra,Pune,606.7,per kg,558.16,655.24,False,Derived (Formula from Metals.Dev API - MCX/LME-linked),Simulated historical trend (see SOURCES.md for base-value citations)
29-08-2026,Aluminium,Maharashtra,Pune,159.47,per kg,146.71,172.23,False,Derived (Formula from Metals.Dev API - MCX/LME-linked),Simulated historical trend (see SOURCES.md for base-value citations)
29-08-2026,Iron,Maharashtra,Pune,36.45,per kg,33.53,39.37,False,Derived (Formula from Metals.Dev API - MCX/LME-linked),Simulated historical trend (see SOURCES.md for base-value citations)
29-08-2026,Lead,Maharashtra,Pune,99.97,per kg,91.97,107.97,False,Derived (Formula from Metals.Dev API - MCX/LME-linked),Simulated historical trend (see SOURCES.md for base-value citations)
29-08-2026,PCB,Maharashtra,Pune,107.78,per kg,99.16,116.4,False,Derived (Composition Model - Copper-driven),Simulated historical trend (see SOURCES.md for base-value citations)
29-08-2026,Cable,Maharashtra,Pune,243.18,per kg,223.73,262.63,False,Derived (Composition Model - Copper-driven),Simulated historical trend (see SOURCES.md for base-value citations)
29-08-2026,Motor,Maharashtra,Pune,46.23,per kg,42.53,49.93,False,Derived (Composition Model - Copper-driven),Simulated historical trend (see SOURCES.md for base-value citations)
29-08-2026,Battery,Maharashtra,Pune,45.7,per kg,42.04,49.36,False,Derived (Composition Model - Lead-driven),Simulated historical trend (see SOURCES.md for base-value citations)
29-08-2026,CRT,Maharashtra,Pune,0.0,per kg,0.0,0.0,True,"Derived (Composition Model - Lead-driven, hazard-adjusted)",Simulated historical trend (see SOURCES.md for base-value citations)
29-08-2026,LCD,Maharashtra,Pune,20.15,per kg,18.54,21.76,False,Derived (Composition Model - Aluminium-driven),Simulated historical trend (see SOURCES.md for base-value citations)
28-08-2026,Copper,Punjab,Ludhiana,599.25,per kg,551.31,647.19,False,Derived (Formula from Metals.Dev API - MCX/LME-linked),Simulated historical trend (see SOURCES.md for base-value citations)
28-08-2026,Aluminium,Punjab,Ludhiana,138.77,per kg,127.67,149.87,False,Derived (Formula from Metals.Dev API - MCX/LME-linked),Simulated historical trend (see SOURCES.md for base-value citations)
28-08-2026,Iron,Punjab,Ludhiana,38.0,per kg,34.96,41.04,False,Derived (Formula from Metals.Dev API - MCX/LME-linked),Simulated historical trend (see SOURCES.md for base-value citations)
28-08-2026,Lead,Punjab,Ludhiana,96.63,per kg,88.9,104.36,False,Derived (Formula from Metals.Dev API - MCX/LME-linked),Simulated historical trend (see SOURCES.md for base-value citations)
28-08-2026,PCB,Punjab,Ludhiana,119.15,per kg,109.62,128.68,False,Derived (Composition Model - Copper-driven),Simulated historical trend (see SOURCES.md for base-value citations)
28-08-2026,Cable,Punjab,Ludhiana,258.22,per kg,237.56,278.88,False,Derived (Composition Model - Copper-driven),Simulated historical trend (see SOURCES.md for base-value citations)
28-08-2026,Motor,Punjab,Ludhiana,43.34,per kg,39.87,46.81,False,Derived (Composition Model - Copper-driven),Simulated historical trend (see SOURCES.md for base-value citations)
28-08-2026,Battery,Punjab,Ludhiana,41.85,per kg,38.5,45.2,False,Derived (Composition Model - Lead-driven),Simulated historical trend (see SOURCES.md for base-value citations)
28-08-2026,CRT,Punjab,Ludhiana,0.0,per kg,0.0,0.0,True,"Derived (Composition Model - Lead-driven, hazard-adjusted)",Simulated historical trend (see SOURCES.md for base-value citations)
28-08-2026,LCD,Punjab,Ludhiana,20.52,per kg,18.88,22.16,False,Derived (Composition Model - Aluminium-driven),Simulated historical trend (see SOURCES.md for base-value citations)
28-08-2026,Copper,Punjab,Amritsar,647.77,per kg,595.95,699.59,False,Derived (Formula from Metals.Dev API - MCX/LME-linked),Simulated historical trend (see SOURCES.md for base-value citations)
28-08-2026,Aluminium,Punjab,Amritsar,148.09,per kg,136.24,159.94,False,Derived (Formula from Metals.Dev API - MCX/LME-linked),Simulated historical trend (see SOURCES.md for base-value citations)
28-08-2026,Iron,Punjab,Amritsar,34.46,per kg,31.7,37.22,False,Derived (Formula from Metals.Dev API - MCX/LME-linked),Simulated historical trend (see SOURCES.md for base-value citations)
28-08-2026,Lead,Punjab,Amritsar,100.36,per kg,92.33,108.39,False,Derived (Formula from Metals.Dev API - MCX/LME-linked),Simulated historical trend (see SOURCES.md for base-value citations)
28-08-2026,PCB,Punjab,Amritsar,115.2,per kg,105.98,124.42,False,Derived (Composition Model - Copper-driven),Simulated historical trend (see SOURCES.md for base-value citations)
28-08-2026,Cable,Punjab,Amritsar,257.74,per kg,237.12,278.36,False,Derived (Composition Model - Copper-driven),Simulated historical trend (see SOURCES.md for base-value citations)
28-08-2026,Motor,Punjab,Amritsar,45.28,per kg,41.66,48.9,False,Derived (Composition Model - Copper-driven),Simulated historical trend (see SOURCES.md for base-value citations)
28-08-2026,Battery,Punjab,Amritsar,45.87,per kg,42.2,49.54,False,Derived (Composition Model - Lead-driven),Simulated historical trend (see SOURCES.md for base-value citations)
28-08-2026,CRT,Punjab,Amritsar,0.0,per kg,0.0,0.0,True,"Derived (Composition Model - Lead-driven, hazard-adjusted)",Simulated historical trend (see SOURCES.md for base-value citations)
28-08-2026,LCD,Punjab,Amritsar,20.33,per kg,18.7,21.96,False,Derived (Composition Model - Aluminium-driven),Simulated historical trend (see SOURCES.md for base-value citations)
28-08-2026,Copper,Punjab,Jalandhar,611.61,per kg,562.68,660.54,False,Derived (Formula from Metals.Dev API - MCX/LME-linked),Simulated historical trend (see SOURCES.md for base-value citations)
28-08-2026,Aluminium,Punjab,Jalandhar,138.27,per kg,127.21,149.33,False,Derived (Formula from Metals.Dev API - MCX/LME-linked),Simulated historical trend (see SOURCES.md for base-value citations)
28-08-2026,Iron,Punjab,Jalandhar,36.84,per kg,33.89,39.79,False,Derived (Formula from Metals.Dev API - MCX/LME-linked),Simulated historical trend (see SOURCES.md for base-value citations)
28-08-2026,Lead,Punjab,Jalandhar,98.62,per kg,90.73,106.51,False,Derived (Formula from Metals.Dev API - MCX/LME-linked),Simulated historical trend (see SOURCES.md for base-value citations)
28-08-2026,PCB,Punjab,Jalandhar,110.73,per kg,101.87,119.59,False,Derived (Composition Model - Copper-driven),Simulated historical trend (see SOURCES.md for base-value citations)
28-08-2026,Cable,Punjab,Jalandhar,251.04,per kg,230.96,271.12,False,Derived (Composition Model - Copper-driven),Simulated historical trend (see SOURCES.md for base-value citations)
28-08-2026,Motor,Punjab,Jalandhar,41.92,per kg,38.57,45.27,False,Derived (Composition Model - Copper-driven),Simulated historical trend (see SOURCES.md for base-value citations)
28-08-2026,Battery,Punjab,Jalandhar,36.53,per kg,33.61,39.45,False,Derived (Composition Model - Lead-driven),Simulated historical trend (see SOURCES.md for base-value citations)
28-08-2026,CRT,Punjab,Jalandhar,0.0,per kg,0.0,0.0,True,"Derived (Composition Model - Lead-driven, hazard-adjusted)",Simulated historical trend (see SOURCES.md for base-value citations)
28-08-2026,LCD,Punjab,Jalandhar,20.04,per kg,18.44,21.64,False,Derived (Composition Model - Aluminium-driven),Simulated historical trend (see SOURCES.md for base-value citations)
28-08-2026,Copper,Maharashtra,Mumbai,704.26,per kg,647.92,760.6,False,Derived (Formula from Metals.Dev API - MCX/LME-linked),Simulated historical trend (see SOURCES.md for base-value citations)
28-08-2026,Aluminium,Maharashtra,Mumbai,166.29,per kg,152.99,179.59,False,Derived (Formula from Metals.Dev API - MCX/LME-linked),Simulated historical trend (see SOURCES.md for base-value citations)
28-08-2026,Iron,Maharashtra,Mumbai,40.32,per kg,37.09,43.55,False,Derived (Formula from Metals.Dev API - MCX/LME-linked),Simulated historical trend (see SOURCES.md for base-value citations)
28-08-2026,Lead,Maharashtra,Mumbai,97.13,per kg,89.36,104.9,False,Derived (Formula from Metals.Dev API - MCX/LME-linked),Simulated historical trend (see SOURCES.md for base-value citations)
28-08-2026,PCB,Maharashtra,Mumbai,110.75,per kg,101.89,119.61,False,Derived (Composition Model - Copper-driven),Simulated historical trend (see SOURCES.md for base-value citations)
28-08-2026,Cable,Maharashtra,Mumbai,265.24,per kg,244.02,286.46,False,Derived (Composition Model - Copper-driven),Simulated historical trend (see SOURCES.md for base-value citations)
28-08-2026,Motor,Maharashtra,Mumbai,45.91,per kg,42.24,49.58,False,Derived (Composition Model - Copper-driven),Simulated historical trend (see SOURCES.md for base-value citations)
28-08-2026,Battery,Maharashtra,Mumbai,47.79,per kg,43.97,51.61,False,Derived (Composition Model - Lead-driven),Simulated historical trend (see SOURCES.md for base-value citations)
28-08-2026,CRT,Maharashtra,Mumbai,0.0,per kg,0.0,0.0,True,"Derived (Composition Model - Lead-driven, hazard-adjusted)",Simulated historical trend (see SOURCES.md for base-value citations)
28-08-2026,LCD,Maharashtra,Mumbai,22.49,per kg,20.69,24.29,False,Derived (Composition Model - Aluminium-driven),Simulated historical trend (see SOURCES.md for base-value citations)
28-08-2026,Copper,Maharashtra,Pune,663.36,per kg,610.29,716.43,False,Derived (Formula from Metals.Dev API - MCX/LME-linked),Simulated historical trend (see SOURCES.md for base-value citations)
28-08-2026,Aluminium,Maharashtra,Pune,161.84,per kg,148.89,174.79,False,Derived (Formula from Metals.Dev API - MCX/LME-linked),Simulated historical trend (see SOURCES.md for base-value citations)
28-08-2026,Iron,Maharashtra,Pune,33.13,per kg,30.48,35.78,False,Derived (Formula from Metals.Dev API - MCX/LME-linked),Simulated historical trend (see SOURCES.md for base-value citations)
28-08-2026,Lead,Maharashtra,Pune,103.8,per kg,95.5,112.1,False,Derived (Formula from Metals.Dev API - MCX/LME-linked),Simulated historical trend (see SOURCES.md for base-value citations)
28-08-2026,PCB,Maharashtra,Pune,122.6,per kg,112.79,132.41,False,Derived (Composition Model - Copper-driven),Simulated historical trend (see SOURCES.md for base-value citations)
28-08-2026,Cable,Maharashtra,Pune,259.51,per kg,238.75,280.27,False,Derived (Composition Model - Copper-driven),Simulated historical trend (see SOURCES.md for base-value citations)
28-08-2026,Motor,Maharashtra,Pune,45.64,per kg,41.99,49.29,False,Derived (Composition Model - Copper-driven),Simulated historical trend (see SOURCES.md for base-value citations)
28-08-2026,Battery,Maharashtra,Pune,47.29,per kg,43.51,51.07,False,Derived (Composition Model - Lead-driven),Simulated historical trend (see SOURCES.md for base-value citations)
28-08-2026,CRT,Maharashtra,Pune,0.0,per kg,0.0,0.0,True,"Derived (Composition Model - Lead-driven, hazard-adjusted)",Simulated historical trend (see SOURCES.md for base-value citations)
28-08-2026,LCD,Maharashtra,Pune,21.43,per kg,19.72,23.14,False,Derived (Composition Model - Aluminium-driven),Simulated historical trend (see SOURCES.md for base-value citations)
27-08-2026,Copper,Punjab,Ludhiana,652.97,per kg,600.73,705.21,False,Derived (Formula from Metals.Dev API - MCX/LME-linked),Simulated historical trend (see SOURCES.md for base-value citations)
27-08-2026,Aluminium,Punjab,Ludhiana,140.99,per kg,129.71,152.27,False,Derived (Formula from Metals.Dev API - MCX/LME-linked),Simulated historical trend (see SOURCES.md for base-value citations)
27-08-2026,Iron,Punjab,Ludhiana,36.94,per kg,33.98,39.9,False,Derived (Formula from Metals.Dev API - MCX/LME-linked),Simulated historical trend (see SOURCES.md for base-value citations)
27-08-2026,Lead,Punjab,Ludhiana,104.5,per kg,96.14,112.86,False,Derived (Formula from Metals.Dev API - MCX/LME-linked),Simulated historical trend (see SOURCES.md for base-value citations)
27-08-2026,PCB,Punjab,Ludhiana,107.69,per kg,99.07,116.31,False,Derived (Composition Model - Copper-driven),Simulated historical trend (see SOURCES.md for base-value citations)
27-08-2026,Cable,Punjab,Ludhiana,271.28,per kg,249.58,292.98,False,Derived (Composition Model - Copper-driven),Simulated historical trend (see SOURCES.md for base-value citations)
27-08-2026,Motor,Punjab,Ludhiana,50.3,per kg,46.28,54.32,False,Derived (Composition Model - Copper-driven),Simulated historical trend (see SOURCES.md for base-value citations)
27-08-2026,Battery,Punjab,Ludhiana,45.12,per kg,41.51,48.73,False,Derived (Composition Model - Lead-driven),Simulated historical trend (see SOURCES.md for base-value citations)
27-08-2026,CRT,Punjab,Ludhiana,0.0,per kg,0.0,0.0,True,"Derived (Composition Model - Lead-driven, hazard-adjusted)",Simulated historical trend (see SOURCES.md for base-value citations)
27-08-2026,LCD,Punjab,Ludhiana,20.74,per kg,19.08,22.4,False,Derived (Composition Model - Aluminium-driven),Simulated historical trend (see SOURCES.md for base-value citations)
27-08-2026,Copper,Punjab,Amritsar,609.04,per kg,560.32,657.76,False,Derived (Formula from Metals.Dev API - MCX/LME-linked),Simulated historical trend (see SOURCES.md for base-value citations)
27-08-2026,Aluminium,Punjab,Amritsar,149.57,per kg,137.6,161.54,False,Derived (Formula from Metals.Dev API - MCX/LME-linked),Simulated historical trend (see SOURCES.md for base-value citations)
27-08-2026,Iron,Punjab,Amritsar,32.82,per kg,30.19,35.45,False,Derived (Formula from Metals.Dev API - MCX/LME-linked),Simulated historical trend (see SOURCES.md for base-value citations)
27-08-2026,Lead,Punjab,Amritsar,104.86,per kg,96.47,113.25,False,Derived (Formula from Metals.Dev API - MCX/LME-linked),Simulated historical trend (see SOURCES.md for base-value citations)
27-08-2026,PCB,Punjab,Amritsar,113.14,per kg,104.09,122.19,False,Derived (Composition Model - Copper-driven),Simulated historical trend (see SOURCES.md for base-value citations)
27-08-2026,Cable,Punjab,Amritsar,234.6,per kg,215.83,253.37,False,Derived (Composition Model - Copper-driven),Simulated historical trend (see SOURCES.md for base-value citations)
27-08-2026,Motor,Punjab,Amritsar,50.77,per kg,46.71,54.83,False,Derived (Composition Model - Copper-driven),Simulated historical trend (see SOURCES.md for base-value citations)
27-08-2026,Battery,Punjab,Amritsar,39.83,per kg,36.64,43.02,False,Derived (Composition Model - Lead-driven),Simulated historical trend (see SOURCES.md for base-value citations)
27-08-2026,CRT,Punjab,Amritsar,0.0,per kg,0.0,0.0,True,"Derived (Composition Model - Lead-driven, hazard-adjusted)",Simulated historical trend (see SOURCES.md for base-value citations)
27-08-2026,LCD,Punjab,Amritsar,21.16,per kg,19.47,22.85,False,Derived (Composition Model - Aluminium-driven),Simulated historical trend (see SOURCES.md for base-value citations)
27-08-2026,Copper,Punjab,Jalandhar,647.9,per kg,596.07,699.73,False,Derived (Formula from Metals.Dev API - MCX/LME-linked),Simulated historical trend (see SOURCES.md for base-value citations)
27-08-2026,Aluminium,Punjab,Jalandhar,136.94,per kg,125.98,147.9,False,Derived (Formula from Metals.Dev API - MCX/LME-linked),Simulated historical trend (see SOURCES.md for base-value citations)
27-08-2026,Iron,Punjab,Jalandhar,33.76,per kg,31.06,36.46,False,Derived (Formula from Metals.Dev API - MCX/LME-linked),Simulated historical trend (see SOURCES.md for base-value citations)
27-08-2026,Lead,Punjab,Jalandhar,94.68,per kg,87.11,102.25,False,Derived (Formula from Metals.Dev API - MCX/LME-linked),Simulated historical trend (see SOURCES.md for base-value citations)
27-08-2026,PCB,Punjab,Jalandhar,107.58,per kg,98.97,116.19,False,Derived (Composition Model - Copper-driven),Simulated historical trend (see SOURCES.md for base-value citations)
27-08-2026,Cable,Punjab,Jalandhar,253.5,per kg,233.22,273.78,False,Derived (Composition Model - Copper-driven),Simulated historical trend (see SOURCES.md for base-value citations)
27-08-2026,Motor,Punjab,Jalandhar,43.7,per kg,40.2,47.2,False,Derived (Composition Model - Copper-driven),Simulated historical trend (see SOURCES.md for base-value citations)
27-08-2026,Battery,Punjab,Jalandhar,40.36,per kg,37.13,43.59,False,Derived (Composition Model - Lead-driven),Simulated historical trend (see SOURCES.md for base-value citations)
27-08-2026,CRT,Punjab,Jalandhar,0.0,per kg,0.0,0.0,True,"Derived (Composition Model - Lead-driven, hazard-adjusted)",Simulated historical trend (see SOURCES.md for base-value citations)
27-08-2026,LCD,Punjab,Jalandhar,19.74,per kg,18.16,21.32,False,Derived (Composition Model - Aluminium-driven),Simulated historical trend (see SOURCES.md for base-value citations)
27-08-2026,Copper,Maharashtra,Mumbai,633.25,per kg,582.59,683.91,False,Derived (Formula from Metals.Dev API - MCX/LME-linked),Simulated historical trend (see SOURCES.md for base-value citations)
27-08-2026,Aluminium,Maharashtra,Mumbai,158.42,per kg,145.75,171.09,False,Derived (Formula from Metals.Dev API - MCX/LME-linked),Simulated historical trend (see SOURCES.md for base-value citations)
27-08-2026,Iron,Maharashtra,Mumbai,41.28,per kg,37.98,44.58,False,Derived (Formula from Metals.Dev API - MCX/LME-linked),Simulated historical trend (see SOURCES.md for base-value citations)
27-08-2026,Lead,Maharashtra,Mumbai,104.4,per kg,96.05,112.75,False,Derived (Formula from Metals.Dev API - MCX/LME-linked),Simulated historical trend (see SOURCES.md for base-value citations)
27-08-2026,PCB,Maharashtra,Mumbai,116.25,per kg,106.95,125.55,False,Derived (Composition Model - Copper-driven),Simulated historical trend (see SOURCES.md for base-value citations)
27-08-2026,Cable,Maharashtra,Mumbai,243.06,per kg,223.62,262.5,False,Derived (Composition Model - Copper-driven),Simulated historical trend (see SOURCES.md for base-value citations)
27-08-2026,Motor,Maharashtra,Mumbai,45.57,per kg,41.92,49.22,False,Derived (Composition Model - Copper-driven),Simulated historical trend (see SOURCES.md for base-value citations)
27-08-2026,Battery,Maharashtra,Mumbai,41.11,per kg,37.82,44.4,False,Derived (Composition Model - Lead-driven),Simulated historical trend (see SOURCES.md for base-value citations)
27-08-2026,CRT,Maharashtra,Mumbai,0.0,per kg,0.0,0.0,True,"Derived (Composition Model - Lead-driven, hazard-adjusted)",Simulated historical trend (see SOURCES.md for base-value citations)
27-08-2026,LCD,Maharashtra,Mumbai,21.47,per kg,19.75,23.19,False,Derived (Composition Model - Aluminium-driven),Simulated historical trend (see SOURCES.md for base-value citations)
27-08-2026,Copper,Maharashtra,Pune,650.88,per kg,598.81,702.95,False,Derived (Formula from Metals.Dev API - MCX/LME-linked),Simulated historical trend (see SOURCES.md for base-value citations)
27-08-2026,Aluminium,Maharashtra,Pune,164.32,per kg,151.17,177.47,False,Derived (Formula from Metals.Dev API - MCX/LME-linked),Simulated historical trend (see SOURCES.md for base-value citations)
27-08-2026,Iron,Maharashtra,Pune,39.94,per kg,36.74,43.14,False,Derived (Formula from Metals.Dev API - MCX/LME-linked),Simulated historical trend (see SOURCES.md for base-value citations)
27-08-2026,Lead,Maharashtra,Pune,108.24,per kg,99.58,116.9,False,Derived (Formula from Metals.Dev API - MCX/LME-linked),Simulated historical trend (see SOURCES.md for base-value citations)
27-08-2026,PCB,Maharashtra,Pune,116.98,per kg,107.62,126.34,False,Derived (Composition Model - Copper-driven),Simulated historical trend (see SOURCES.md for base-value citations)
27-08-2026,Cable,Maharashtra,Pune,234.84,per kg,216.05,253.63,False,Derived (Composition Model - Copper-driven),Simulated historical trend (see SOURCES.md for base-value citations)
27-08-2026,Motor,Maharashtra,Pune,49.69,per kg,45.71,53.67,False,Derived (Composition Model - Copper-driven),Simulated historical trend (see SOURCES.md for base-value citations)
27-08-2026,Battery,Maharashtra,Pune,43.36,per kg,39.89,46.83,False,Derived (Composition Model - Lead-driven),Simulated historical trend (see SOURCES.md for base-value citations)
27-08-2026,CRT,Maharashtra,Pune,0.0,per kg,0.0,0.0,True,"Derived (Composition Model - Lead-driven, hazard-adjusted)",Simulated historical trend (see SOURCES.md for base-value citations)
27-08-2026,LCD,Maharashtra,Pune,21.61,per kg,19.88,23.34,False,Derived (Composition Model - Aluminium-driven),Simulated historical trend (see SOURCES.md for base-value citations)
26-08-2026,Copper,Punjab,Ludhiana,590.68,per kg,543.43,637.93,False,Derived (Formula from Metals.Dev API - MCX/LME-linked),Simulated historical trend (see SOURCES.md for base-value citations)
26-08-2026,Aluminium,Punjab,Ludhiana,158.88,per kg,146.17,171.59,False,Derived (Formula from Metals.Dev API - MCX/LME-linked),Simulated historical trend (see SOURCES.md for base-value citations)
26-08-2026,Iron,Punjab,Ludhiana,37.46,per kg,34.46,40.46,False,Derived (Formula from Metals.Dev API - MCX/LME-linked),Simulated historical trend (see SOURCES.md for base-value citations)
26-08-2026,Lead,Punjab,Ludhiana,93.76,per kg,86.26,101.26,False,Derived (Formula from Metals.Dev API - MCX/LME-linked),Simulated historical trend (see SOURCES.md for base-value citations)
26-08-2026,PCB,Punjab,Ludhiana,101.29,per kg,93.19,109.39,False,Derived (Composition Model - Copper-driven),Simulated historical trend (see SOURCES.md for base-value citations)
26-08-2026,Cable,Punjab,Ludhiana,226.25,per kg,208.15,244.35,False,Derived (Composition Model - Copper-driven),Simulated historical trend (see SOURCES.md for base-value citations)
26-08-2026,Motor,Punjab,Ludhiana,46.84,per kg,43.09,50.59,False,Derived (Composition Model - Copper-driven),Simulated historical trend (see SOURCES.md for base-value citations)
26-08-2026,Battery,Punjab,Ludhiana,43.24,per kg,39.78,46.7,False,Derived (Composition Model - Lead-driven),Simulated historical trend (see SOURCES.md for base-value citations)
26-08-2026,CRT,Punjab,Ludhiana,0.0,per kg,0.0,0.0,True,"Derived (Composition Model - Lead-driven, hazard-adjusted)",Simulated historical trend (see SOURCES.md for base-value citations)
26-08-2026,LCD,Punjab,Ludhiana,21.34,per kg,19.63,23.05,False,Derived (Composition Model - Aluminium-driven),Simulated historical trend (see SOURCES.md for base-value citations)
26-08-2026,Copper,Punjab,Amritsar,595.75,per kg,548.09,643.41,False,Derived (Formula from Metals.Dev API - MCX/LME-linked),Simulated historical trend (see SOURCES.md for base-value citations)
26-08-2026,Aluminium,Punjab,Amritsar,156.93,per kg,144.38,169.48,False,Derived (Formula from Metals.Dev API - MCX/LME-linked),Simulated historical trend (see SOURCES.md for base-value citations)
26-08-2026,Iron,Punjab,Amritsar,33.62,per kg,30.93,36.31,False,Derived (Formula from Metals.Dev API - MCX/LME-linked),Simulated historical trend (see SOURCES.md for base-value citations)
26-08-2026,Lead,Punjab,Amritsar,97.69,per kg,89.87,105.51,False,Derived (Formula from Metals.Dev API - MCX/LME-linked),Simulated historical trend (see SOURCES.md for base-value citations)
26-08-2026,PCB,Punjab,Amritsar,104.22,per kg,95.88,112.56,False,Derived (Composition Model - Copper-driven),Simulated historical trend (see SOURCES.md for base-value citations)
26-08-2026,Cable,Punjab,Amritsar,239.94,per kg,220.74,259.14,False,Derived (Composition Model - Copper-driven),Simulated historical trend (see SOURCES.md for base-value citations)
26-08-2026,Motor,Punjab,Amritsar,44.37,per kg,40.82,47.92,False,Derived (Composition Model - Copper-driven),Simulated historical trend (see SOURCES.md for base-value citations)
26-08-2026,Battery,Punjab,Amritsar,46.91,per kg,43.16,50.66,False,Derived (Composition Model - Lead-driven),Simulated historical trend (see SOURCES.md for base-value citations)
26-08-2026,CRT,Punjab,Amritsar,0.0,per kg,0.0,0.0,True,"Derived (Composition Model - Lead-driven, hazard-adjusted)",Simulated historical trend (see SOURCES.md for base-value citations)
26-08-2026,LCD,Punjab,Amritsar,19.38,per kg,17.83,20.93,False,Derived (Composition Model - Aluminium-driven),Simulated historical trend (see SOURCES.md for base-value citations)
26-08-2026,Copper,Punjab,Jalandhar,612.81,per kg,563.79,661.83,False,Derived (Formula from Metals.Dev API - MCX/LME-linked),Simulated historical trend (see SOURCES.md for base-value citations)
26-08-2026,Aluminium,Punjab,Jalandhar,144.31,per kg,132.77,155.85,False,Derived (Formula from Metals.Dev API - MCX/LME-linked),Simulated historical trend (see SOURCES.md for base-value citations)
26-08-2026,Iron,Punjab,Jalandhar,34.31,per kg,31.57,37.05,False,Derived (Formula from Metals.Dev API - MCX/LME-linked),Simulated historical trend (see SOURCES.md for base-value citations)
26-08-2026,Lead,Punjab,Jalandhar,101.54,per kg,93.42,109.66,False,Derived (Formula from Metals.Dev API - MCX/LME-linked),Simulated historical trend (see SOURCES.md for base-value citations)
26-08-2026,PCB,Punjab,Jalandhar,95.49,per kg,87.85,103.13,False,Derived (Composition Model - Copper-driven),Simulated historical trend (see SOURCES.md for base-value citations)
26-08-2026,Cable,Punjab,Jalandhar,236.53,per kg,217.61,255.45,False,Derived (Composition Model - Copper-driven),Simulated historical trend (see SOURCES.md for base-value citations)
26-08-2026,Motor,Punjab,Jalandhar,46.07,per kg,42.38,49.76,False,Derived (Composition Model - Copper-driven),Simulated historical trend (see SOURCES.md for base-value citations)
26-08-2026,Battery,Punjab,Jalandhar,40.56,per kg,37.32,43.8,False,Derived (Composition Model - Lead-driven),Simulated historical trend (see SOURCES.md for base-value citations)
26-08-2026,CRT,Punjab,Jalandhar,0.0,per kg,0.0,0.0,True,"Derived (Composition Model - Lead-driven, hazard-adjusted)",Simulated historical trend (see SOURCES.md for base-value citations)
26-08-2026,LCD,Punjab,Jalandhar,18.92,per kg,17.41,20.43,False,Derived (Composition Model - Aluminium-driven),Simulated historical trend (see SOURCES.md for base-value citations)
26-08-2026,Copper,Maharashtra,Mumbai,688.71,per kg,633.61,743.81,False,Derived (Formula from Metals.Dev API - MCX/LME-linked),Simulated historical trend (see SOURCES.md for base-value citations)
26-08-2026,Aluminium,Maharashtra,Mumbai,152.24,per kg,140.06,164.42,False,Derived (Formula from Metals.Dev API - MCX/LME-linked),Simulated historical trend (see SOURCES.md for base-value citations)
26-08-2026,Iron,Maharashtra,Mumbai,40.24,per kg,37.02,43.46,False,Derived (Formula from Metals.Dev API - MCX/LME-linked),Simulated historical trend (see SOURCES.md for base-value citations)
26-08-2026,Lead,Maharashtra,Mumbai,99.96,per kg,91.96,107.96,False,Derived (Formula from Metals.Dev API - MCX/LME-linked),Simulated historical trend (see SOURCES.md for base-value citations)
26-08-2026,PCB,Maharashtra,Mumbai,125.71,per kg,115.65,135.77,False,Derived (Composition Model - Copper-driven),Simulated historical trend (see SOURCES.md for base-value citations)
26-08-2026,Cable,Maharashtra,Mumbai,252.12,per kg,231.95,272.29,False,Derived (Composition Model - Copper-driven),Simulated historical trend (see SOURCES.md for base-value citations)
26-08-2026,Motor,Maharashtra,Mumbai,46.12,per kg,42.43,49.81,False,Derived (Composition Model - Copper-driven),Simulated historical trend (see SOURCES.md for base-value citations)
26-08-2026,Battery,Maharashtra,Mumbai,41.35,per kg,38.04,44.66,False,Derived (Composition Model - Lead-driven),Simulated historical trend (see SOURCES.md for base-value citations)
26-08-2026,CRT,Maharashtra,Mumbai,0.0,per kg,0.0,0.0,True,"Derived (Composition Model - Lead-driven, hazard-adjusted)",Simulated historical trend (see SOURCES.md for base-value citations)
26-08-2026,LCD,Maharashtra,Mumbai,21.62,per kg,19.89,23.35,False,Derived (Composition Model - Aluminium-driven),Simulated historical trend (see SOURCES.md for base-value citations)
26-08-2026,Copper,Maharashtra,Pune,696.42,per kg,640.71,752.13,False,Derived (Formula from Metals.Dev API - MCX/LME-linked),Simulated historical trend (see SOURCES.md for base-value citations)
26-08-2026,Aluminium,Maharashtra,Pune,162.94,per kg,149.9,175.98,False,Derived (Formula from Metals.Dev API - MCX/LME-linked),Simulated historical trend (see SOURCES.md for base-value citations)
26-08-2026,Iron,Maharashtra,Pune,34.11,per kg,31.38,36.84,False,Derived (Formula from Metals.Dev API - MCX/LME-linked),Simulated historical trend (see SOURCES.md for base-value citations)
26-08-2026,Lead,Maharashtra,Pune,99.24,per kg,91.3,107.18,False,Derived (Formula from Metals.Dev API - MCX/LME-linked),Simulated historical trend (see SOURCES.md for base-value citations)
26-08-2026,PCB,Maharashtra,Pune,111.66,per kg,102.73,120.59,False,Derived (Composition Model - Copper-driven),Simulated historical trend (see SOURCES.md for base-value citations)
26-08-2026,Cable,Maharashtra,Pune,268.14,per kg,246.69,289.59,False,Derived (Composition Model - Copper-driven),Simulated historical trend (see SOURCES.md for base-value citations)
26-08-2026,Motor,Maharashtra,Pune,44.31,per kg,40.77,47.85,False,Derived (Composition Model - Copper-driven),Simulated historical trend (see SOURCES.md for base-value citations)
26-08-2026,Battery,Maharashtra,Pune,45.97,per kg,42.29,49.65,False,Derived (Composition Model - Lead-driven),Simulated historical trend (see SOURCES.md for base-value citations)
26-08-2026,CRT,Maharashtra,Pune,0.0,per kg,0.0,0.0,True,"Derived (Composition Model - Lead-driven, hazard-adjusted)",Simulated historical trend (see SOURCES.md for base-value citations)
26-08-2026,LCD,Maharashtra,Pune,18.84,per kg,17.33,20.35,False,Derived (Composition Model - Aluminium-driven),Simulated historical trend (see SOURCES.md for base-value citations)
25-08-2026,Copper,Punjab,Ludhiana,616.14,per kg,566.85,665.43,False,Derived (Formula from Metals.Dev API - MCX/LME-linked),Simulated historical trend (see SOURCES.md for base-value citations)
25-08-2026,Aluminium,Punjab,Ludhiana,137.97,per kg,126.93,149.01,False,Derived (Formula from Metals.Dev API - MCX/LME-linked),Simulated historical trend (see SOURCES.md for base-value citations)
25-08-2026,Iron,Punjab,Ludhiana,34.3,per kg,31.56,37.04,False,Derived (Formula from Metals.Dev API - MCX/LME-linked),Simulated historical trend (see SOURCES.md for base-value citations)
25-08-2026,Lead,Punjab,Ludhiana,106.21,per kg,97.71,114.71,False,Derived (Formula from Metals.Dev API - MCX/LME-linked),Simulated historical trend (see SOURCES.md for base-value citations)
25-08-2026,PCB,Punjab,Ludhiana,120.21,per kg,110.59,129.83,False,Derived (Composition Model - Copper-driven),Simulated historical trend (see SOURCES.md for base-value citations)
25-08-2026,Cable,Punjab,Ludhiana,261.73,per kg,240.79,282.67,False,Derived (Composition Model - Copper-driven),Simulated historical trend (see SOURCES.md for base-value citations)
25-08-2026,Motor,Punjab,Ludhiana,47.76,per kg,43.94,51.58,False,Derived (Composition Model - Copper-driven),Simulated historical trend (see SOURCES.md for base-value citations)
25-08-2026,Battery,Punjab,Ludhiana,46.23,per kg,42.53,49.93,False,Derived (Composition Model - Lead-driven),Simulated historical trend (see SOURCES.md for base-value citations)
25-08-2026,CRT,Punjab,Ludhiana,0.0,per kg,0.0,0.0,True,"Derived (Composition Model - Lead-driven, hazard-adjusted)",Simulated historical trend (see SOURCES.md for base-value citations)
25-08-2026,LCD,Punjab,Ludhiana,21.76,per kg,20.02,23.5,False,Derived (Composition Model - Aluminium-driven),Simulated historical trend (see SOURCES.md for base-value citations)
25-08-2026,Copper,Punjab,Amritsar,639.85,per kg,588.66,691.04,False,Derived (Formula from Metals.Dev API - MCX/LME-linked),Simulated historical trend (see SOURCES.md for base-value citations)
25-08-2026,Aluminium,Punjab,Amritsar,155.95,per kg,143.47,168.43,False,Derived (Formula from Metals.Dev API - MCX/LME-linked),Simulated historical trend (see SOURCES.md for base-value citations)
25-08-2026,Iron,Punjab,Amritsar,39.01,per kg,35.89,42.13,False,Derived (Formula from Metals.Dev API - MCX/LME-linked),Simulated historical trend (see SOURCES.md for base-value citations)
25-08-2026,Lead,Punjab,Amritsar,109.93,per kg,101.14,118.72,False,Derived (Formula from Metals.Dev API - MCX/LME-linked),Simulated historical trend (see SOURCES.md for base-value citations)
25-08-2026,PCB,Punjab,Amritsar,107.49,per kg,98.89,116.09,False,Derived (Composition Model - Copper-driven),Simulated historical trend (see SOURCES.md for base-value citations)
25-08-2026,Cable,Punjab,Amritsar,271.62,per kg,249.89,293.35,False,Derived (Composition Model - Copper-driven),Simulated historical trend (see SOURCES.md for base-value citations)
25-08-2026,Motor,Punjab,Amritsar,52.63,per kg,48.42,56.84,False,Derived (Composition Model - Copper-driven),Simulated historical trend (see SOURCES.md for base-value citations)
25-08-2026,Battery,Punjab,Amritsar,46.61,per kg,42.88,50.34,False,Derived (Composition Model - Lead-driven),Simulated historical trend (see SOURCES.md for base-value citations)
25-08-2026,CRT,Punjab,Amritsar,0.0,per kg,0.0,0.0,True,"Derived (Composition Model - Lead-driven, hazard-adjusted)",Simulated historical trend (see SOURCES.md for base-value citations)
25-08-2026,LCD,Punjab,Amritsar,20.07,per kg,18.46,21.68,False,Derived (Composition Model - Aluminium-driven),Simulated historical trend (see SOURCES.md for base-value citations)
25-08-2026,Copper,Punjab,Jalandhar,588.74,per kg,541.64,635.84,False,Derived (Formula from Metals.Dev API - MCX/LME-linked),Simulated historical trend (see SOURCES.md for base-value citations)
25-08-2026,Aluminium,Punjab,Jalandhar,149.42,per kg,137.47,161.37,False,Derived (Formula from Metals.Dev API - MCX/LME-linked),Simulated historical trend (see SOURCES.md for base-value citations)
25-08-2026,Iron,Punjab,Jalandhar,35.12,per kg,32.31,37.93,False,Derived (Formula from Metals.Dev API - MCX/LME-linked),Simulated historical trend (see SOURCES.md for base-value citations)
25-08-2026,Lead,Punjab,Jalandhar,88.5,per kg,81.42,95.58,False,Derived (Formula from Metals.Dev API - MCX/LME-linked),Simulated historical trend (see SOURCES.md for base-value citations)
25-08-2026,PCB,Punjab,Jalandhar,112.71,per kg,103.69,121.73,False,Derived (Composition Model - Copper-driven),Simulated historical trend (see SOURCES.md for base-value citations)
25-08-2026,Cable,Punjab,Jalandhar,217.21,per kg,199.83,234.59,False,Derived (Composition Model - Copper-driven),Simulated historical trend (see SOURCES.md for base-value citations)
25-08-2026,Motor,Punjab,Jalandhar,49.26,per kg,45.32,53.2,False,Derived (Composition Model - Copper-driven),Simulated historical trend (see SOURCES.md for base-value citations)
25-08-2026,Battery,Punjab,Jalandhar,40.37,per kg,37.14,43.6,False,Derived (Composition Model - Lead-driven),Simulated historical trend (see SOURCES.md for base-value citations)
25-08-2026,CRT,Punjab,Jalandhar,0.0,per kg,0.0,0.0,True,"Derived (Composition Model - Lead-driven, hazard-adjusted)",Simulated historical trend (see SOURCES.md for base-value citations)
25-08-2026,LCD,Punjab,Jalandhar,21.44,per kg,19.72,23.16,False,Derived (Composition Model - Aluminium-driven),Simulated historical trend (see SOURCES.md for base-value citations)
25-08-2026,Copper,Maharashtra,Mumbai,623.35,per kg,573.48,673.22,False,Derived (Formula from Metals.Dev API - MCX/LME-linked),Simulated historical trend (see SOURCES.md for base-value citations)
25-08-2026,Aluminium,Maharashtra,Mumbai,168.5,per kg,155.02,181.98,False,Derived (Formula from Metals.Dev API - MCX/LME-linked),Simulated historical trend (see SOURCES.md for base-value citations)
25-08-2026,Iron,Maharashtra,Mumbai,33.96,per kg,31.24,36.68,False,Derived (Formula from Metals.Dev API - MCX/LME-linked),Simulated historical trend (see SOURCES.md for base-value citations)
25-08-2026,Lead,Maharashtra,Mumbai,101.27,per kg,93.17,109.37,False,Derived (Formula from Metals.Dev API - MCX/LME-linked),Simulated historical trend (see SOURCES.md for base-value citations)
25-08-2026,PCB,Maharashtra,Mumbai,106.73,per kg,98.19,115.27,False,Derived (Composition Model - Copper-driven),Simulated historical trend (see SOURCES.md for base-value citations)
25-08-2026,Cable,Maharashtra,Mumbai,252.58,per kg,232.37,272.79,False,Derived (Composition Model - Copper-driven),Simulated historical trend (see SOURCES.md for base-value citations)
25-08-2026,Motor,Maharashtra,Mumbai,52.39,per kg,48.2,56.58,False,Derived (Composition Model - Copper-driven),Simulated historical trend (see SOURCES.md for base-value citations)
25-08-2026,Battery,Maharashtra,Mumbai,43.28,per kg,39.82,46.74,False,Derived (Composition Model - Lead-driven),Simulated historical trend (see SOURCES.md for base-value citations)
25-08-2026,CRT,Maharashtra,Mumbai,0.0,per kg,0.0,0.0,True,"Derived (Composition Model - Lead-driven, hazard-adjusted)",Simulated historical trend (see SOURCES.md for base-value citations)
25-08-2026,LCD,Maharashtra,Mumbai,23.44,per kg,21.56,25.32,False,Derived (Composition Model - Aluminium-driven),Simulated historical trend (see SOURCES.md for base-value citations)
25-08-2026,Copper,Maharashtra,Pune,643.34,per kg,591.87,694.81,False,Derived (Formula from Metals.Dev API - MCX/LME-linked),Simulated historical trend (see SOURCES.md for base-value citations)
25-08-2026,Aluminium,Maharashtra,Pune,136.82,per kg,125.87,147.77,False,Derived (Formula from Metals.Dev API - MCX/LME-linked),Simulated historical trend (see SOURCES.md for base-value citations)
25-08-2026,Iron,Maharashtra,Pune,34.53,per kg,31.77,37.29,False,Derived (Formula from Metals.Dev API - MCX/LME-linked),Simulated historical trend (see SOURCES.md for base-value citations)
25-08-2026,Lead,Maharashtra,Pune,107.33,per kg,98.74,115.92,False,Derived (Formula from Metals.Dev API - MCX/LME-linked),Simulated historical trend (see SOURCES.md for base-value citations)
25-08-2026,PCB,Maharashtra,Pune,121.43,per kg,111.72,131.14,False,Derived (Composition Model - Copper-driven),Simulated historical trend (see SOURCES.md for base-value citations)
25-08-2026,Cable,Maharashtra,Pune,253.22,per kg,232.96,273.48,False,Derived (Composition Model - Copper-driven),Simulated historical trend (see SOURCES.md for base-value citations)
25-08-2026,Motor,Maharashtra,Pune,48.4,per kg,44.53,52.27,False,Derived (Composition Model - Copper-driven),Simulated historical trend (see SOURCES.md for base-value citations)
25-08-2026,Battery,Maharashtra,Pune,45.75,per kg,42.09,49.41,False,Derived (Composition Model - Lead-driven),Simulated historical trend (see SOURCES.md for base-value citations)
25-08-2026,CRT,Maharashtra,Pune,0.0,per kg,0.0,0.0,True,"Derived (Composition Model - Lead-driven, hazard-adjusted)",Simulated historical trend (see SOURCES.md for base-value citations)
25-08-2026,LCD,Maharashtra,Pune,21.74,per kg,20.0,23.48,False,Derived (Composition Model - Aluminium-driven),Simulated historical trend (see SOURCES.md for base-value citations)
24-08-2026,Copper,Punjab,Ludhiana,680.36,per kg,625.93,734.79,False,Derived (Formula from Metals.Dev API - MCX/LME-linked),Simulated historical trend (see SOURCES.md for base-value citations)
24-08-2026,Aluminium,Punjab,Ludhiana,155.52,per kg,143.08,167.96,False,Derived (Formula from Metals.Dev API - MCX/LME-linked),Simulated historical trend (see SOURCES.md for base-value citations)
24-08-2026,Iron,Punjab,Ludhiana,33.59,per kg,30.9,36.28,False,Derived (Formula from Metals.Dev API - MCX/LME-linked),Simulated historical trend (see SOURCES.md for base-value citations)
24-08-2026,Lead,Punjab,Ludhiana,105.95,per kg,97.47,114.43,False,Derived (Formula from Metals.Dev API - MCX/LME-linked),Simulated historical trend (see SOURCES.md for base-value citations)
24-08-2026,PCB,Punjab,Ludhiana,101.89,per kg,93.74,110.04,False,Derived (Composition Model - Copper-driven),Simulated historical trend (see SOURCES.md for base-value citations)
24-08-2026,Cable,Punjab,Ludhiana,250.45,per kg,230.41,270.49,False,Derived (Composition Model - Copper-driven),Simulated historical trend (see SOURCES.md for base-value citations)
24-08-2026,Motor,Punjab,Ludhiana,46.22,per kg,42.52,49.92,False,Derived (Composition Model - Copper-driven),Simulated historical trend (see SOURCES.md for base-value citations)
24-08-2026,Battery,Punjab,Ludhiana,45.83,per kg,42.16,49.5,False,Derived (Composition Model - Lead-driven),Simulated historical trend (see SOURCES.md for base-value citations)
24-08-2026,CRT,Punjab,Ludhiana,0.0,per kg,0.0,0.0,True,"Derived (Composition Model - Lead-driven, hazard-adjusted)",Simulated historical trend (see SOURCES.md for base-value citations)
24-08-2026,LCD,Punjab,Ludhiana,19.97,per kg,18.37,21.57,False,Derived (Composition Model - Aluminium-driven),Simulated historical trend (see SOURCES.md for base-value citations)
24-08-2026,Copper,Punjab,Amritsar,686.55,per kg,631.63,741.47,False,Derived (Formula from Metals.Dev API - MCX/LME-linked),Simulated historical trend (see SOURCES.md for base-value citations)
24-08-2026,Aluminium,Punjab,Amritsar,136.89,per kg,125.94,147.84,False,Derived (Formula from Metals.Dev API - MCX/LME-linked),Simulated historical trend (see SOURCES.md for base-value citations)
24-08-2026,Iron,Punjab,Amritsar,33.17,per kg,30.52,35.82,False,Derived (Formula from Metals.Dev API - MCX/LME-linked),Simulated historical trend (see SOURCES.md for base-value citations)
24-08-2026,Lead,Punjab,Amritsar,95.64,per kg,87.99,103.29,False,Derived (Formula from Metals.Dev API - MCX/LME-linked),Simulated historical trend (see SOURCES.md for base-value citations)
24-08-2026,PCB,Punjab,Amritsar,116.84,per kg,107.49,126.19,False,Derived (Composition Model - Copper-driven),Simulated historical trend (see SOURCES.md for base-value citations)
24-08-2026,Cable,Punjab,Amritsar,237.87,per kg,218.84,256.9,False,Derived (Composition Model - Copper-driven),Simulated historical trend (see SOURCES.md for base-value citations)
24-08-2026,Motor,Punjab,Amritsar,46.26,per kg,42.56,49.96,False,Derived (Composition Model - Copper-driven),Simulated historical trend (see SOURCES.md for base-value citations)
24-08-2026,Battery,Punjab,Amritsar,39.66,per kg,36.49,42.83,False,Derived (Composition Model - Lead-driven),Simulated historical trend (see SOURCES.md for base-value citations)
24-08-2026,CRT,Punjab,Amritsar,0.0,per kg,0.0,0.0,True,"Derived (Composition Model - Lead-driven, hazard-adjusted)",Simulated historical trend (see SOURCES.md for base-value citations)
24-08-2026,LCD,Punjab,Amritsar,19.44,per kg,17.88,21.0,False,Derived (Composition Model - Aluminium-driven),Simulated historical trend (see SOURCES.md for base-value citations)
24-08-2026,Copper,Punjab,Jalandhar,659.66,per kg,606.89,712.43,False,Derived (Formula from Metals.Dev API - MCX/LME-linked),Simulated historical trend (see SOURCES.md for base-value citations)
24-08-2026,Aluminium,Punjab,Jalandhar,148.17,per kg,136.32,160.02,False,Derived (Formula from Metals.Dev API - MCX/LME-linked),Simulated historical trend (see SOURCES.md for base-value citations)
24-08-2026,Iron,Punjab,Jalandhar,32.18,per kg,29.61,34.75,False,Derived (Formula from Metals.Dev API - MCX/LME-linked),Simulated historical trend (see SOURCES.md for base-value citations)
24-08-2026,Lead,Punjab,Jalandhar,93.3,per kg,85.84,100.76,False,Derived (Formula from Metals.Dev API - MCX/LME-linked),Simulated historical trend (see SOURCES.md for base-value citations)
24-08-2026,PCB,Punjab,Jalandhar,96.48,per kg,88.76,104.2,False,Derived (Composition Model - Copper-driven),Simulated historical trend (see SOURCES.md for base-value citations)
24-08-2026,Cable,Punjab,Jalandhar,234.76,per kg,215.98,253.54,False,Derived (Composition Model - Copper-driven),Simulated historical trend (see SOURCES.md for base-value citations)
24-08-2026,Motor,Punjab,Jalandhar,44.62,per kg,41.05,48.19,False,Derived (Composition Model - Copper-driven),Simulated historical trend (see SOURCES.md for base-value citations)
24-08-2026,Battery,Punjab,Jalandhar,41.52,per kg,38.2,44.84,False,Derived (Composition Model - Lead-driven),Simulated historical trend (see SOURCES.md for base-value citations)
24-08-2026,CRT,Punjab,Jalandhar,0.0,per kg,0.0,0.0,True,"Derived (Composition Model - Lead-driven, hazard-adjusted)",Simulated historical trend (see SOURCES.md for base-value citations)
24-08-2026,LCD,Punjab,Jalandhar,18.74,per kg,17.24,20.24,False,Derived (Composition Model - Aluminium-driven),Simulated historical trend (see SOURCES.md for base-value citations)
24-08-2026,Copper,Maharashtra,Mumbai,649.44,per kg,597.48,701.4,False,Derived (Formula from Metals.Dev API - MCX/LME-linked),Simulated historical trend (see SOURCES.md for base-value citations)
24-08-2026,Aluminium,Maharashtra,Mumbai,141.76,per kg,130.42,153.1,False,Derived (Formula from Metals.Dev API - MCX/LME-linked),Simulated historical trend (see SOURCES.md for base-value citations)
24-08-2026,Iron,Maharashtra,Mumbai,37.69,per kg,34.67,40.71,False,Derived (Formula from Metals.Dev API - MCX/LME-linked),Simulated historical trend (see SOURCES.md for base-value citations)
24-08-2026,Lead,Maharashtra,Mumbai,104.71,per kg,96.33,113.09,False,Derived (Formula from Metals.Dev API - MCX/LME-linked),Simulated historical trend (see SOURCES.md for base-value citations)
24-08-2026,PCB,Maharashtra,Mumbai,125.88,per kg,115.81,135.95,False,Derived (Composition Model - Copper-driven),Simulated historical trend (see SOURCES.md for base-value citations)
24-08-2026,Cable,Maharashtra,Mumbai,253.79,per kg,233.49,274.09,False,Derived (Composition Model - Copper-driven),Simulated historical trend (see SOURCES.md for base-value citations)
24-08-2026,Motor,Maharashtra,Mumbai,49.87,per kg,45.88,53.86,False,Derived (Composition Model - Copper-driven),Simulated historical trend (see SOURCES.md for base-value citations)
24-08-2026,Battery,Maharashtra,Mumbai,47.93,per kg,44.1,51.76,False,Derived (Composition Model - Lead-driven),Simulated historical trend (see SOURCES.md for base-value citations)
24-08-2026,CRT,Maharashtra,Mumbai,0.0,per kg,0.0,0.0,True,"Derived (Composition Model - Lead-driven, hazard-adjusted)",Simulated historical trend (see SOURCES.md for base-value citations)
24-08-2026,LCD,Maharashtra,Mumbai,20.0,per kg,18.4,21.6,False,Derived (Composition Model - Aluminium-driven),Simulated historical trend (see SOURCES.md for base-value citations)
24-08-2026,Copper,Maharashtra,Pune,617.33,per kg,567.94,666.72,False,Derived (Formula from Metals.Dev API - MCX/LME-linked),Simulated historical trend (see SOURCES.md for base-value citations)
24-08-2026,Aluminium,Maharashtra,Pune,164.82,per kg,151.63,178.01,False,Derived (Formula from Metals.Dev API - MCX/LME-linked),Simulated historical trend (see SOURCES.md for base-value citations)
24-08-2026,Iron,Maharashtra,Pune,38.27,per kg,35.21,41.33,False,Derived (Formula from Metals.Dev API - MCX/LME-linked),Simulated historical trend (see SOURCES.md for base-value citations)
24-08-2026,Lead,Maharashtra,Pune,106.76,per kg,98.22,115.3,False,Derived (Formula from Metals.Dev API - MCX/LME-linked),Simulated historical trend (see SOURCES.md for base-value citations)
24-08-2026,PCB,Maharashtra,Pune,104.09,per kg,95.76,112.42,False,Derived (Composition Model - Copper-driven),Simulated historical trend (see SOURCES.md for base-value citations)
24-08-2026,Cable,Maharashtra,Pune,264.78,per kg,243.6,285.96,False,Derived (Composition Model - Copper-driven),Simulated historical trend (see SOURCES.md for base-value citations)
24-08-2026,Motor,Maharashtra,Pune,51.38,per kg,47.27,55.49,False,Derived (Composition Model - Copper-driven),Simulated historical trend (see SOURCES.md for base-value citations)
24-08-2026,Battery,Maharashtra,Pune,41.97,per kg,38.61,45.33,False,Derived (Composition Model - Lead-driven),Simulated historical trend (see SOURCES.md for base-value citations)
24-08-2026,CRT,Maharashtra,Pune,0.0,per kg,0.0,0.0,True,"Derived (Composition Model - Lead-driven, hazard-adjusted)",Simulated historical trend (see SOURCES.md for base-value citations)
24-08-2026,LCD,Maharashtra,Pune,20.45,per kg,18.81,22.09,False,Derived (Composition Model - Aluminium-driven),Simulated historical trend (see SOURCES.md for base-value citations)
23-08-2026,Copper,Punjab,Ludhiana,656.69,per kg,604.15,709.23,False,Derived (Formula from Metals.Dev API - MCX/LME-linked),Simulated historical trend (see SOURCES.md for base-value citations)
23-08-2026,Aluminium,Punjab,Ludhiana,157.8,per kg,145.18,170.42,False,Derived (Formula from Metals.Dev API - MCX/LME-linked),Simulated historical trend (see SOURCES.md for base-value citations)
23-08-2026,Iron,Punjab,Ludhiana,32.59,per kg,29.98,35.2,False,Derived (Formula from Metals.Dev API - MCX/LME-linked),Simulated historical trend (see SOURCES.md for base-value citations)
23-08-2026,Lead,Punjab,Ludhiana,99.92,per kg,91.93,107.91,False,Derived (Formula from Metals.Dev API - MCX/LME-linked),Simulated historical trend (see SOURCES.md for base-value citations)
23-08-2026,PCB,Punjab,Ludhiana,102.14,per kg,93.97,110.31,False,Derived (Composition Model - Copper-driven),Simulated historical trend (see SOURCES.md for base-value citations)
23-08-2026,Cable,Punjab,Ludhiana,226.47,per kg,208.35,244.59,False,Derived (Composition Model - Copper-driven),Simulated historical trend (see SOURCES.md for base-value citations)
23-08-2026,Motor,Punjab,Ludhiana,46.71,per kg,42.97,50.45,False,Derived (Composition Model - Copper-driven),Simulated historical trend (see SOURCES.md for base-value citations)
23-08-2026,Battery,Punjab,Ludhiana,41.13,per kg,37.84,44.42,False,Derived (Composition Model - Lead-driven),Simulated historical trend (see SOURCES.md for base-value citations)
23-08-2026,CRT,Punjab,Ludhiana,0.0,per kg,0.0,0.0,True,"Derived (Composition Model - Lead-driven, hazard-adjusted)",Simulated historical trend (see SOURCES.md for base-value citations)
23-08-2026,LCD,Punjab,Ludhiana,18.86,per kg,17.35,20.37,False,Derived (Composition Model - Aluminium-driven),Simulated historical trend (see SOURCES.md for base-value citations)
23-08-2026,Copper,Punjab,Amritsar,616.54,per kg,567.22,665.86,False,Derived (Formula from Metals.Dev API - MCX/LME-linked),Simulated historical trend (see SOURCES.md for base-value citations)
23-08-2026,Aluminium,Punjab,Amritsar,141.85,per kg,130.5,153.2,False,Derived (Formula from Metals.Dev API - MCX/LME-linked),Simulated historical trend (see SOURCES.md for base-value citations)
23-08-2026,Iron,Punjab,Amritsar,36.51,per kg,33.59,39.43,False,Derived (Formula from Metals.Dev API - MCX/LME-linked),Simulated historical trend (see SOURCES.md for base-value citations)
23-08-2026,Lead,Punjab,Amritsar,97.0,per kg,89.24,104.76,False,Derived (Formula from Metals.Dev API - MCX/LME-linked),Simulated historical trend (see SOURCES.md for base-value citations)
23-08-2026,PCB,Punjab,Amritsar,105.97,per kg,97.49,114.45,False,Derived (Composition Model - Copper-driven),Simulated historical trend (see SOURCES.md for base-value citations)
23-08-2026,Cable,Punjab,Amritsar,228.41,per kg,210.14,246.68,False,Derived (Composition Model - Copper-driven),Simulated historical trend (see SOURCES.md for base-value citations)
23-08-2026,Motor,Punjab,Amritsar,44.08,per kg,40.55,47.61,False,Derived (Composition Model - Copper-driven),Simulated historical trend (see SOURCES.md for base-value citations)
23-08-2026,Battery,Punjab,Amritsar,45.55,per kg,41.91,49.19,False,Derived (Composition Model - Lead-driven),Simulated historical trend (see SOURCES.md for base-value citations)
23-08-2026,CRT,Punjab,Amritsar,0.0,per kg,0.0,0.0,True,"Derived (Composition Model - Lead-driven, hazard-adjusted)",Simulated historical trend (see SOURCES.md for base-value citations)
23-08-2026,LCD,Punjab,Amritsar,19.57,per kg,18.0,21.14,False,Derived (Composition Model - Aluminium-driven),Simulated historical trend (see SOURCES.md for base-value citations)
23-08-2026,Copper,Punjab,Jalandhar,592.38,per kg,544.99,639.77,False,Derived (Formula from Metals.Dev API - MCX/LME-linked),Simulated historical trend (see SOURCES.md for base-value citations)
23-08-2026,Aluminium,Punjab,Jalandhar,139.18,per kg,128.05,150.31,False,Derived (Formula from Metals.Dev API - MCX/LME-linked),Simulated historical trend (see SOURCES.md for base-value citations)
23-08-2026,Iron,Punjab,Jalandhar,37.62,per kg,34.61,40.63,False,Derived (Formula from Metals.Dev API - MCX/LME-linked),Simulated historical trend (see SOURCES.md for base-value citations)
23-08-2026,Lead,Punjab,Jalandhar,94.17,per kg,86.64,101.7,False,Derived (Formula from Metals.Dev API - MCX/LME-linked),Simulated historical trend (see SOURCES.md for base-value citations)
23-08-2026,PCB,Punjab,Jalandhar,100.42,per kg,92.39,108.45,False,Derived (Composition Model - Copper-driven),Simulated historical trend (see SOURCES.md for base-value citations)
23-08-2026,Cable,Punjab,Jalandhar,239.94,per kg,220.74,259.14,False,Derived (Composition Model - Copper-driven),Simulated historical trend (see SOURCES.md for base-value citations)
23-08-2026,Motor,Punjab,Jalandhar,49.36,per kg,45.41,53.31,False,Derived (Composition Model - Copper-driven),Simulated historical trend (see SOURCES.md for base-value citations)
23-08-2026,Battery,Punjab,Jalandhar,44.3,per kg,40.76,47.84,False,Derived (Composition Model - Lead-driven),Simulated historical trend (see SOURCES.md for base-value citations)
23-08-2026,CRT,Punjab,Jalandhar,0.0,per kg,0.0,0.0,True,"Derived (Composition Model - Lead-driven, hazard-adjusted)",Simulated historical trend (see SOURCES.md for base-value citations)
23-08-2026,LCD,Punjab,Jalandhar,19.29,per kg,17.75,20.83,False,Derived (Composition Model - Aluminium-driven),Simulated historical trend (see SOURCES.md for base-value citations)
23-08-2026,Copper,Maharashtra,Mumbai,641.15,per kg,589.86,692.44,False,Derived (Formula from Metals.Dev API - MCX/LME-linked),Simulated historical trend (see SOURCES.md for base-value citations)
23-08-2026,Aluminium,Maharashtra,Mumbai,142.55,per kg,131.15,153.95,False,Derived (Formula from Metals.Dev API - MCX/LME-linked),Simulated historical trend (see SOURCES.md for base-value citations)
23-08-2026,Iron,Maharashtra,Mumbai,38.94,per kg,35.82,42.06,False,Derived (Formula from Metals.Dev API - MCX/LME-linked),Simulated historical trend (see SOURCES.md for base-value citations)
23-08-2026,Lead,Maharashtra,Mumbai,97.46,per kg,89.66,105.26,False,Derived (Formula from Metals.Dev API - MCX/LME-linked),Simulated historical trend (see SOURCES.md for base-value citations)
23-08-2026,PCB,Maharashtra,Mumbai,119.69,per kg,110.11,129.27,False,Derived (Composition Model - Copper-driven),Simulated historical trend (see SOURCES.md for base-value citations)
23-08-2026,Cable,Maharashtra,Mumbai,262.61,per kg,241.6,283.62,False,Derived (Composition Model - Copper-driven),Simulated historical trend (see SOURCES.md for base-value citations)
23-08-2026,Motor,Maharashtra,Mumbai,53.52,per kg,49.24,57.8,False,Derived (Composition Model - Copper-driven),Simulated historical trend (see SOURCES.md for base-value citations)
23-08-2026,Battery,Maharashtra,Mumbai,44.3,per kg,40.76,47.84,False,Derived (Composition Model - Lead-driven),Simulated historical trend (see SOURCES.md for base-value citations)
23-08-2026,CRT,Maharashtra,Mumbai,0.0,per kg,0.0,0.0,True,"Derived (Composition Model - Lead-driven, hazard-adjusted)",Simulated historical trend (see SOURCES.md for base-value citations)
23-08-2026,LCD,Maharashtra,Mumbai,20.49,per kg,18.85,22.13,False,Derived (Composition Model - Aluminium-driven),Simulated historical trend (see SOURCES.md for base-value citations)
23-08-2026,Copper,Maharashtra,Pune,687.19,per kg,632.21,742.17,False,Derived (Formula from Metals.Dev API - MCX/LME-linked),Simulated historical trend (see SOURCES.md for base-value citations)
23-08-2026,Aluminium,Maharashtra,Pune,139.85,per kg,128.66,151.04,False,Derived (Formula from Metals.Dev API - MCX/LME-linked),Simulated historical trend (see SOURCES.md for base-value citations)
23-08-2026,Iron,Maharashtra,Pune,34.71,per kg,31.93,37.49,False,Derived (Formula from Metals.Dev API - MCX/LME-linked),Simulated historical trend (see SOURCES.md for base-value citations)
23-08-2026,Lead,Maharashtra,Pune,110.77,per kg,101.91,119.63,False,Derived (Formula from Metals.Dev API - MCX/LME-linked),Simulated historical trend (see SOURCES.md for base-value citations)
23-08-2026,PCB,Maharashtra,Pune,111.63,per kg,102.7,120.56,False,Derived (Composition Model - Copper-driven),Simulated historical trend (see SOURCES.md for base-value citations)
23-08-2026,Cable,Maharashtra,Pune,274.67,per kg,252.7,296.64,False,Derived (Composition Model - Copper-driven),Simulated historical trend (see SOURCES.md for base-value citations)
23-08-2026,Motor,Maharashtra,Pune,49.13,per kg,45.2,53.06,False,Derived (Composition Model - Copper-driven),Simulated historical trend (see SOURCES.md for base-value citations)
23-08-2026,Battery,Maharashtra,Pune,46.58,per kg,42.85,50.31,False,Derived (Composition Model - Lead-driven),Simulated historical trend (see SOURCES.md for base-value citations)
23-08-2026,CRT,Maharashtra,Pune,0.0,per kg,0.0,0.0,True,"Derived (Composition Model - Lead-driven, hazard-adjusted)",Simulated historical trend (see SOURCES.md for base-value citations)
23-08-2026,LCD,Maharashtra,Pune,20.86,per kg,19.19,22.53,False,Derived (Composition Model - Aluminium-driven),Simulated historical trend (see SOURCES.md for base-value citations)
22-08-2026,Copper,Punjab,Ludhiana,655.15,per kg,602.74,707.56,False,Derived (Formula from Metals.Dev API - MCX/LME-linked),Simulated historical trend (see SOURCES.md for base-value citations)
22-08-2026,Aluminium,Punjab,Ludhiana,144.64,per kg,133.07,156.21,False,Derived (Formula from Metals.Dev API - MCX/LME-linked),Simulated historical trend (see SOURCES.md for base-value citations)
22-08-2026,Iron,Punjab,Ludhiana,32.39,per kg,29.8,34.98,False,Derived (Formula from Metals.Dev API - MCX/LME-linked),Simulated historical trend (see SOURCES.md for base-value citations)
22-08-2026,Lead,Punjab,Ludhiana,92.04,per kg,84.68,99.4,False,Derived (Formula from Metals.Dev API - MCX/LME-linked),Simulated historical trend (see SOURCES.md for base-value citations)
22-08-2026,PCB,Punjab,Ludhiana,110.36,per kg,101.53,119.19,False,Derived (Composition Model - Copper-driven),Simulated historical trend (see SOURCES.md for base-value citations)
22-08-2026,Cable,Punjab,Ludhiana,244.74,per kg,225.16,264.32,False,Derived (Composition Model - Copper-driven),Simulated historical trend (see SOURCES.md for base-value citations)
22-08-2026,Motor,Punjab,Ludhiana,45.07,per kg,41.46,48.68,False,Derived (Composition Model - Copper-driven),Simulated historical trend (see SOURCES.md for base-value citations)
22-08-2026,Battery,Punjab,Ludhiana,43.27,per kg,39.81,46.73,False,Derived (Composition Model - Lead-driven),Simulated historical trend (see SOURCES.md for base-value citations)
22-08-2026,CRT,Punjab,Ludhiana,0.0,per kg,0.0,0.0,True,"Derived (Composition Model - Lead-driven, hazard-adjusted)",Simulated historical trend (see SOURCES.md for base-value citations)
22-08-2026,LCD,Punjab,Ludhiana,21.68,per kg,19.95,23.41,False,Derived (Composition Model - Aluminium-driven),Simulated historical trend (see SOURCES.md for base-value citations)
22-08-2026,Copper,Punjab,Amritsar,679.52,per kg,625.16,733.88,False,Derived (Formula from Metals.Dev API - MCX/LME-linked),Simulated historical trend (see SOURCES.md for base-value citations)
22-08-2026,Aluminium,Punjab,Amritsar,143.93,per kg,132.42,155.44,False,Derived (Formula from Metals.Dev API - MCX/LME-linked),Simulated historical trend (see SOURCES.md for base-value citations)
22-08-2026,Iron,Punjab,Amritsar,39.82,per kg,36.63,43.01,False,Derived (Formula from Metals.Dev API - MCX/LME-linked),Simulated historical trend (see SOURCES.md for base-value citations)
22-08-2026,Lead,Punjab,Amritsar,101.5,per kg,93.38,109.62,False,Derived (Formula from Metals.Dev API - MCX/LME-linked),Simulated historical trend (see SOURCES.md for base-value citations)
22-08-2026,PCB,Punjab,Amritsar,121.39,per kg,111.68,131.1,False,Derived (Composition Model - Copper-driven),Simulated historical trend (see SOURCES.md for base-value citations)
22-08-2026,Cable,Punjab,Amritsar,268.71,per kg,247.21,290.21,False,Derived (Composition Model - Copper-driven),Simulated historical trend (see SOURCES.md for base-value citations)
22-08-2026,Motor,Punjab,Amritsar,44.91,per kg,41.32,48.5,False,Derived (Composition Model - Copper-driven),Simulated historical trend (see SOURCES.md for base-value citations)
22-08-2026,Battery,Punjab,Amritsar,46.7,per kg,42.96,50.44,False,Derived (Composition Model - Lead-driven),Simulated historical trend (see SOURCES.md for base-value citations)
22-08-2026,CRT,Punjab,Amritsar,0.0,per kg,0.0,0.0,True,"Derived (Composition Model - Lead-driven, hazard-adjusted)",Simulated historical trend (see SOURCES.md for base-value citations)
22-08-2026,LCD,Punjab,Amritsar,21.79,per kg,20.05,23.53,False,Derived (Composition Model - Aluminium-driven),Simulated historical trend (see SOURCES.md for base-value citations)
22-08-2026,Copper,Punjab,Jalandhar,641.57,per kg,590.24,692.9,False,Derived (Formula from Metals.Dev API - MCX/LME-linked),Simulated historical trend (see SOURCES.md for base-value citations)
22-08-2026,Aluminium,Punjab,Jalandhar,141.53,per kg,130.21,152.85,False,Derived (Formula from Metals.Dev API - MCX/LME-linked),Simulated historical trend (see SOURCES.md for base-value citations)
22-08-2026,Iron,Punjab,Jalandhar,30.98,per kg,28.5,33.46,False,Derived (Formula from Metals.Dev API - MCX/LME-linked),Simulated historical trend (see SOURCES.md for base-value citations)
22-08-2026,Lead,Punjab,Jalandhar,96.12,per kg,88.43,103.81,False,Derived (Formula from Metals.Dev API - MCX/LME-linked),Simulated historical trend (see SOURCES.md for base-value citations)
22-08-2026,PCB,Punjab,Jalandhar,105.97,per kg,97.49,114.45,False,Derived (Composition Model - Copper-driven),Simulated historical trend (see SOURCES.md for base-value citations)
22-08-2026,Cable,Punjab,Jalandhar,254.91,per kg,234.52,275.3,False,Derived (Composition Model - Copper-driven),Simulated historical trend (see SOURCES.md for base-value citations)
22-08-2026,Motor,Punjab,Jalandhar,48.36,per kg,44.49,52.23,False,Derived (Composition Model - Copper-driven),Simulated historical trend (see SOURCES.md for base-value citations)
22-08-2026,Battery,Punjab,Jalandhar,39.8,per kg,36.62,42.98,False,Derived (Composition Model - Lead-driven),Simulated historical trend (see SOURCES.md for base-value citations)
22-08-2026,CRT,Punjab,Jalandhar,0.0,per kg,0.0,0.0,True,"Derived (Composition Model - Lead-driven, hazard-adjusted)",Simulated historical trend (see SOURCES.md for base-value citations)
22-08-2026,LCD,Punjab,Jalandhar,17.96,per kg,16.52,19.4,False,Derived (Composition Model - Aluminium-driven),Simulated historical trend (see SOURCES.md for base-value citations)
22-08-2026,Copper,Maharashtra,Mumbai,663.58,per kg,610.49,716.67,False,Derived (Formula from Metals.Dev API - MCX/LME-linked),Simulated historical trend (see SOURCES.md for base-value citations)
22-08-2026,Aluminium,Maharashtra,Mumbai,165.33,per kg,152.1,178.56,False,Derived (Formula from Metals.Dev API - MCX/LME-linked),Simulated historical trend (see SOURCES.md for base-value citations)
22-08-2026,Iron,Maharashtra,Mumbai,35.53,per kg,32.69,38.37,False,Derived (Formula from Metals.Dev API - MCX/LME-linked),Simulated historical trend (see SOURCES.md for base-value citations)
22-08-2026,Lead,Maharashtra,Mumbai,100.86,per kg,92.79,108.93,False,Derived (Formula from Metals.Dev API - MCX/LME-linked),Simulated historical trend (see SOURCES.md for base-value citations)
22-08-2026,PCB,Maharashtra,Mumbai,106.27,per kg,97.77,114.77,False,Derived (Composition Model - Copper-driven),Simulated historical trend (see SOURCES.md for base-value citations)
22-08-2026,Cable,Maharashtra,Mumbai,242.17,per kg,222.8,261.54,False,Derived (Composition Model - Copper-driven),Simulated historical trend (see SOURCES.md for base-value citations)
22-08-2026,Motor,Maharashtra,Mumbai,48.15,per kg,44.3,52.0,False,Derived (Composition Model - Copper-driven),Simulated historical trend (see SOURCES.md for base-value citations)
22-08-2026,Battery,Maharashtra,Mumbai,40.14,per kg,36.93,43.35,False,Derived (Composition Model - Lead-driven),Simulated historical trend (see SOURCES.md for base-value citations)
22-08-2026,CRT,Maharashtra,Mumbai,0.0,per kg,0.0,0.0,True,"Derived (Composition Model - Lead-driven, hazard-adjusted)",Simulated historical trend (see SOURCES.md for base-value citations)
22-08-2026,LCD,Maharashtra,Mumbai,19.48,per kg,17.92,21.04,False,Derived (Composition Model - Aluminium-driven),Simulated historical trend (see SOURCES.md for base-value citations)
22-08-2026,Copper,Maharashtra,Pune,596.75,per kg,549.01,644.49,False,Derived (Formula from Metals.Dev API - MCX/LME-linked),Simulated historical trend (see SOURCES.md for base-value citations)
22-08-2026,Aluminium,Maharashtra,Pune,161.92,per kg,148.97,174.87,False,Derived (Formula from Metals.Dev API - MCX/LME-linked),Simulated historical trend (see SOURCES.md for base-value citations)
22-08-2026,Iron,Maharashtra,Pune,39.7,per kg,36.52,42.88,False,Derived (Formula from Metals.Dev API - MCX/LME-linked),Simulated historical trend (see SOURCES.md for base-value citations)
22-08-2026,Lead,Maharashtra,Pune,110.75,per kg,101.89,119.61,False,Derived (Formula from Metals.Dev API - MCX/LME-linked),Simulated historical trend (see SOURCES.md for base-value citations)
22-08-2026,PCB,Maharashtra,Pune,110.9,per kg,102.03,119.77,False,Derived (Composition Model - Copper-driven),Simulated historical trend (see SOURCES.md for base-value citations)
22-08-2026,Cable,Maharashtra,Pune,255.6,per kg,235.15,276.05,False,Derived (Composition Model - Copper-driven),Simulated historical trend (see SOURCES.md for base-value citations)
22-08-2026,Motor,Maharashtra,Pune,49.84,per kg,45.85,53.83,False,Derived (Composition Model - Copper-driven),Simulated historical trend (see SOURCES.md for base-value citations)
22-08-2026,Battery,Maharashtra,Pune,42.53,per kg,39.13,45.93,False,Derived (Composition Model - Lead-driven),Simulated historical trend (see SOURCES.md for base-value citations)
22-08-2026,CRT,Maharashtra,Pune,0.0,per kg,0.0,0.0,True,"Derived (Composition Model - Lead-driven, hazard-adjusted)",Simulated historical trend (see SOURCES.md for base-value citations)
22-08-2026,LCD,Maharashtra,Pune,22.33,per kg,20.54,24.12,False,Derived (Composition Model - Aluminium-driven),Simulated historical trend (see SOURCES.md for base-value citations)
21-08-2026,Copper,Punjab,Ludhiana,651.44,per kg,599.32,703.56,False,Derived (Formula from Metals.Dev API - MCX/LME-linked),Simulated historical trend (see SOURCES.md for base-value citations)
21-08-2026,Aluminium,Punjab,Ludhiana,161.53,per kg,148.61,174.45,False,Derived (Formula from Metals.Dev API - MCX/LME-linked),Simulated historical trend (see SOURCES.md for base-value citations)
21-08-2026,Iron,Punjab,Ludhiana,37.06,per kg,34.1,40.02,False,Derived (Formula from Metals.Dev API - MCX/LME-linked),Simulated historical trend (see SOURCES.md for base-value citations)
21-08-2026,Lead,Punjab,Ludhiana,92.9,per kg,85.47,100.33,False,Derived (Formula from Metals.Dev API - MCX/LME-linked),Simulated historical trend (see SOURCES.md for base-value citations)
21-08-2026,PCB,Punjab,Ludhiana,114.48,per kg,105.32,123.64,False,Derived (Composition Model - Copper-driven),Simulated historical trend (see SOURCES.md for base-value citations)
21-08-2026,Cable,Punjab,Ludhiana,246.12,per kg,226.43,265.81,False,Derived (Composition Model - Copper-driven),Simulated historical trend (see SOURCES.md for base-value citations)
21-08-2026,Motor,Punjab,Ludhiana,46.21,per kg,42.51,49.91,False,Derived (Composition Model - Copper-driven),Simulated historical trend (see SOURCES.md for base-value citations)
21-08-2026,Battery,Punjab,Ludhiana,42.46,per kg,39.06,45.86,False,Derived (Composition Model - Lead-driven),Simulated historical trend (see SOURCES.md for base-value citations)
21-08-2026,CRT,Punjab,Ludhiana,0.0,per kg,0.0,0.0,True,"Derived (Composition Model - Lead-driven, hazard-adjusted)",Simulated historical trend (see SOURCES.md for base-value citations)
21-08-2026,LCD,Punjab,Ludhiana,18.49,per kg,17.01,19.97,False,Derived (Composition Model - Aluminium-driven),Simulated historical trend (see SOURCES.md for base-value citations)
21-08-2026,Copper,Punjab,Amritsar,693.86,per kg,638.35,749.37,False,Derived (Formula from Metals.Dev API - MCX/LME-linked),Simulated historical trend (see SOURCES.md for base-value citations)
21-08-2026,Aluminium,Punjab,Amritsar,144.74,per kg,133.16,156.32,False,Derived (Formula from Metals.Dev API - MCX/LME-linked),Simulated historical trend (see SOURCES.md for base-value citations)
21-08-2026,Iron,Punjab,Amritsar,37.15,per kg,34.18,40.12,False,Derived (Formula from Metals.Dev API - MCX/LME-linked),Simulated historical trend (see SOURCES.md for base-value citations)
21-08-2026,Lead,Punjab,Amritsar,91.29,per kg,83.99,98.59,False,Derived (Formula from Metals.Dev API - MCX/LME-linked),Simulated historical trend (see SOURCES.md for base-value citations)
21-08-2026,PCB,Punjab,Amritsar,116.37,per kg,107.06,125.68,False,Derived (Composition Model - Copper-driven),Simulated historical trend (see SOURCES.md for base-value citations)
21-08-2026,Cable,Punjab,Amritsar,252.05,per kg,231.89,272.21,False,Derived (Composition Model - Copper-driven),Simulated historical trend (see SOURCES.md for base-value citations)
21-08-2026,Motor,Punjab,Amritsar,52.26,per kg,48.08,56.44,False,Derived (Composition Model - Copper-driven),Simulated historical trend (see SOURCES.md for base-value citations)
21-08-2026,Battery,Punjab,Amritsar,44.99,per kg,41.39,48.59,False,Derived (Composition Model - Lead-driven),Simulated historical trend (see SOURCES.md for base-value citations)
21-08-2026,CRT,Punjab,Amritsar,0.0,per kg,0.0,0.0,True,"Derived (Composition Model - Lead-driven, hazard-adjusted)",Simulated historical trend (see SOURCES.md for base-value citations)
21-08-2026,LCD,Punjab,Amritsar,22.09,per kg,20.32,23.86,False,Derived (Composition Model - Aluminium-driven),Simulated historical trend (see SOURCES.md for base-value citations)
21-08-2026,Copper,Punjab,Jalandhar,622.94,per kg,573.1,672.78,False,Derived (Formula from Metals.Dev API - MCX/LME-linked),Simulated historical trend (see SOURCES.md for base-value citations)
21-08-2026,Aluminium,Punjab,Jalandhar,155.25,per kg,142.83,167.67,False,Derived (Formula from Metals.Dev API - MCX/LME-linked),Simulated historical trend (see SOURCES.md for base-value citations)
21-08-2026,Iron,Punjab,Jalandhar,33.83,per kg,31.12,36.54,False,Derived (Formula from Metals.Dev API - MCX/LME-linked),Simulated historical trend (see SOURCES.md for base-value citations)
21-08-2026,Lead,Punjab,Jalandhar,101.19,per kg,93.09,109.29,False,Derived (Formula from Metals.Dev API - MCX/LME-linked),Simulated historical trend (see SOURCES.md for base-value citations)
21-08-2026,PCB,Punjab,Jalandhar,114.72,per kg,105.54,123.9,False,Derived (Composition Model - Copper-driven),Simulated historical trend (see SOURCES.md for base-value citations)
21-08-2026,Cable,Punjab,Jalandhar,220.01,per kg,202.41,237.61,False,Derived (Composition Model - Copper-driven),Simulated historical trend (see SOURCES.md for base-value citations)
21-08-2026,Motor,Punjab,Jalandhar,44.06,per kg,40.54,47.58,False,Derived (Composition Model - Copper-driven),Simulated historical trend (see SOURCES.md for base-value citations)
21-08-2026,Battery,Punjab,Jalandhar,42.54,per kg,39.14,45.94,False,Derived (Composition Model - Lead-driven),Simulated historical trend (see SOURCES.md for base-value citations)
21-08-2026,CRT,Punjab,Jalandhar,0.0,per kg,0.0,0.0,True,"Derived (Composition Model - Lead-driven, hazard-adjusted)",Simulated historical trend (see SOURCES.md for base-value citations)
21-08-2026,LCD,Punjab,Jalandhar,18.86,per kg,17.35,20.37,False,Derived (Composition Model - Aluminium-driven),Simulated historical trend (see SOURCES.md for base-value citations)
21-08-2026,Copper,Maharashtra,Mumbai,613.22,per kg,564.16,662.28,False,Derived (Formula from Metals.Dev API - MCX/LME-linked),Simulated historical trend (see SOURCES.md for base-value citations)
21-08-2026,Aluminium,Maharashtra,Mumbai,152.68,per kg,140.47,164.89,False,Derived (Formula from Metals.Dev API - MCX/LME-linked),Simulated historical trend (see SOURCES.md for base-value citations)
21-08-2026,Iron,Maharashtra,Mumbai,38.65,per kg,35.56,41.74,False,Derived (Formula from Metals.Dev API - MCX/LME-linked),Simulated historical trend (see SOURCES.md for base-value citations)
21-08-2026,Lead,Maharashtra,Mumbai,95.65,per kg,88.0,103.3,False,Derived (Formula from Metals.Dev API - MCX/LME-linked),Simulated historical trend (see SOURCES.md for base-value citations)
21-08-2026,PCB,Maharashtra,Mumbai,113.0,per kg,103.96,122.04,False,Derived (Composition Model - Copper-driven),Simulated historical trend (see SOURCES.md for base-value citations)
21-08-2026,Cable,Maharashtra,Mumbai,237.09,per kg,218.12,256.06,False,Derived (Composition Model - Copper-driven),Simulated historical trend (see SOURCES.md for base-value citations)
21-08-2026,Motor,Maharashtra,Mumbai,52.01,per kg,47.85,56.17,False,Derived (Composition Model - Copper-driven),Simulated historical trend (see SOURCES.md for base-value citations)
21-08-2026,Battery,Maharashtra,Mumbai,48.13,per kg,44.28,51.98,False,Derived (Composition Model - Lead-driven),Simulated historical trend (see SOURCES.md for base-value citations)
21-08-2026,CRT,Maharashtra,Mumbai,0.0,per kg,0.0,0.0,True,"Derived (Composition Model - Lead-driven, hazard-adjusted)",Simulated historical trend (see SOURCES.md for base-value citations)
21-08-2026,LCD,Maharashtra,Mumbai,19.49,per kg,17.93,21.05,False,Derived (Composition Model - Aluminium-driven),Simulated historical trend (see SOURCES.md for base-value citations)
21-08-2026,Copper,Maharashtra,Pune,633.49,per kg,582.81,684.17,False,Derived (Formula from Metals.Dev API - MCX/LME-linked),Simulated historical trend (see SOURCES.md for base-value citations)
21-08-2026,Aluminium,Maharashtra,Pune,164.84,per kg,151.65,178.03,False,Derived (Formula from Metals.Dev API - MCX/LME-linked),Simulated historical trend (see SOURCES.md for base-value citations)
21-08-2026,Iron,Maharashtra,Pune,38.32,per kg,35.25,41.39,False,Derived (Formula from Metals.Dev API - MCX/LME-linked),Simulated historical trend (see SOURCES.md for base-value citations)
21-08-2026,Lead,Maharashtra,Pune,92.47,per kg,85.07,99.87,False,Derived (Formula from Metals.Dev API - MCX/LME-linked),Simulated historical trend (see SOURCES.md for base-value citations)
21-08-2026,PCB,Maharashtra,Pune,116.89,per kg,107.54,126.24,False,Derived (Composition Model - Copper-driven),Simulated historical trend (see SOURCES.md for base-value citations)
21-08-2026,Cable,Maharashtra,Pune,245.33,per kg,225.7,264.96,False,Derived (Composition Model - Copper-driven),Simulated historical trend (see SOURCES.md for base-value citations)
21-08-2026,Motor,Maharashtra,Pune,44.57,per kg,41.0,48.14,False,Derived (Composition Model - Copper-driven),Simulated historical trend (see SOURCES.md for base-value citations)
21-08-2026,Battery,Maharashtra,Pune,42.68,per kg,39.27,46.09,False,Derived (Composition Model - Lead-driven),Simulated historical trend (see SOURCES.md for base-value citations)
21-08-2026,CRT,Maharashtra,Pune,0.0,per kg,0.0,0.0,True,"Derived (Composition Model - Lead-driven, hazard-adjusted)",Simulated historical trend (see SOURCES.md for base-value citations)
21-08-2026,LCD,Maharashtra,Pune,19.28,per kg,17.74,20.82,False,Derived (Composition Model - Aluminium-driven),Simulated historical trend (see SOURCES.md for base-value citations)
20-08-2026,Copper,Punjab,Ludhiana,581.33,per kg,534.82,627.84,False,Derived (Formula from Metals.Dev API - MCX/LME-linked),Simulated historical trend (see SOURCES.md for base-value citations)
20-08-2026,Aluminium,Punjab,Ludhiana,140.88,per kg,129.61,152.15,False,Derived (Formula from Metals.Dev API - MCX/LME-linked),Simulated historical trend (see SOURCES.md for base-value citations)
20-08-2026,Iron,Punjab,Ludhiana,34.27,per kg,31.53,37.01,False,Derived (Formula from Metals.Dev API - MCX/LME-linked),Simulated historical trend (see SOURCES.md for base-value citations)
20-08-2026,Lead,Punjab,Ludhiana,98.3,per kg,90.44,106.16,False,Derived (Formula from Metals.Dev API - MCX/LME-linked),Simulated historical trend (see SOURCES.md for base-value citations)
20-08-2026,PCB,Punjab,Ludhiana,120.67,per kg,111.02,130.32,False,Derived (Composition Model - Copper-driven),Simulated historical trend (see SOURCES.md for base-value citations)
20-08-2026,Cable,Punjab,Ludhiana,251.8,per kg,231.66,271.94,False,Derived (Composition Model - Copper-driven),Simulated historical trend (see SOURCES.md for base-value citations)
20-08-2026,Motor,Punjab,Ludhiana,44.63,per kg,41.06,48.2,False,Derived (Composition Model - Copper-driven),Simulated historical trend (see SOURCES.md for base-value citations)
20-08-2026,Battery,Punjab,Ludhiana,44.77,per kg,41.19,48.35,False,Derived (Composition Model - Lead-driven),Simulated historical trend (see SOURCES.md for base-value citations)
20-08-2026,CRT,Punjab,Ludhiana,0.0,per kg,0.0,0.0,True,"Derived (Composition Model - Lead-driven, hazard-adjusted)",Simulated historical trend (see SOURCES.md for base-value citations)
20-08-2026,LCD,Punjab,Ludhiana,22.16,per kg,20.39,23.93,False,Derived (Composition Model - Aluminium-driven),Simulated historical trend (see SOURCES.md for base-value citations)
20-08-2026,Copper,Punjab,Amritsar,615.36,per kg,566.13,664.59,False,Derived (Formula from Metals.Dev API - MCX/LME-linked),Simulated historical trend (see SOURCES.md for base-value citations)
20-08-2026,Aluminium,Punjab,Amritsar,144.27,per kg,132.73,155.81,False,Derived (Formula from Metals.Dev API - MCX/LME-linked),Simulated historical trend (see SOURCES.md for base-value citations)
20-08-2026,Iron,Punjab,Amritsar,39.65,per kg,36.48,42.82,False,Derived (Formula from Metals.Dev API - MCX/LME-linked),Simulated historical trend (see SOURCES.md for base-value citations)
20-08-2026,Lead,Punjab,Amritsar,106.53,per kg,98.01,115.05,False,Derived (Formula from Metals.Dev API - MCX/LME-linked),Simulated historical trend (see SOURCES.md for base-value citations)
20-08-2026,PCB,Punjab,Amritsar,122.04,per kg,112.28,131.8,False,Derived (Composition Model - Copper-driven),Simulated historical trend (see SOURCES.md for base-value citations)
20-08-2026,Cable,Punjab,Amritsar,252.17,per kg,232.0,272.34,False,Derived (Composition Model - Copper-driven),Simulated historical trend (see SOURCES.md for base-value citations)
20-08-2026,Motor,Punjab,Amritsar,46.77,per kg,43.03,50.51,False,Derived (Composition Model - Copper-driven),Simulated historical trend (see SOURCES.md for base-value citations)
20-08-2026,Battery,Punjab,Amritsar,46.96,per kg,43.2,50.72,False,Derived (Composition Model - Lead-driven),Simulated historical trend (see SOURCES.md for base-value citations)
20-08-2026,CRT,Punjab,Amritsar,0.0,per kg,0.0,0.0,True,"Derived (Composition Model - Lead-driven, hazard-adjusted)",Simulated historical trend (see SOURCES.md for base-value citations)
20-08-2026,LCD,Punjab,Amritsar,21.2,per kg,19.5,22.9,False,Derived (Composition Model - Aluminium-driven),Simulated historical trend (see SOURCES.md for base-value citations)
20-08-2026,Copper,Punjab,Jalandhar,593.62,per kg,546.13,641.11,False,Derived (Formula from Metals.Dev API - MCX/LME-linked),Simulated historical trend (see SOURCES.md for base-value citations)
20-08-2026,Aluminium,Punjab,Jalandhar,131.17,per kg,120.68,141.66,False,Derived (Formula from Metals.Dev API - MCX/LME-linked),Simulated historical trend (see SOURCES.md for base-value citations)
20-08-2026,Iron,Punjab,Jalandhar,32.1,per kg,29.53,34.67,False,Derived (Formula from Metals.Dev API - MCX/LME-linked),Simulated historical trend (see SOURCES.md for base-value citations)
20-08-2026,Lead,Punjab,Jalandhar,89.87,per kg,82.68,97.06,False,Derived (Formula from Metals.Dev API - MCX/LME-linked),Simulated historical trend (see SOURCES.md for base-value citations)
20-08-2026,PCB,Punjab,Jalandhar,97.69,per kg,89.87,105.51,False,Derived (Composition Model - Copper-driven),Simulated historical trend (see SOURCES.md for base-value citations)
20-08-2026,Cable,Punjab,Jalandhar,251.47,per kg,231.35,271.59,False,Derived (Composition Model - Copper-driven),Simulated historical trend (see SOURCES.md for base-value citations)
20-08-2026,Motor,Punjab,Jalandhar,43.97,per kg,40.45,47.49,False,Derived (Composition Model - Copper-driven),Simulated historical trend (see SOURCES.md for base-value citations)
20-08-2026,Battery,Punjab,Jalandhar,43.68,per kg,40.19,47.17,False,Derived (Composition Model - Lead-driven),Simulated historical trend (see SOURCES.md for base-value citations)
20-08-2026,CRT,Punjab,Jalandhar,0.0,per kg,0.0,0.0,True,"Derived (Composition Model - Lead-driven, hazard-adjusted)",Simulated historical trend (see SOURCES.md for base-value citations)
20-08-2026,LCD,Punjab,Jalandhar,20.8,per kg,19.14,22.46,False,Derived (Composition Model - Aluminium-driven),Simulated historical trend (see SOURCES.md for base-value citations)
20-08-2026,Copper,Maharashtra,Mumbai,626.19,per kg,576.09,676.29,False,Derived (Formula from Metals.Dev API - MCX/LME-linked),Simulated historical trend (see SOURCES.md for base-value citations)
20-08-2026,Aluminium,Maharashtra,Mumbai,157.71,per kg,145.09,170.33,False,Derived (Formula from Metals.Dev API - MCX/LME-linked),Simulated historical trend (see SOURCES.md for base-value citations)
20-08-2026,Iron,Maharashtra,Mumbai,40.19,per kg,36.97,43.41,False,Derived (Formula from Metals.Dev API - MCX/LME-linked),Simulated historical trend (see SOURCES.md for base-value citations)
20-08-2026,Lead,Maharashtra,Mumbai,104.1,per kg,95.77,112.43,False,Derived (Formula from Metals.Dev API - MCX/LME-linked),Simulated historical trend (see SOURCES.md for base-value citations)
20-08-2026,PCB,Maharashtra,Mumbai,109.56,per kg,100.8,118.32,False,Derived (Composition Model - Copper-driven),Simulated historical trend (see SOURCES.md for base-value citations)
20-08-2026,Cable,Maharashtra,Mumbai,269.8,per kg,248.22,291.38,False,Derived (Composition Model - Copper-driven),Simulated historical trend (see SOURCES.md for base-value citations)
20-08-2026,Motor,Maharashtra,Mumbai,52.16,per kg,47.99,56.33,False,Derived (Composition Model - Copper-driven),Simulated historical trend (see SOURCES.md for base-value citations)
20-08-2026,Battery,Maharashtra,Mumbai,43.64,per kg,40.15,47.13,False,Derived (Composition Model - Lead-driven),Simulated historical trend (see SOURCES.md for base-value citations)
20-08-2026,CRT,Maharashtra,Mumbai,0.0,per kg,0.0,0.0,True,"Derived (Composition Model - Lead-driven, hazard-adjusted)",Simulated historical trend (see SOURCES.md for base-value citations)
20-08-2026,LCD,Maharashtra,Mumbai,21.18,per kg,19.49,22.87,False,Derived (Composition Model - Aluminium-driven),Simulated historical trend (see SOURCES.md for base-value citations)
20-08-2026,Copper,Maharashtra,Pune,619.24,per kg,569.7,668.78,False,Derived (Formula from Metals.Dev API - MCX/LME-linked),Simulated historical trend (see SOURCES.md for base-value citations)
20-08-2026,Aluminium,Maharashtra,Pune,161.67,per kg,148.74,174.6,False,Derived (Formula from Metals.Dev API - MCX/LME-linked),Simulated historical trend (see SOURCES.md for base-value citations)
20-08-2026,Iron,Maharashtra,Pune,33.81,per kg,31.11,36.51,False,Derived (Formula from Metals.Dev API - MCX/LME-linked),Simulated historical trend (see SOURCES.md for base-value citations)
20-08-2026,Lead,Maharashtra,Pune,107.24,per kg,98.66,115.82,False,Derived (Formula from Metals.Dev API - MCX/LME-linked),Simulated historical trend (see SOURCES.md for base-value citations)
20-08-2026,PCB,Maharashtra,Pune,118.64,per kg,109.15,128.13,False,Derived (Composition Model - Copper-driven),Simulated historical trend (see SOURCES.md for base-value citations)
20-08-2026,Cable,Maharashtra,Pune,230.73,per kg,212.27,249.19,False,Derived (Composition Model - Copper-driven),Simulated historical trend (see SOURCES.md for base-value citations)
20-08-2026,Motor,Maharashtra,Pune,48.64,per kg,44.75,52.53,False,Derived (Composition Model - Copper-driven),Simulated historical trend (see SOURCES.md for base-value citations)
20-08-2026,Battery,Maharashtra,Pune,44.0,per kg,40.48,47.52,False,Derived (Composition Model - Lead-driven),Simulated historical trend (see SOURCES.md for base-value citations)
20-08-2026,CRT,Maharashtra,Pune,0.0,per kg,0.0,0.0,True,"Derived (Composition Model - Lead-driven, hazard-adjusted)",Simulated historical trend (see SOURCES.md for base-value citations)
20-08-2026,LCD,Maharashtra,Pune,19.43,per kg,17.88,20.98,False,Derived (Composition Model - Aluminium-driven),Simulated historical trend (see SOURCES.md for base-value citations)
19-08-2026,Copper,Punjab,Ludhiana,681.42,per kg,626.91,735.93,False,Derived (Formula from Metals.Dev API - MCX/LME-linked),Simulated historical trend (see SOURCES.md for base-value citations)
19-08-2026,Aluminium,Punjab,Ludhiana,155.5,per kg,143.06,167.94,False,Derived (Formula from Metals.Dev API - MCX/LME-linked),Simulated historical trend (see SOURCES.md for base-value citations)
19-08-2026,Iron,Punjab,Ludhiana,39.02,per kg,35.9,42.14,False,Derived (Formula from Metals.Dev API - MCX/LME-linked),Simulated historical trend (see SOURCES.md for base-value citations)
19-08-2026,Lead,Punjab,Ludhiana,101.69,per kg,93.55,109.83,False,Derived (Formula from Metals.Dev API - MCX/LME-linked),Simulated historical trend (see SOURCES.md for base-value citations)
19-08-2026,PCB,Punjab,Ludhiana,114.66,per kg,105.49,123.83,False,Derived (Composition Model - Copper-driven),Simulated historical trend (see SOURCES.md for base-value citations)
19-08-2026,Cable,Punjab,Ludhiana,266.83,per kg,245.48,288.18,False,Derived (Composition Model - Copper-driven),Simulated historical trend (see SOURCES.md for base-value citations)
19-08-2026,Motor,Punjab,Ludhiana,46.86,per kg,43.11,50.61,False,Derived (Composition Model - Copper-driven),Simulated historical trend (see SOURCES.md for base-value citations)
19-08-2026,Battery,Punjab,Ludhiana,43.73,per kg,40.23,47.23,False,Derived (Composition Model - Lead-driven),Simulated historical trend (see SOURCES.md for base-value citations)
19-08-2026,CRT,Punjab,Ludhiana,0.0,per kg,0.0,0.0,True,"Derived (Composition Model - Lead-driven, hazard-adjusted)",Simulated historical trend (see SOURCES.md for base-value citations)
19-08-2026,LCD,Punjab,Ludhiana,20.48,per kg,18.84,22.12,False,Derived (Composition Model - Aluminium-driven),Simulated historical trend (see SOURCES.md for base-value citations)
19-08-2026,Copper,Punjab,Amritsar,632.4,per kg,581.81,682.99,False,Derived (Formula from Metals.Dev API - MCX/LME-linked),Simulated historical trend (see SOURCES.md for base-value citations)
19-08-2026,Aluminium,Punjab,Amritsar,160.37,per kg,147.54,173.2,False,Derived (Formula from Metals.Dev API - MCX/LME-linked),Simulated historical trend (see SOURCES.md for base-value citations)
19-08-2026,Iron,Punjab,Amritsar,36.58,per kg,33.65,39.51,False,Derived (Formula from Metals.Dev API - MCX/LME-linked),Simulated historical trend (see SOURCES.md for base-value citations)
19-08-2026,Lead,Punjab,Amritsar,91.67,per kg,84.34,99.0,False,Derived (Formula from Metals.Dev API - MCX/LME-linked),Simulated historical trend (see SOURCES.md for base-value citations)
19-08-2026,PCB,Punjab,Amritsar,112.78,per kg,103.76,121.8,False,Derived (Composition Model - Copper-driven),Simulated historical trend (see SOURCES.md for base-value citations)
19-08-2026,Cable,Punjab,Amritsar,252.3,per kg,232.12,272.48,False,Derived (Composition Model - Copper-driven),Simulated historical trend (see SOURCES.md for base-value citations)
19-08-2026,Motor,Punjab,Amritsar,48.65,per kg,44.76,52.54,False,Derived (Composition Model - Copper-driven),Simulated historical trend (see SOURCES.md for base-value citations)
19-08-2026,Battery,Punjab,Amritsar,41.25,per kg,37.95,44.55,False,Derived (Composition Model - Lead-driven),Simulated historical trend (see SOURCES.md for base-value citations)
19-08-2026,CRT,Punjab,Amritsar,0.0,per kg,0.0,0.0,True,"Derived (Composition Model - Lead-driven, hazard-adjusted)",Simulated historical trend (see SOURCES.md for base-value citations)
19-08-2026,LCD,Punjab,Amritsar,18.69,per kg,17.19,20.19,False,Derived (Composition Model - Aluminium-driven),Simulated historical trend (see SOURCES.md for base-value citations)
19-08-2026,Copper,Punjab,Jalandhar,572.45,per kg,526.65,618.25,False,Derived (Formula from Metals.Dev API - MCX/LME-linked),Simulated historical trend (see SOURCES.md for base-value citations)
19-08-2026,Aluminium,Punjab,Jalandhar,141.11,per kg,129.82,152.4,False,Derived (Formula from Metals.Dev API - MCX/LME-linked),Simulated historical trend (see SOURCES.md for base-value citations)
19-08-2026,Iron,Punjab,Jalandhar,33.12,per kg,30.47,35.77,False,Derived (Formula from Metals.Dev API - MCX/LME-linked),Simulated historical trend (see SOURCES.md for base-value citations)
19-08-2026,Lead,Punjab,Jalandhar,95.77,per kg,88.11,103.43,False,Derived (Formula from Metals.Dev API - MCX/LME-linked),Simulated historical trend (see SOURCES.md for base-value citations)
19-08-2026,PCB,Punjab,Jalandhar,95.16,per kg,87.55,102.77,False,Derived (Composition Model - Copper-driven),Simulated historical trend (see SOURCES.md for base-value citations)
19-08-2026,Cable,Punjab,Jalandhar,259.31,per kg,238.57,280.05,False,Derived (Composition Model - Copper-driven),Simulated historical trend (see SOURCES.md for base-value citations)
19-08-2026,Motor,Punjab,Jalandhar,43.96,per kg,40.44,47.48,False,Derived (Composition Model - Copper-driven),Simulated historical trend (see SOURCES.md for base-value citations)
19-08-2026,Battery,Punjab,Jalandhar,42.24,per kg,38.86,45.62,False,Derived (Composition Model - Lead-driven),Simulated historical trend (see SOURCES.md for base-value citations)
19-08-2026,CRT,Punjab,Jalandhar,0.0,per kg,0.0,0.0,True,"Derived (Composition Model - Lead-driven, hazard-adjusted)",Simulated historical trend (see SOURCES.md for base-value citations)
19-08-2026,LCD,Punjab,Jalandhar,18.05,per kg,16.61,19.49,False,Derived (Composition Model - Aluminium-driven),Simulated historical trend (see SOURCES.md for base-value citations)
19-08-2026,Copper,Maharashtra,Mumbai,598.26,per kg,550.4,646.12,False,Derived (Formula from Metals.Dev API - MCX/LME-linked),Simulated historical trend (see SOURCES.md for base-value citations)
19-08-2026,Aluminium,Maharashtra,Mumbai,169.24,per kg,155.7,182.78,False,Derived (Formula from Metals.Dev API - MCX/LME-linked),Simulated historical trend (see SOURCES.md for base-value citations)
19-08-2026,Iron,Maharashtra,Mumbai,41.09,per kg,37.8,44.38,False,Derived (Formula from Metals.Dev API - MCX/LME-linked),Simulated historical trend (see SOURCES.md for base-value citations)
19-08-2026,Lead,Maharashtra,Mumbai,112.56,per kg,103.56,121.56,False,Derived (Formula from Metals.Dev API - MCX/LME-linked),Simulated historical trend (see SOURCES.md for base-value citations)
19-08-2026,PCB,Maharashtra,Mumbai,112.05,per kg,103.09,121.01,False,Derived (Composition Model - Copper-driven),Simulated historical trend (see SOURCES.md for base-value citations)
19-08-2026,Cable,Maharashtra,Mumbai,278.4,per kg,256.13,300.67,False,Derived (Composition Model - Copper-driven),Simulated historical trend (see SOURCES.md for base-value citations)
19-08-2026,Motor,Maharashtra,Mumbai,48.75,per kg,44.85,52.65,False,Derived (Composition Model - Copper-driven),Simulated historical trend (see SOURCES.md for base-value citations)
19-08-2026,Battery,Maharashtra,Mumbai,43.24,per kg,39.78,46.7,False,Derived (Composition Model - Lead-driven),Simulated historical trend (see SOURCES.md for base-value citations)
19-08-2026,CRT,Maharashtra,Mumbai,0.0,per kg,0.0,0.0,True,"Derived (Composition Model - Lead-driven, hazard-adjusted)",Simulated historical trend (see SOURCES.md for base-value citations)
19-08-2026,LCD,Maharashtra,Mumbai,22.59,per kg,20.78,24.4,False,Derived (Composition Model - Aluminium-driven),Simulated historical trend (see SOURCES.md for base-value citations)
19-08-2026,Copper,Maharashtra,Pune,652.86,per kg,600.63,705.09,False,Derived (Formula from Metals.Dev API - MCX/LME-linked),Simulated historical trend (see SOURCES.md for base-value citations)
19-08-2026,Aluminium,Maharashtra,Pune,149.92,per kg,137.93,161.91,False,Derived (Formula from Metals.Dev API - MCX/LME-linked),Simulated historical trend (see SOURCES.md for base-value citations)
19-08-2026,Iron,Maharashtra,Pune,35.47,per kg,32.63,38.31,False,Derived (Formula from Metals.Dev API - MCX/LME-linked),Simulated historical trend (see SOURCES.md for base-value citations)
19-08-2026,Lead,Maharashtra,Pune,101.98,per kg,93.82,110.14,False,Derived (Formula from Metals.Dev API - MCX/LME-linked),Simulated historical trend (see SOURCES.md for base-value citations)
19-08-2026,PCB,Maharashtra,Pune,116.2,per kg,106.9,125.5,False,Derived (Composition Model - Copper-driven),Simulated historical trend (see SOURCES.md for base-value citations)
19-08-2026,Cable,Maharashtra,Pune,244.03,per kg,224.51,263.55,False,Derived (Composition Model - Copper-driven),Simulated historical trend (see SOURCES.md for base-value citations)
19-08-2026,Motor,Maharashtra,Pune,50.63,per kg,46.58,54.68,False,Derived (Composition Model - Copper-driven),Simulated historical trend (see SOURCES.md for base-value citations)
19-08-2026,Battery,Maharashtra,Pune,45.09,per kg,41.48,48.7,False,Derived (Composition Model - Lead-driven),Simulated historical trend (see SOURCES.md for base-value citations)
19-08-2026,CRT,Maharashtra,Pune,0.0,per kg,0.0,0.0,True,"Derived (Composition Model - Lead-driven, hazard-adjusted)",Simulated historical trend (see SOURCES.md for base-value citations)
19-08-2026,LCD,Maharashtra,Pune,20.45,per kg,18.81,22.09,False,Derived (Composition Model - Aluminium-driven),Simulated historical trend (see SOURCES.md for base-value citations)
18-08-2026,Copper,Punjab,Ludhiana,572.37,per kg,526.58,618.16,False,Derived (Formula from Metals.Dev API - MCX/LME-linked),Simulated historical trend (see SOURCES.md for base-value citations)
18-08-2026,Aluminium,Punjab,Ludhiana,148.84,per kg,136.93,160.75,False,Derived (Formula from Metals.Dev API - MCX/LME-linked),Simulated historical trend (see SOURCES.md for base-value citations)
18-08-2026,Iron,Punjab,Ludhiana,35.84,per kg,32.97,38.71,False,Derived (Formula from Metals.Dev API - MCX/LME-linked),Simulated historical trend (see SOURCES.md for base-value citations)
18-08-2026,Lead,Punjab,Ludhiana,99.52,per kg,91.56,107.48,False,Derived (Formula from Metals.Dev API - MCX/LME-linked),Simulated historical trend (see SOURCES.md for base-value citations)
18-08-2026,PCB,Punjab,Ludhiana,109.82,per kg,101.03,118.61,False,Derived (Composition Model - Copper-driven),Simulated historical trend (see SOURCES.md for base-value citations)
18-08-2026,Cable,Punjab,Ludhiana,269.82,per kg,248.23,291.41,False,Derived (Composition Model - Copper-driven),Simulated historical trend (see SOURCES.md for base-value citations)
18-08-2026,Motor,Punjab,Ludhiana,45.18,per kg,41.57,48.79,False,Derived (Composition Model - Copper-driven),Simulated historical trend (see SOURCES.md for base-value citations)
18-08-2026,Battery,Punjab,Ludhiana,45.14,per kg,41.53,48.75,False,Derived (Composition Model - Lead-driven),Simulated historical trend (see SOURCES.md for base-value citations)
18-08-2026,CRT,Punjab,Ludhiana,0.0,per kg,0.0,0.0,True,"Derived (Composition Model - Lead-driven, hazard-adjusted)",Simulated historical trend (see SOURCES.md for base-value citations)
18-08-2026,LCD,Punjab,Ludhiana,21.69,per kg,19.95,23.43,False,Derived (Composition Model - Aluminium-driven),Simulated historical trend (see SOURCES.md for base-value citations)
18-08-2026,Copper,Punjab,Amritsar,642.64,per kg,591.23,694.05,False,Derived (Formula from Metals.Dev API - MCX/LME-linked),Simulated historical trend (see SOURCES.md for base-value citations)
18-08-2026,Aluminium,Punjab,Amritsar,154.14,per kg,141.81,166.47,False,Derived (Formula from Metals.Dev API - MCX/LME-linked),Simulated historical trend (see SOURCES.md for base-value citations)
18-08-2026,Iron,Punjab,Amritsar,34.1,per kg,31.37,36.83,False,Derived (Formula from Metals.Dev API - MCX/LME-linked),Simulated historical trend (see SOURCES.md for base-value citations)
18-08-2026,Lead,Punjab,Amritsar,106.21,per kg,97.71,114.71,False,Derived (Formula from Metals.Dev API - MCX/LME-linked),Simulated historical trend (see SOURCES.md for base-value citations)
18-08-2026,PCB,Punjab,Amritsar,105.82,per kg,97.35,114.29,False,Derived (Composition Model - Copper-driven),Simulated historical trend (see SOURCES.md for base-value citations)
18-08-2026,Cable,Punjab,Amritsar,244.67,per kg,225.1,264.24,False,Derived (Composition Model - Copper-driven),Simulated historical trend (see SOURCES.md for base-value citations)
18-08-2026,Motor,Punjab,Amritsar,50.7,per kg,46.64,54.76,False,Derived (Composition Model - Copper-driven),Simulated historical trend (see SOURCES.md for base-value citations)
18-08-2026,Battery,Punjab,Amritsar,44.55,per kg,40.99,48.11,False,Derived (Composition Model - Lead-driven),Simulated historical trend (see SOURCES.md for base-value citations)
18-08-2026,CRT,Punjab,Amritsar,0.0,per kg,0.0,0.0,True,"Derived (Composition Model - Lead-driven, hazard-adjusted)",Simulated historical trend (see SOURCES.md for base-value citations)
18-08-2026,LCD,Punjab,Amritsar,22.46,per kg,20.66,24.26,False,Derived (Composition Model - Aluminium-driven),Simulated historical trend (see SOURCES.md for base-value citations)
18-08-2026,Copper,Punjab,Jalandhar,595.01,per kg,547.41,642.61,False,Derived (Formula from Metals.Dev API - MCX/LME-linked),Simulated historical trend (see SOURCES.md for base-value citations)
18-08-2026,Aluminium,Punjab,Jalandhar,152.6,per kg,140.39,164.81,False,Derived (Formula from Metals.Dev API - MCX/LME-linked),Simulated historical trend (see SOURCES.md for base-value citations)
18-08-2026,Iron,Punjab,Jalandhar,31.93,per kg,29.38,34.48,False,Derived (Formula from Metals.Dev API - MCX/LME-linked),Simulated historical trend (see SOURCES.md for base-value citations)
18-08-2026,Lead,Punjab,Jalandhar,100.5,per kg,92.46,108.54,False,Derived (Formula from Metals.Dev API - MCX/LME-linked),Simulated historical trend (see SOURCES.md for base-value citations)
18-08-2026,PCB,Punjab,Jalandhar,110.76,per kg,101.9,119.62,False,Derived (Composition Model - Copper-driven),Simulated historical trend (see SOURCES.md for base-value citations)
18-08-2026,Cable,Punjab,Jalandhar,246.49,per kg,226.77,266.21,False,Derived (Composition Model - Copper-driven),Simulated historical trend (see SOURCES.md for base-value citations)
18-08-2026,Motor,Punjab,Jalandhar,46.19,per kg,42.49,49.89,False,Derived (Composition Model - Copper-driven),Simulated historical trend (see SOURCES.md for base-value citations)
18-08-2026,Battery,Punjab,Jalandhar,43.87,per kg,40.36,47.38,False,Derived (Composition Model - Lead-driven),Simulated historical trend (see SOURCES.md for base-value citations)
18-08-2026,CRT,Punjab,Jalandhar,0.0,per kg,0.0,0.0,True,"Derived (Composition Model - Lead-driven, hazard-adjusted)",Simulated historical trend (see SOURCES.md for base-value citations)
18-08-2026,LCD,Punjab,Jalandhar,18.0,per kg,16.56,19.44,False,Derived (Composition Model - Aluminium-driven),Simulated historical trend (see SOURCES.md for base-value citations)
18-08-2026,Copper,Maharashtra,Mumbai,700.35,per kg,644.32,756.38,False,Derived (Formula from Metals.Dev API - MCX/LME-linked),Simulated historical trend (see SOURCES.md for base-value citations)
18-08-2026,Aluminium,Maharashtra,Mumbai,166.19,per kg,152.89,179.49,False,Derived (Formula from Metals.Dev API - MCX/LME-linked),Simulated historical trend (see SOURCES.md for base-value citations)
18-08-2026,Iron,Maharashtra,Mumbai,38.53,per kg,35.45,41.61,False,Derived (Formula from Metals.Dev API - MCX/LME-linked),Simulated historical trend (see SOURCES.md for base-value citations)
18-08-2026,Lead,Maharashtra,Mumbai,103.88,per kg,95.57,112.19,False,Derived (Formula from Metals.Dev API - MCX/LME-linked),Simulated historical trend (see SOURCES.md for base-value citations)
18-08-2026,PCB,Maharashtra,Mumbai,108.59,per kg,99.9,117.28,False,Derived (Composition Model - Copper-driven),Simulated historical trend (see SOURCES.md for base-value citations)
18-08-2026,Cable,Maharashtra,Mumbai,272.19,per kg,250.41,293.97,False,Derived (Composition Model - Copper-driven),Simulated historical trend (see SOURCES.md for base-value citations)
18-08-2026,Motor,Maharashtra,Mumbai,50.81,per kg,46.75,54.87,False,Derived (Composition Model - Copper-driven),Simulated historical trend (see SOURCES.md for base-value citations)
18-08-2026,Battery,Maharashtra,Mumbai,47.37,per kg,43.58,51.16,False,Derived (Composition Model - Lead-driven),Simulated historical trend (see SOURCES.md for base-value citations)
18-08-2026,CRT,Maharashtra,Mumbai,0.0,per kg,0.0,0.0,True,"Derived (Composition Model - Lead-driven, hazard-adjusted)",Simulated historical trend (see SOURCES.md for base-value citations)
18-08-2026,LCD,Maharashtra,Mumbai,20.21,per kg,18.59,21.83,False,Derived (Composition Model - Aluminium-driven),Simulated historical trend (see SOURCES.md for base-value citations)
18-08-2026,Copper,Maharashtra,Pune,639.24,per kg,588.1,690.38,False,Derived (Formula from Metals.Dev API - MCX/LME-linked),Simulated historical trend (see SOURCES.md for base-value citations)
18-08-2026,Aluminium,Maharashtra,Pune,156.12,per kg,143.63,168.61,False,Derived (Formula from Metals.Dev API - MCX/LME-linked),Simulated historical trend (see SOURCES.md for base-value citations)
18-08-2026,Iron,Maharashtra,Pune,34.36,per kg,31.61,37.11,False,Derived (Formula from Metals.Dev API - MCX/LME-linked),Simulated historical trend (see SOURCES.md for base-value citations)
18-08-2026,Lead,Maharashtra,Pune,97.72,per kg,89.9,105.54,False,Derived (Formula from Metals.Dev API - MCX/LME-linked),Simulated historical trend (see SOURCES.md for base-value citations)
18-08-2026,PCB,Maharashtra,Pune,111.96,per kg,103.0,120.92,False,Derived (Composition Model - Copper-driven),Simulated historical trend (see SOURCES.md for base-value citations)
18-08-2026,Cable,Maharashtra,Pune,267.54,per kg,246.14,288.94,False,Derived (Composition Model - Copper-driven),Simulated historical trend (see SOURCES.md for base-value citations)
18-08-2026,Motor,Maharashtra,Pune,48.75,per kg,44.85,52.65,False,Derived (Composition Model - Copper-driven),Simulated historical trend (see SOURCES.md for base-value citations)
18-08-2026,Battery,Maharashtra,Pune,41.85,per kg,38.5,45.2,False,Derived (Composition Model - Lead-driven),Simulated historical trend (see SOURCES.md for base-value citations)
18-08-2026,CRT,Maharashtra,Pune,0.0,per kg,0.0,0.0,True,"Derived (Composition Model - Lead-driven, hazard-adjusted)",Simulated historical trend (see SOURCES.md for base-value citations)
18-08-2026,LCD,Maharashtra,Pune,19.29,per kg,17.75,20.83,False,Derived (Composition Model - Aluminium-driven),Simulated historical trend (see SOURCES.md for base-value citations)
17-08-2026,Copper,Punjab,Ludhiana,614.25,per kg,565.11,663.39,False,Derived (Formula from Metals.Dev API - MCX/LME-linked),Simulated historical trend (see SOURCES.md for base-value citations)
17-08-2026,Aluminium,Punjab,Ludhiana,151.7,per kg,139.56,163.84,False,Derived (Formula from Metals.Dev API - MCX/LME-linked),Simulated historical trend (see SOURCES.md for base-value citations)
17-08-2026,Iron,Punjab,Ludhiana,33.98,per kg,31.26,36.7,False,Derived (Formula from Metals.Dev API - MCX/LME-linked),Simulated historical trend (see SOURCES.md for base-value citations)
17-08-2026,Lead,Punjab,Ludhiana,96.37,per kg,88.66,104.08,False,Derived (Formula from Metals.Dev API - MCX/LME-linked),Simulated historical trend (see SOURCES.md for base-value citations)
17-08-2026,PCB,Punjab,Ludhiana,114.76,per kg,105.58,123.94,False,Derived (Composition Model - Copper-driven),Simulated historical trend (see SOURCES.md for base-value citations)
17-08-2026,Cable,Punjab,Ludhiana,267.97,per kg,246.53,289.41,False,Derived (Composition Model - Copper-driven),Simulated historical trend (see SOURCES.md for base-value citations)
17-08-2026,Motor,Punjab,Ludhiana,48.86,per kg,44.95,52.77,False,Derived (Composition Model - Copper-driven),Simulated historical trend (see SOURCES.md for base-value citations)
17-08-2026,Battery,Punjab,Ludhiana,41.14,per kg,37.85,44.43,False,Derived (Composition Model - Lead-driven),Simulated historical trend (see SOURCES.md for base-value citations)
17-08-2026,CRT,Punjab,Ludhiana,0.0,per kg,0.0,0.0,True,"Derived (Composition Model - Lead-driven, hazard-adjusted)",Simulated historical trend (see SOURCES.md for base-value citations)
17-08-2026,LCD,Punjab,Ludhiana,21.09,per kg,19.4,22.78,False,Derived (Composition Model - Aluminium-driven),Simulated historical trend (see SOURCES.md for base-value citations)
17-08-2026,Copper,Punjab,Amritsar,670.87,per kg,617.2,724.54,False,Derived (Formula from Metals.Dev API - MCX/LME-linked),Simulated historical trend (see SOURCES.md for base-value citations)
17-08-2026,Aluminium,Punjab,Amritsar,165.1,per kg,151.89,178.31,False,Derived (Formula from Metals.Dev API - MCX/LME-linked),Simulated historical trend (see SOURCES.md for base-value citations)
17-08-2026,Iron,Punjab,Amritsar,36.71,per kg,33.77,39.65,False,Derived (Formula from Metals.Dev API - MCX/LME-linked),Simulated historical trend (see SOURCES.md for base-value citations)
17-08-2026,Lead,Punjab,Amritsar,98.77,per kg,90.87,106.67,False,Derived (Formula from Metals.Dev API - MCX/LME-linked),Simulated historical trend (see SOURCES.md for base-value citations)
17-08-2026,PCB,Punjab,Amritsar,110.4,per kg,101.57,119.23,False,Derived (Composition Model - Copper-driven),Simulated historical trend (see SOURCES.md for base-value citations)
17-08-2026,Cable,Punjab,Amritsar,230.74,per kg,212.28,249.2,False,Derived (Composition Model - Copper-driven),Simulated historical trend (see SOURCES.md for base-value citations)
17-08-2026,Motor,Punjab,Amritsar,45.13,per kg,41.52,48.74,False,Derived (Composition Model - Copper-driven),Simulated historical trend (see SOURCES.md for base-value citations)
17-08-2026,Battery,Punjab,Amritsar,44.23,per kg,40.69,47.77,False,Derived (Composition Model - Lead-driven),Simulated historical trend (see SOURCES.md for base-value citations)
17-08-2026,CRT,Punjab,Amritsar,0.0,per kg,0.0,0.0,True,"Derived (Composition Model - Lead-driven, hazard-adjusted)",Simulated historical trend (see SOURCES.md for base-value citations)
17-08-2026,LCD,Punjab,Amritsar,19.44,per kg,17.88,21.0,False,Derived (Composition Model - Aluminium-driven),Simulated historical trend (see SOURCES.md for base-value citations)
17-08-2026,Copper,Punjab,Jalandhar,616.82,per kg,567.47,666.17,False,Derived (Formula from Metals.Dev API - MCX/LME-linked),Simulated historical trend (see SOURCES.md for base-value citations)
17-08-2026,Aluminium,Punjab,Jalandhar,141.85,per kg,130.5,153.2,False,Derived (Formula from Metals.Dev API - MCX/LME-linked),Simulated historical trend (see SOURCES.md for base-value citations)
17-08-2026,Iron,Punjab,Jalandhar,31.92,per kg,29.37,34.47,False,Derived (Formula from Metals.Dev API - MCX/LME-linked),Simulated historical trend (see SOURCES.md for base-value citations)
17-08-2026,Lead,Punjab,Jalandhar,102.33,per kg,94.14,110.52,False,Derived (Formula from Metals.Dev API - MCX/LME-linked),Simulated historical trend (see SOURCES.md for base-value citations)
17-08-2026,PCB,Punjab,Jalandhar,108.92,per kg,100.21,117.63,False,Derived (Composition Model - Copper-driven),Simulated historical trend (see SOURCES.md for base-value citations)
17-08-2026,Cable,Punjab,Jalandhar,231.67,per kg,213.14,250.2,False,Derived (Composition Model - Copper-driven),Simulated historical trend (see SOURCES.md for base-value citations)
17-08-2026,Motor,Punjab,Jalandhar,48.38,per kg,44.51,52.25,False,Derived (Composition Model - Copper-driven),Simulated historical trend (see SOURCES.md for base-value citations)
17-08-2026,Battery,Punjab,Jalandhar,44.26,per kg,40.72,47.8,False,Derived (Composition Model - Lead-driven),Simulated historical trend (see SOURCES.md for base-value citations)
17-08-2026,CRT,Punjab,Jalandhar,0.0,per kg,0.0,0.0,True,"Derived (Composition Model - Lead-driven, hazard-adjusted)",Simulated historical trend (see SOURCES.md for base-value citations)
17-08-2026,LCD,Punjab,Jalandhar,19.62,per kg,18.05,21.19,False,Derived (Composition Model - Aluminium-driven),Simulated historical trend (see SOURCES.md for base-value citations)
17-08-2026,Copper,Maharashtra,Mumbai,697.53,per kg,641.73,753.33,False,Derived (Formula from Metals.Dev API - MCX/LME-linked),Simulated historical trend (see SOURCES.md for base-value citations)
17-08-2026,Aluminium,Maharashtra,Mumbai,151.04,per kg,138.96,163.12,False,Derived (Formula from Metals.Dev API - MCX/LME-linked),Simulated historical trend (see SOURCES.md for base-value citations)
17-08-2026,Iron,Maharashtra,Mumbai,41.01,per kg,37.73,44.29,False,Derived (Formula from Metals.Dev API - MCX/LME-linked),Simulated historical trend (see SOURCES.md for base-value citations)
17-08-2026,Lead,Maharashtra,Mumbai,100.16,per kg,92.15,108.17,False,Derived (Formula from Metals.Dev API - MCX/LME-linked),Simulated historical trend (see SOURCES.md for base-value citations)
17-08-2026,PCB,Maharashtra,Mumbai,122.01,per kg,112.25,131.77,False,Derived (Composition Model - Copper-driven),Simulated historical trend (see SOURCES.md for base-value citations)
17-08-2026,Cable,Maharashtra,Mumbai,262.5,per kg,241.5,283.5,False,Derived (Composition Model - Copper-driven),Simulated historical trend (see SOURCES.md for base-value citations)
17-08-2026,Motor,Maharashtra,Mumbai,46.23,per kg,42.53,49.93,False,Derived (Composition Model - Copper-driven),Simulated historical trend (see SOURCES.md for base-value citations)
17-08-2026,Battery,Maharashtra,Mumbai,42.93,per kg,39.5,46.36,False,Derived (Composition Model - Lead-driven),Simulated historical trend (see SOURCES.md for base-value citations)
17-08-2026,CRT,Maharashtra,Mumbai,0.0,per kg,0.0,0.0,True,"Derived (Composition Model - Lead-driven, hazard-adjusted)",Simulated historical trend (see SOURCES.md for base-value citations)
17-08-2026,LCD,Maharashtra,Mumbai,22.15,per kg,20.38,23.92,False,Derived (Composition Model - Aluminium-driven),Simulated historical trend (see SOURCES.md for base-value citations)
17-08-2026,Copper,Maharashtra,Pune,638.69,per kg,587.59,689.79,False,Derived (Formula from Metals.Dev API - MCX/LME-linked),Simulated historical trend (see SOURCES.md for base-value citations)
17-08-2026,Aluminium,Maharashtra,Pune,164.8,per kg,151.62,177.98,False,Derived (Formula from Metals.Dev API - MCX/LME-linked),Simulated historical trend (see SOURCES.md for base-value citations)
17-08-2026,Iron,Maharashtra,Pune,35.92,per kg,33.05,38.79,False,Derived (Formula from Metals.Dev API - MCX/LME-linked),Simulated historical trend (see SOURCES.md for base-value citations)
17-08-2026,Lead,Maharashtra,Pune,98.35,per kg,90.48,106.22,False,Derived (Formula from Metals.Dev API - MCX/LME-linked),Simulated historical trend (see SOURCES.md for base-value citations)
17-08-2026,PCB,Maharashtra,Pune,120.88,per kg,111.21,130.55,False,Derived (Composition Model - Copper-driven),Simulated historical trend (see SOURCES.md for base-value citations)
17-08-2026,Cable,Maharashtra,Pune,232.92,per kg,214.29,251.55,False,Derived (Composition Model - Copper-driven),Simulated historical trend (see SOURCES.md for base-value citations)
17-08-2026,Motor,Maharashtra,Pune,50.9,per kg,46.83,54.97,False,Derived (Composition Model - Copper-driven),Simulated historical trend (see SOURCES.md for base-value citations)
17-08-2026,Battery,Maharashtra,Pune,43.9,per kg,40.39,47.41,False,Derived (Composition Model - Lead-driven),Simulated historical trend (see SOURCES.md for base-value citations)
17-08-2026,CRT,Maharashtra,Pune,0.0,per kg,0.0,0.0,True,"Derived (Composition Model - Lead-driven, hazard-adjusted)",Simulated historical trend (see SOURCES.md for base-value citations)
17-08-2026,LCD,Maharashtra,Pune,21.27,per kg,19.57,22.97,False,Derived (Composition Model - Aluminium-driven),Simulated historical trend (see SOURCES.md for base-value citations)
16-08-2026,Copper,Punjab,Ludhiana,660.84,per kg,607.97,713.71,False,Derived (Formula from Metals.Dev API - MCX/LME-linked),Simulated historical trend (see SOURCES.md for base-value citations)
16-08-2026,Aluminium,Punjab,Ludhiana,155.22,per kg,142.8,167.64,False,Derived (Formula from Metals.Dev API - MCX/LME-linked),Simulated historical trend (see SOURCES.md for base-value citations)
16-08-2026,Iron,Punjab,Ludhiana,34.16,per kg,31.43,36.89,False,Derived (Formula from Metals.Dev API - MCX/LME-linked),Simulated historical trend (see SOURCES.md for base-value citations)
16-08-2026,Lead,Punjab,Ludhiana,102.17,per kg,94.0,110.34,False,Derived (Formula from Metals.Dev API - MCX/LME-linked),Simulated historical trend (see SOURCES.md for base-value citations)
16-08-2026,PCB,Punjab,Ludhiana,104.61,per kg,96.24,112.98,False,Derived (Composition Model - Copper-driven),Simulated historical trend (see SOURCES.md for base-value citations)
16-08-2026,Cable,Punjab,Ludhiana,229.3,per kg,210.96,247.64,False,Derived (Composition Model - Copper-driven),Simulated historical trend (see SOURCES.md for base-value citations)
16-08-2026,Motor,Punjab,Ludhiana,44.27,per kg,40.73,47.81,False,Derived (Composition Model - Copper-driven),Simulated historical trend (see SOURCES.md for base-value citations)
16-08-2026,Battery,Punjab,Ludhiana,40.98,per kg,37.7,44.26,False,Derived (Composition Model - Lead-driven),Simulated historical trend (see SOURCES.md for base-value citations)
16-08-2026,CRT,Punjab,Ludhiana,0.0,per kg,0.0,0.0,True,"Derived (Composition Model - Lead-driven, hazard-adjusted)",Simulated historical trend (see SOURCES.md for base-value citations)
16-08-2026,LCD,Punjab,Ludhiana,19.95,per kg,18.35,21.55,False,Derived (Composition Model - Aluminium-driven),Simulated historical trend (see SOURCES.md for base-value citations)
16-08-2026,Copper,Punjab,Amritsar,630.23,per kg,579.81,680.65,False,Derived (Formula from Metals.Dev API - MCX/LME-linked),Simulated historical trend (see SOURCES.md for base-value citations)
16-08-2026,Aluminium,Punjab,Amritsar,138.95,per kg,127.83,150.07,False,Derived (Formula from Metals.Dev API - MCX/LME-linked),Simulated historical trend (see SOURCES.md for base-value citations)
16-08-2026,Iron,Punjab,Amritsar,34.16,per kg,31.43,36.89,False,Derived (Formula from Metals.Dev API - MCX/LME-linked),Simulated historical trend (see SOURCES.md for base-value citations)
16-08-2026,Lead,Punjab,Amritsar,106.15,per kg,97.66,114.64,False,Derived (Formula from Metals.Dev API - MCX/LME-linked),Simulated historical trend (see SOURCES.md for base-value citations)
16-08-2026,PCB,Punjab,Amritsar,115.26,per kg,106.04,124.48,False,Derived (Composition Model - Copper-driven),Simulated historical trend (see SOURCES.md for base-value citations)
16-08-2026,Cable,Punjab,Amritsar,238.38,per kg,219.31,257.45,False,Derived (Composition Model - Copper-driven),Simulated historical trend (see SOURCES.md for base-value citations)
16-08-2026,Motor,Punjab,Amritsar,46.79,per kg,43.05,50.53,False,Derived (Composition Model - Copper-driven),Simulated historical trend (see SOURCES.md for base-value citations)
16-08-2026,Battery,Punjab,Amritsar,40.95,per kg,37.67,44.23,False,Derived (Composition Model - Lead-driven),Simulated historical trend (see SOURCES.md for base-value citations)
16-08-2026,CRT,Punjab,Amritsar,0.0,per kg,0.0,0.0,True,"Derived (Composition Model - Lead-driven, hazard-adjusted)",Simulated historical trend (see SOURCES.md for base-value citations)
16-08-2026,LCD,Punjab,Amritsar,19.82,per kg,18.23,21.41,False,Derived (Composition Model - Aluminium-driven),Simulated historical trend (see SOURCES.md for base-value citations)
16-08-2026,Copper,Punjab,Jalandhar,621.55,per kg,571.83,671.27,False,Derived (Formula from Metals.Dev API - MCX/LME-linked),Simulated historical trend (see SOURCES.md for base-value citations)
16-08-2026,Aluminium,Punjab,Jalandhar,136.04,per kg,125.16,146.92,False,Derived (Formula from Metals.Dev API - MCX/LME-linked),Simulated historical trend (see SOURCES.md for base-value citations)
16-08-2026,Iron,Punjab,Jalandhar,32.89,per kg,30.26,35.52,False,Derived (Formula from Metals.Dev API - MCX/LME-linked),Simulated historical trend (see SOURCES.md for base-value citations)
16-08-2026,Lead,Punjab,Jalandhar,86.84,per kg,79.89,93.79,False,Derived (Formula from Metals.Dev API - MCX/LME-linked),Simulated historical trend (see SOURCES.md for base-value citations)
16-08-2026,PCB,Punjab,Jalandhar,102.44,per kg,94.24,110.64,False,Derived (Composition Model - Copper-driven),Simulated historical trend (see SOURCES.md for base-value citations)
16-08-2026,Cable,Punjab,Jalandhar,235.86,per kg,216.99,254.73,False,Derived (Composition Model - Copper-driven),Simulated historical trend (see SOURCES.md for base-value citations)
16-08-2026,Motor,Punjab,Jalandhar,47.65,per kg,43.84,51.46,False,Derived (Composition Model - Copper-driven),Simulated historical trend (see SOURCES.md for base-value citations)
16-08-2026,Battery,Punjab,Jalandhar,39.84,per kg,36.65,43.03,False,Derived (Composition Model - Lead-driven),Simulated historical trend (see SOURCES.md for base-value citations)
16-08-2026,CRT,Punjab,Jalandhar,0.0,per kg,0.0,0.0,True,"Derived (Composition Model - Lead-driven, hazard-adjusted)",Simulated historical trend (see SOURCES.md for base-value citations)
16-08-2026,LCD,Punjab,Jalandhar,20.89,per kg,19.22,22.56,False,Derived (Composition Model - Aluminium-driven),Simulated historical trend (see SOURCES.md for base-value citations)
16-08-2026,Copper,Maharashtra,Mumbai,666.96,per kg,613.6,720.32,False,Derived (Formula from Metals.Dev API - MCX/LME-linked),Simulated historical trend (see SOURCES.md for base-value citations)
16-08-2026,Aluminium,Maharashtra,Mumbai,167.68,per kg,154.27,181.09,False,Derived (Formula from Metals.Dev API - MCX/LME-linked),Simulated historical trend (see SOURCES.md for base-value citations)
16-08-2026,Iron,Maharashtra,Mumbai,34.87,per kg,32.08,37.66,False,Derived (Formula from Metals.Dev API - MCX/LME-linked),Simulated historical trend (see SOURCES.md for base-value citations)
16-08-2026,Lead,Maharashtra,Mumbai,100.07,per kg,92.06,108.08,False,Derived (Formula from Metals.Dev API - MCX/LME-linked),Simulated historical trend (see SOURCES.md for base-value citations)
16-08-2026,PCB,Maharashtra,Mumbai,117.17,per kg,107.8,126.54,False,Derived (Composition Model - Copper-driven),Simulated historical trend (see SOURCES.md for base-value citations)
16-08-2026,Cable,Maharashtra,Mumbai,276.25,per kg,254.15,298.35,False,Derived (Composition Model - Copper-driven),Simulated historical trend (see SOURCES.md for base-value citations)
16-08-2026,Motor,Maharashtra,Mumbai,48.49,per kg,44.61,52.37,False,Derived (Composition Model - Copper-driven),Simulated historical trend (see SOURCES.md for base-value citations)
16-08-2026,Battery,Maharashtra,Mumbai,40.3,per kg,37.08,43.52,False,Derived (Composition Model - Lead-driven),Simulated historical trend (see SOURCES.md for base-value citations)
16-08-2026,CRT,Maharashtra,Mumbai,0.0,per kg,0.0,0.0,True,"Derived (Composition Model - Lead-driven, hazard-adjusted)",Simulated historical trend (see SOURCES.md for base-value citations)
16-08-2026,LCD,Maharashtra,Mumbai,21.9,per kg,20.15,23.65,False,Derived (Composition Model - Aluminium-driven),Simulated historical trend (see SOURCES.md for base-value citations)
16-08-2026,Copper,Maharashtra,Pune,690.41,per kg,635.18,745.64,False,Derived (Formula from Metals.Dev API - MCX/LME-linked),Simulated historical trend (see SOURCES.md for base-value citations)
16-08-2026,Aluminium,Maharashtra,Pune,143.49,per kg,132.01,154.97,False,Derived (Formula from Metals.Dev API - MCX/LME-linked),Simulated historical trend (see SOURCES.md for base-value citations)
16-08-2026,Iron,Maharashtra,Pune,37.08,per kg,34.11,40.05,False,Derived (Formula from Metals.Dev API - MCX/LME-linked),Simulated historical trend (see SOURCES.md for base-value citations)
16-08-2026,Lead,Maharashtra,Pune,104.26,per kg,95.92,112.6,False,Derived (Formula from Metals.Dev API - MCX/LME-linked),Simulated historical trend (see SOURCES.md for base-value citations)
16-08-2026,PCB,Maharashtra,Pune,104.98,per kg,96.58,113.38,False,Derived (Composition Model - Copper-driven),Simulated historical trend (see SOURCES.md for base-value citations)
16-08-2026,Cable,Maharashtra,Pune,257.12,per kg,236.55,277.69,False,Derived (Composition Model - Copper-driven),Simulated historical trend (see SOURCES.md for base-value citations)
16-08-2026,Motor,Maharashtra,Pune,44.12,per kg,40.59,47.65,False,Derived (Composition Model - Copper-driven),Simulated historical trend (see SOURCES.md for base-value citations)
16-08-2026,Battery,Maharashtra,Pune,42.27,per kg,38.89,45.65,False,Derived (Composition Model - Lead-driven),Simulated historical trend (see SOURCES.md for base-value citations)
16-08-2026,CRT,Maharashtra,Pune,0.0,per kg,0.0,0.0,True,"Derived (Composition Model - Lead-driven, hazard-adjusted)",Simulated historical trend (see SOURCES.md for base-value citations)
16-08-2026,LCD,Maharashtra,Pune,19.09,per kg,17.56,20.62,False,Derived (Composition Model - Aluminium-driven),Simulated historical trend (see SOURCES.md for base-value citations)
15-08-2026,Copper,Punjab,Ludhiana,692.3,per kg,636.92,747.68,False,Derived (Formula from Metals.Dev API - MCX/LME-linked),Simulated historical trend (see SOURCES.md for base-value citations)
15-08-2026,Aluminium,Punjab,Ludhiana,144.53,per kg,132.97,156.09,False,Derived (Formula from Metals.Dev API - MCX/LME-linked),Simulated historical trend (see SOURCES.md for base-value citations)
15-08-2026,Iron,Punjab,Ludhiana,36.26,per kg,33.36,39.16,False,Derived (Formula from Metals.Dev API - MCX/LME-linked),Simulated historical trend (see SOURCES.md for base-value citations)
15-08-2026,Lead,Punjab,Ludhiana,101.15,per kg,93.06,109.24,False,Derived (Formula from Metals.Dev API - MCX/LME-linked),Simulated historical trend (see SOURCES.md for base-value citations)
15-08-2026,PCB,Punjab,Ludhiana,116.97,per kg,107.61,126.33,False,Derived (Composition Model - Copper-driven),Simulated historical trend (see SOURCES.md for base-value citations)
15-08-2026,Cable,Punjab,Ludhiana,242.88,per kg,223.45,262.31,False,Derived (Composition Model - Copper-driven),Simulated historical trend (see SOURCES.md for base-value citations)
15-08-2026,Motor,Punjab,Ludhiana,49.07,per kg,45.14,53.0,False,Derived (Composition Model - Copper-driven),Simulated historical trend (see SOURCES.md for base-value citations)
15-08-2026,Battery,Punjab,Ludhiana,46.0,per kg,42.32,49.68,False,Derived (Composition Model - Lead-driven),Simulated historical trend (see SOURCES.md for base-value citations)
15-08-2026,CRT,Punjab,Ludhiana,0.0,per kg,0.0,0.0,True,"Derived (Composition Model - Lead-driven, hazard-adjusted)",Simulated historical trend (see SOURCES.md for base-value citations)
15-08-2026,LCD,Punjab,Ludhiana,18.48,per kg,17.0,19.96,False,Derived (Composition Model - Aluminium-driven),Simulated historical trend (see SOURCES.md for base-value citations)
15-08-2026,Copper,Punjab,Amritsar,675.87,per kg,621.8,729.94,False,Derived (Formula from Metals.Dev API - MCX/LME-linked),Simulated historical trend (see SOURCES.md for base-value citations)
15-08-2026,Aluminium,Punjab,Amritsar,149.6,per kg,137.63,161.57,False,Derived (Formula from Metals.Dev API - MCX/LME-linked),Simulated historical trend (see SOURCES.md for base-value citations)
15-08-2026,Iron,Punjab,Amritsar,38.26,per kg,35.2,41.32,False,Derived (Formula from Metals.Dev API - MCX/LME-linked),Simulated historical trend (see SOURCES.md for base-value citations)
15-08-2026,Lead,Punjab,Amritsar,106.62,per kg,98.09,115.15,False,Derived (Formula from Metals.Dev API - MCX/LME-linked),Simulated historical trend (see SOURCES.md for base-value citations)
15-08-2026,PCB,Punjab,Amritsar,123.25,per kg,113.39,133.11,False,Derived (Composition Model - Copper-driven),Simulated historical trend (see SOURCES.md for base-value citations)
15-08-2026,Cable,Punjab,Amritsar,275.32,per kg,253.29,297.35,False,Derived (Composition Model - Copper-driven),Simulated historical trend (see SOURCES.md for base-value citations)
15-08-2026,Motor,Punjab,Amritsar,44.02,per kg,40.5,47.54,False,Derived (Composition Model - Copper-driven),Simulated historical trend (see SOURCES.md for base-value citations)
15-08-2026,Battery,Punjab,Amritsar,42.52,per kg,39.12,45.92,False,Derived (Composition Model - Lead-driven),Simulated historical trend (see SOURCES.md for base-value citations)
15-08-2026,CRT,Punjab,Amritsar,0.0,per kg,0.0,0.0,True,"Derived (Composition Model - Lead-driven, hazard-adjusted)",Simulated historical trend (see SOURCES.md for base-value citations)
15-08-2026,LCD,Punjab,Amritsar,21.23,per kg,19.53,22.93,False,Derived (Composition Model - Aluminium-driven),Simulated historical trend (see SOURCES.md for base-value citations)
15-08-2026,Copper,Punjab,Jalandhar,558.49,per kg,513.81,603.17,False,Derived (Formula from Metals.Dev API - MCX/LME-linked),Simulated historical trend (see SOURCES.md for base-value citations)
15-08-2026,Aluminium,Punjab,Jalandhar,154.94,per kg,142.54,167.34,False,Derived (Formula from Metals.Dev API - MCX/LME-linked),Simulated historical trend (see SOURCES.md for base-value citations)
15-08-2026,Iron,Punjab,Jalandhar,37.28,per kg,34.3,40.26,False,Derived (Formula from Metals.Dev API - MCX/LME-linked),Simulated historical trend (see SOURCES.md for base-value citations)
15-08-2026,Lead,Punjab,Jalandhar,96.71,per kg,88.97,104.45,False,Derived (Formula from Metals.Dev API - MCX/LME-linked),Simulated historical trend (see SOURCES.md for base-value citations)
15-08-2026,PCB,Punjab,Jalandhar,100.25,per kg,92.23,108.27,False,Derived (Composition Model - Copper-driven),Simulated historical trend (see SOURCES.md for base-value citations)
15-08-2026,Cable,Punjab,Jalandhar,243.29,per kg,223.83,262.75,False,Derived (Composition Model - Copper-driven),Simulated historical trend (see SOURCES.md for base-value citations)
15-08-2026,Motor,Punjab,Jalandhar,48.79,per kg,44.89,52.69,False,Derived (Composition Model - Copper-driven),Simulated historical trend (see SOURCES.md for base-value citations)
15-08-2026,Battery,Punjab,Jalandhar,37.19,per kg,34.21,40.17,False,Derived (Composition Model - Lead-driven),Simulated historical trend (see SOURCES.md for base-value citations)
15-08-2026,CRT,Punjab,Jalandhar,0.0,per kg,0.0,0.0,True,"Derived (Composition Model - Lead-driven, hazard-adjusted)",Simulated historical trend (see SOURCES.md for base-value citations)
15-08-2026,LCD,Punjab,Jalandhar,18.69,per kg,17.19,20.19,False,Derived (Composition Model - Aluminium-driven),Simulated historical trend (see SOURCES.md for base-value citations)
15-08-2026,Copper,Maharashtra,Mumbai,655.65,per kg,603.2,708.1,False,Derived (Formula from Metals.Dev API - MCX/LME-linked),Simulated historical trend (see SOURCES.md for base-value citations)
15-08-2026,Aluminium,Maharashtra,Mumbai,153.65,per kg,141.36,165.94,False,Derived (Formula from Metals.Dev API - MCX/LME-linked),Simulated historical trend (see SOURCES.md for base-value citations)
15-08-2026,Iron,Maharashtra,Mumbai,38.7,per kg,35.6,41.8,False,Derived (Formula from Metals.Dev API - MCX/LME-linked),Simulated historical trend (see SOURCES.md for base-value citations)
15-08-2026,Lead,Maharashtra,Mumbai,110.0,per kg,101.2,118.8,False,Derived (Formula from Metals.Dev API - MCX/LME-linked),Simulated historical trend (see SOURCES.md for base-value citations)
15-08-2026,PCB,Maharashtra,Mumbai,117.89,per kg,108.46,127.32,False,Derived (Composition Model - Copper-driven),Simulated historical trend (see SOURCES.md for base-value citations)
15-08-2026,Cable,Maharashtra,Mumbai,284.83,per kg,262.04,307.62,False,Derived (Composition Model - Copper-driven),Simulated historical trend (see SOURCES.md for base-value citations)
15-08-2026,Motor,Maharashtra,Mumbai,51.74,per kg,47.6,55.88,False,Derived (Composition Model - Copper-driven),Simulated historical trend (see SOURCES.md for base-value citations)
15-08-2026,Battery,Maharashtra,Mumbai,44.14,per kg,40.61,47.67,False,Derived (Composition Model - Lead-driven),Simulated historical trend (see SOURCES.md for base-value citations)
15-08-2026,CRT,Maharashtra,Mumbai,0.0,per kg,0.0,0.0,True,"Derived (Composition Model - Lead-driven, hazard-adjusted)",Simulated historical trend (see SOURCES.md for base-value citations)
15-08-2026,LCD,Maharashtra,Mumbai,20.21,per kg,18.59,21.83,False,Derived (Composition Model - Aluminium-driven),Simulated historical trend (see SOURCES.md for base-value citations)
15-08-2026,Copper,Maharashtra,Pune,629.92,per kg,579.53,680.31,False,Derived (Formula from Metals.Dev API - MCX/LME-linked),Simulated historical trend (see SOURCES.md for base-value citations)
15-08-2026,Aluminium,Maharashtra,Pune,140.36,per kg,129.13,151.59,False,Derived (Formula from Metals.Dev API - MCX/LME-linked),Simulated historical trend (see SOURCES.md for base-value citations)
15-08-2026,Iron,Maharashtra,Pune,39.36,per kg,36.21,42.51,False,Derived (Formula from Metals.Dev API - MCX/LME-linked),Simulated historical trend (see SOURCES.md for base-value citations)
15-08-2026,Lead,Maharashtra,Pune,103.46,per kg,95.18,111.74,False,Derived (Formula from Metals.Dev API - MCX/LME-linked),Simulated historical trend (see SOURCES.md for base-value citations)
15-08-2026,PCB,Maharashtra,Pune,107.07,per kg,98.5,115.64,False,Derived (Composition Model - Copper-driven),Simulated historical trend (see SOURCES.md for base-value citations)
15-08-2026,Cable,Maharashtra,Pune,232.93,per kg,214.3,251.56,False,Derived (Composition Model - Copper-driven),Simulated historical trend (see SOURCES.md for base-value citations)
15-08-2026,Motor,Maharashtra,Pune,47.13,per kg,43.36,50.9,False,Derived (Composition Model - Copper-driven),Simulated historical trend (see SOURCES.md for base-value citations)
15-08-2026,Battery,Maharashtra,Pune,42.54,per kg,39.14,45.94,False,Derived (Composition Model - Lead-driven),Simulated historical trend (see SOURCES.md for base-value citations)
15-08-2026,CRT,Maharashtra,Pune,0.0,per kg,0.0,0.0,True,"Derived (Composition Model - Lead-driven, hazard-adjusted)",Simulated historical trend (see SOURCES.md for base-value citations)
15-08-2026,LCD,Maharashtra,Pune,18.97,per kg,17.45,20.49,False,Derived (Composition Model - Aluminium-driven),Simulated historical trend (see SOURCES.md for base-value citations)
14-08-2026,Copper,Punjab,Ludhiana,662.16,per kg,609.19,715.13,False,Derived (Formula from Metals.Dev API - MCX/LME-linked),Simulated historical trend (see SOURCES.md for base-value citations)
14-08-2026,Aluminium,Punjab,Ludhiana,154.53,per kg,142.17,166.89,False,Derived (Formula from Metals.Dev API - MCX/LME-linked),Simulated historical trend (see SOURCES.md for base-value citations)
14-08-2026,Iron,Punjab,Ludhiana,35.96,per kg,33.08,38.84,False,Derived (Formula from Metals.Dev API - MCX/LME-linked),Simulated historical trend (see SOURCES.md for base-value citations)
14-08-2026,Lead,Punjab,Ludhiana,93.61,per kg,86.12,101.1,False,Derived (Formula from Metals.Dev API - MCX/LME-linked),Simulated historical trend (see SOURCES.md for base-value citations)
14-08-2026,PCB,Punjab,Ludhiana,120.44,per kg,110.8,130.08,False,Derived (Composition Model - Copper-driven),Simulated historical trend (see SOURCES.md for base-value citations)
14-08-2026,Cable,Punjab,Ludhiana,232.8,per kg,214.18,251.42,False,Derived (Composition Model - Copper-driven),Simulated historical trend (see SOURCES.md for base-value citations)
14-08-2026,Motor,Punjab,Ludhiana,48.84,per kg,44.93,52.75,False,Derived (Composition Model - Copper-driven),Simulated historical trend (see SOURCES.md for base-value citations)
14-08-2026,Battery,Punjab,Ludhiana,43.32,per kg,39.85,46.79,False,Derived (Composition Model - Lead-driven),Simulated historical trend (see SOURCES.md for base-value citations)
14-08-2026,CRT,Punjab,Ludhiana,0.0,per kg,0.0,0.0,True,"Derived (Composition Model - Lead-driven, hazard-adjusted)",Simulated historical trend (see SOURCES.md for base-value citations)
14-08-2026,LCD,Punjab,Ludhiana,19.44,per kg,17.88,21.0,False,Derived (Composition Model - Aluminium-driven),Simulated historical trend (see SOURCES.md for base-value citations)
14-08-2026,Copper,Punjab,Amritsar,627.81,per kg,577.59,678.03,False,Derived (Formula from Metals.Dev API - MCX/LME-linked),Simulated historical trend (see SOURCES.md for base-value citations)
14-08-2026,Aluminium,Punjab,Amritsar,153.36,per kg,141.09,165.63,False,Derived (Formula from Metals.Dev API - MCX/LME-linked),Simulated historical trend (see SOURCES.md for base-value citations)
14-08-2026,Iron,Punjab,Amritsar,36.76,per kg,33.82,39.7,False,Derived (Formula from Metals.Dev API - MCX/LME-linked),Simulated historical trend (see SOURCES.md for base-value citations)
14-08-2026,Lead,Punjab,Amritsar,96.42,per kg,88.71,104.13,False,Derived (Formula from Metals.Dev API - MCX/LME-linked),Simulated historical trend (see SOURCES.md for base-value citations)
14-08-2026,PCB,Punjab,Amritsar,102.41,per kg,94.22,110.6,False,Derived (Composition Model - Copper-driven),Simulated historical trend (see SOURCES.md for base-value citations)
14-08-2026,Cable,Punjab,Amritsar,266.93,per kg,245.58,288.28,False,Derived (Composition Model - Copper-driven),Simulated historical trend (see SOURCES.md for base-value citations)
14-08-2026,Motor,Punjab,Amritsar,48.07,per kg,44.22,51.92,False,Derived (Composition Model - Copper-driven),Simulated historical trend (see SOURCES.md for base-value citations)
14-08-2026,Battery,Punjab,Amritsar,42.24,per kg,38.86,45.62,False,Derived (Composition Model - Lead-driven),Simulated historical trend (see SOURCES.md for base-value citations)
14-08-2026,CRT,Punjab,Amritsar,0.0,per kg,0.0,0.0,True,"Derived (Composition Model - Lead-driven, hazard-adjusted)",Simulated historical trend (see SOURCES.md for base-value citations)
14-08-2026,LCD,Punjab,Amritsar,19.02,per kg,17.5,20.54,False,Derived (Composition Model - Aluminium-driven),Simulated historical trend (see SOURCES.md for base-value citations)
14-08-2026,Copper,Punjab,Jalandhar,595.35,per kg,547.72,642.98,False,Derived (Formula from Metals.Dev API - MCX/LME-linked),Simulated historical trend (see SOURCES.md for base-value citations)
14-08-2026,Aluminium,Punjab,Jalandhar,153.92,per kg,141.61,166.23,False,Derived (Formula from Metals.Dev API - MCX/LME-linked),Simulated historical trend (see SOURCES.md for base-value citations)
14-08-2026,Iron,Punjab,Jalandhar,34.74,per kg,31.96,37.52,False,Derived (Formula from Metals.Dev API - MCX/LME-linked),Simulated historical trend (see SOURCES.md for base-value citations)
14-08-2026,Lead,Punjab,Jalandhar,101.64,per kg,93.51,109.77,False,Derived (Formula from Metals.Dev API - MCX/LME-linked),Simulated historical trend (see SOURCES.md for base-value citations)
14-08-2026,PCB,Punjab,Jalandhar,112.7,per kg,103.68,121.72,False,Derived (Composition Model - Copper-driven),Simulated historical trend (see SOURCES.md for base-value citations)
14-08-2026,Cable,Punjab,Jalandhar,232.94,per kg,214.3,251.58,False,Derived (Composition Model - Copper-driven),Simulated historical trend (see SOURCES.md for base-value citations)
14-08-2026,Motor,Punjab,Jalandhar,48.13,per kg,44.28,51.98,False,Derived (Composition Model - Copper-driven),Simulated historical trend (see SOURCES.md for base-value citations)
14-08-2026,Battery,Punjab,Jalandhar,40.5,per kg,37.26,43.74,False,Derived (Composition Model - Lead-driven),Simulated historical trend (see SOURCES.md for base-value citations)
14-08-2026,CRT,Punjab,Jalandhar,0.0,per kg,0.0,0.0,True,"Derived (Composition Model - Lead-driven, hazard-adjusted)",Simulated historical trend (see SOURCES.md for base-value citations)
14-08-2026,LCD,Punjab,Jalandhar,20.12,per kg,18.51,21.73,False,Derived (Composition Model - Aluminium-driven),Simulated historical trend (see SOURCES.md for base-value citations)
14-08-2026,Copper,Maharashtra,Mumbai,712.09,per kg,655.12,769.06,False,Derived (Formula from Metals.Dev API - MCX/LME-linked),Simulated historical trend (see SOURCES.md for base-value citations)
14-08-2026,Aluminium,Maharashtra,Mumbai,143.91,per kg,132.4,155.42,False,Derived (Formula from Metals.Dev API - MCX/LME-linked),Simulated historical trend (see SOURCES.md for base-value citations)
14-08-2026,Iron,Maharashtra,Mumbai,34.26,per kg,31.52,37.0,False,Derived (Formula from Metals.Dev API - MCX/LME-linked),Simulated historical trend (see SOURCES.md for base-value citations)
14-08-2026,Lead,Maharashtra,Mumbai,107.81,per kg,99.19,116.43,False,Derived (Formula from Metals.Dev API - MCX/LME-linked),Simulated historical trend (see SOURCES.md for base-value citations)
14-08-2026,PCB,Maharashtra,Mumbai,106.45,per kg,97.93,114.97,False,Derived (Composition Model - Copper-driven),Simulated historical trend (see SOURCES.md for base-value citations)
14-08-2026,Cable,Maharashtra,Mumbai,261.62,per kg,240.69,282.55,False,Derived (Composition Model - Copper-driven),Simulated historical trend (see SOURCES.md for base-value citations)
14-08-2026,Motor,Maharashtra,Mumbai,50.92,per kg,46.85,54.99,False,Derived (Composition Model - Copper-driven),Simulated historical trend (see SOURCES.md for base-value citations)
14-08-2026,Battery,Maharashtra,Mumbai,44.91,per kg,41.32,48.5,False,Derived (Composition Model - Lead-driven),Simulated historical trend (see SOURCES.md for base-value citations)
14-08-2026,CRT,Maharashtra,Mumbai,0.0,per kg,0.0,0.0,True,"Derived (Composition Model - Lead-driven, hazard-adjusted)",Simulated historical trend (see SOURCES.md for base-value citations)
14-08-2026,LCD,Maharashtra,Mumbai,23.27,per kg,21.41,25.13,False,Derived (Composition Model - Aluminium-driven),Simulated historical trend (see SOURCES.md for base-value citations)
14-08-2026,Copper,Maharashtra,Pune,627.98,per kg,577.74,678.22,False,Derived (Formula from Metals.Dev API - MCX/LME-linked),Simulated historical trend (see SOURCES.md for base-value citations)
14-08-2026,Aluminium,Maharashtra,Pune,142.9,per kg,131.47,154.33,False,Derived (Formula from Metals.Dev API - MCX/LME-linked),Simulated historical trend (see SOURCES.md for base-value citations)
14-08-2026,Iron,Maharashtra,Pune,38.66,per kg,35.57,41.75,False,Derived (Formula from Metals.Dev API - MCX/LME-linked),Simulated historical trend (see SOURCES.md for base-value citations)
14-08-2026,Lead,Maharashtra,Pune,100.05,per kg,92.05,108.05,False,Derived (Formula from Metals.Dev API - MCX/LME-linked),Simulated historical trend (see SOURCES.md for base-value citations)
14-08-2026,PCB,Maharashtra,Pune,116.8,per kg,107.46,126.14,False,Derived (Composition Model - Copper-driven),Simulated historical trend (see SOURCES.md for base-value citations)
14-08-2026,Cable,Maharashtra,Pune,242.81,per kg,223.39,262.23,False,Derived (Composition Model - Copper-driven),Simulated historical trend (see SOURCES.md for base-value citations)
14-08-2026,Motor,Maharashtra,Pune,51.96,per kg,47.8,56.12,False,Derived (Composition Model - Copper-driven),Simulated historical trend (see SOURCES.md for base-value citations)
14-08-2026,Battery,Maharashtra,Pune,46.28,per kg,42.58,49.98,False,Derived (Composition Model - Lead-driven),Simulated historical trend (see SOURCES.md for base-value citations)
14-08-2026,CRT,Maharashtra,Pune,0.0,per kg,0.0,0.0,True,"Derived (Composition Model - Lead-driven, hazard-adjusted)",Simulated historical trend (see SOURCES.md for base-value citations)
14-08-2026,LCD,Maharashtra,Pune,21.1,per kg,19.41,22.79,False,Derived (Composition Model - Aluminium-driven),Simulated historical trend (see SOURCES.md for base-value citations)
13-08-2026,Copper,Punjab,Ludhiana,658.33,per kg,605.66,711.0,False,Derived (Formula from Metals.Dev API - MCX/LME-linked),Simulated historical trend (see SOURCES.md for base-value citations)
13-08-2026,Aluminium,Punjab,Ludhiana,136.7,per kg,125.76,147.64,False,Derived (Formula from Metals.Dev API - MCX/LME-linked),Simulated historical trend (see SOURCES.md for base-value citations)
13-08-2026,Iron,Punjab,Ludhiana,33.05,per kg,30.41,35.69,False,Derived (Formula from Metals.Dev API - MCX/LME-linked),Simulated historical trend (see SOURCES.md for base-value citations)
13-08-2026,Lead,Punjab,Ludhiana,95.99,per kg,88.31,103.67,False,Derived (Formula from Metals.Dev API - MCX/LME-linked),Simulated historical trend (see SOURCES.md for base-value citations)
13-08-2026,PCB,Punjab,Ludhiana,108.88,per kg,100.17,117.59,False,Derived (Composition Model - Copper-driven),Simulated historical trend (see SOURCES.md for base-value citations)
13-08-2026,Cable,Punjab,Ludhiana,271.55,per kg,249.83,293.27,False,Derived (Composition Model - Copper-driven),Simulated historical trend (see SOURCES.md for base-value citations)
13-08-2026,Motor,Punjab,Ludhiana,46.11,per kg,42.42,49.8,False,Derived (Composition Model - Copper-driven),Simulated historical trend (see SOURCES.md for base-value citations)
13-08-2026,Battery,Punjab,Ludhiana,42.07,per kg,38.7,45.44,False,Derived (Composition Model - Lead-driven),Simulated historical trend (see SOURCES.md for base-value citations)
13-08-2026,CRT,Punjab,Ludhiana,0.0,per kg,0.0,0.0,True,"Derived (Composition Model - Lead-driven, hazard-adjusted)",Simulated historical trend (see SOURCES.md for base-value citations)
13-08-2026,LCD,Punjab,Ludhiana,21.33,per kg,19.62,23.04,False,Derived (Composition Model - Aluminium-driven),Simulated historical trend (see SOURCES.md for base-value citations)
13-08-2026,Copper,Punjab,Amritsar,604.62,per kg,556.25,652.99,False,Derived (Formula from Metals.Dev API - MCX/LME-linked),Simulated historical trend (see SOURCES.md for base-value citations)
13-08-2026,Aluminium,Punjab,Amritsar,150.82,per kg,138.75,162.89,False,Derived (Formula from Metals.Dev API - MCX/LME-linked),Simulated historical trend (see SOURCES.md for base-value citations)
13-08-2026,Iron,Punjab,Amritsar,35.21,per kg,32.39,38.03,False,Derived (Formula from Metals.Dev API - MCX/LME-linked),Simulated historical trend (see SOURCES.md for base-value citations)
13-08-2026,Lead,Punjab,Amritsar,94.89,per kg,87.3,102.48,False,Derived (Formula from Metals.Dev API - MCX/LME-linked),Simulated historical trend (see SOURCES.md for base-value citations)
13-08-2026,PCB,Punjab,Amritsar,121.43,per kg,111.72,131.14,False,Derived (Composition Model - Copper-driven),Simulated historical trend (see SOURCES.md for base-value citations)
13-08-2026,Cable,Punjab,Amritsar,276.05,per kg,253.97,298.13,False,Derived (Composition Model - Copper-driven),Simulated historical trend (see SOURCES.md for base-value citations)
13-08-2026,Motor,Punjab,Amritsar,48.31,per kg,44.45,52.17,False,Derived (Composition Model - Copper-driven),Simulated historical trend (see SOURCES.md for base-value citations)
13-08-2026,Battery,Punjab,Amritsar,41.32,per kg,38.01,44.63,False,Derived (Composition Model - Lead-driven),Simulated historical trend (see SOURCES.md for base-value citations)
13-08-2026,CRT,Punjab,Amritsar,0.0,per kg,0.0,0.0,True,"Derived (Composition Model - Lead-driven, hazard-adjusted)",Simulated historical trend (see SOURCES.md for base-value citations)
13-08-2026,LCD,Punjab,Amritsar,20.11,per kg,18.5,21.72,False,Derived (Composition Model - Aluminium-driven),Simulated historical trend (see SOURCES.md for base-value citations)
13-08-2026,Copper,Punjab,Jalandhar,610.42,per kg,561.59,659.25,False,Derived (Formula from Metals.Dev API - MCX/LME-linked),Simulated historical trend (see SOURCES.md for base-value citations)
13-08-2026,Aluminium,Punjab,Jalandhar,148.93,per kg,137.02,160.84,False,Derived (Formula from Metals.Dev API - MCX/LME-linked),Simulated historical trend (see SOURCES.md for base-value citations)
13-08-2026,Iron,Punjab,Jalandhar,35.51,per kg,32.67,38.35,False,Derived (Formula from Metals.Dev API - MCX/LME-linked),Simulated historical trend (see SOURCES.md for base-value citations)
13-08-2026,Lead,Punjab,Jalandhar,91.21,per kg,83.91,98.51,False,Derived (Formula from Metals.Dev API - MCX/LME-linked),Simulated historical trend (see SOURCES.md for base-value citations)
13-08-2026,PCB,Punjab,Jalandhar,96.22,per kg,88.52,103.92,False,Derived (Composition Model - Copper-driven),Simulated historical trend (see SOURCES.md for base-value citations)
13-08-2026,Cable,Punjab,Jalandhar,219.08,per kg,201.55,236.61,False,Derived (Composition Model - Copper-driven),Simulated historical trend (see SOURCES.md for base-value citations)
13-08-2026,Motor,Punjab,Jalandhar,45.69,per kg,42.03,49.35,False,Derived (Composition Model - Copper-driven),Simulated historical trend (see SOURCES.md for base-value citations)
13-08-2026,Battery,Punjab,Jalandhar,40.93,per kg,37.66,44.2,False,Derived (Composition Model - Lead-driven),Simulated historical trend (see SOURCES.md for base-value citations)
13-08-2026,CRT,Punjab,Jalandhar,0.0,per kg,0.0,0.0,True,"Derived (Composition Model - Lead-driven, hazard-adjusted)",Simulated historical trend (see SOURCES.md for base-value citations)
13-08-2026,LCD,Punjab,Jalandhar,20.49,per kg,18.85,22.13,False,Derived (Composition Model - Aluminium-driven),Simulated historical trend (see SOURCES.md for base-value citations)
13-08-2026,Copper,Maharashtra,Mumbai,625.85,per kg,575.78,675.92,False,Derived (Formula from Metals.Dev API - MCX/LME-linked),Simulated historical trend (see SOURCES.md for base-value citations)
13-08-2026,Aluminium,Maharashtra,Mumbai,156.81,per kg,144.27,169.35,False,Derived (Formula from Metals.Dev API - MCX/LME-linked),Simulated historical trend (see SOURCES.md for base-value citations)
13-08-2026,Iron,Maharashtra,Mumbai,35.08,per kg,32.27,37.89,False,Derived (Formula from Metals.Dev API - MCX/LME-linked),Simulated historical trend (see SOURCES.md for base-value citations)
13-08-2026,Lead,Maharashtra,Mumbai,98.72,per kg,90.82,106.62,False,Derived (Formula from Metals.Dev API - MCX/LME-linked),Simulated historical trend (see SOURCES.md for base-value citations)
13-08-2026,PCB,Maharashtra,Mumbai,117.94,per kg,108.5,127.38,False,Derived (Composition Model - Copper-driven),Simulated historical trend (see SOURCES.md for base-value citations)
13-08-2026,Cable,Maharashtra,Mumbai,264.65,per kg,243.48,285.82,False,Derived (Composition Model - Copper-driven),Simulated historical trend (see SOURCES.md for base-value citations)
13-08-2026,Motor,Maharashtra,Mumbai,54.4,per kg,50.05,58.75,False,Derived (Composition Model - Copper-driven),Simulated historical trend (see SOURCES.md for base-value citations)
13-08-2026,Battery,Maharashtra,Mumbai,40.85,per kg,37.58,44.12,False,Derived (Composition Model - Lead-driven),Simulated historical trend (see SOURCES.md for base-value citations)
13-08-2026,CRT,Maharashtra,Mumbai,0.0,per kg,0.0,0.0,True,"Derived (Composition Model - Lead-driven, hazard-adjusted)",Simulated historical trend (see SOURCES.md for base-value citations)
13-08-2026,LCD,Maharashtra,Mumbai,21.36,per kg,19.65,23.07,False,Derived (Composition Model - Aluminium-driven),Simulated historical trend (see SOURCES.md for base-value citations)
13-08-2026,Copper,Maharashtra,Pune,669.02,per kg,615.5,722.54,False,Derived (Formula from Metals.Dev API - MCX/LME-linked),Simulated historical trend (see SOURCES.md for base-value citations)
13-08-2026,Aluminium,Maharashtra,Pune,156.23,per kg,143.73,168.73,False,Derived (Formula from Metals.Dev API - MCX/LME-linked),Simulated historical trend (see SOURCES.md for base-value citations)
13-08-2026,Iron,Maharashtra,Pune,33.4,per kg,30.73,36.07,False,Derived (Formula from Metals.Dev API - MCX/LME-linked),Simulated historical trend (see SOURCES.md for base-value citations)
13-08-2026,Lead,Maharashtra,Pune,105.84,per kg,97.37,114.31,False,Derived (Formula from Metals.Dev API - MCX/LME-linked),Simulated historical trend (see SOURCES.md for base-value citations)
13-08-2026,PCB,Maharashtra,Pune,111.0,per kg,102.12,119.88,False,Derived (Composition Model - Copper-driven),Simulated historical trend (see SOURCES.md for base-value citations)
13-08-2026,Cable,Maharashtra,Pune,234.44,per kg,215.68,253.2,False,Derived (Composition Model - Copper-driven),Simulated historical trend (see SOURCES.md for base-value citations)
13-08-2026,Motor,Maharashtra,Pune,51.54,per kg,47.42,55.66,False,Derived (Composition Model - Copper-driven),Simulated historical trend (see SOURCES.md for base-value citations)
13-08-2026,Battery,Maharashtra,Pune,45.57,per kg,41.92,49.22,False,Derived (Composition Model - Lead-driven),Simulated historical trend (see SOURCES.md for base-value citations)
13-08-2026,CRT,Maharashtra,Pune,0.0,per kg,0.0,0.0,True,"Derived (Composition Model - Lead-driven, hazard-adjusted)",Simulated historical trend (see SOURCES.md for base-value citations)
13-08-2026,LCD,Maharashtra,Pune,21.27,per kg,19.57,22.97,False,Derived (Composition Model - Aluminium-driven),Simulated historical trend (see SOURCES.md for base-value citations)
12-08-2026,Copper,Punjab,Ludhiana,638.31,per kg,587.25,689.37,False,Derived (Formula from Metals.Dev API - MCX/LME-linked),Simulated historical trend (see SOURCES.md for base-value citations)
12-08-2026,Aluminium,Punjab,Ludhiana,145.96,per kg,134.28,157.64,False,Derived (Formula from Metals.Dev API - MCX/LME-linked),Simulated historical trend (see SOURCES.md for base-value citations)
12-08-2026,Iron,Punjab,Ludhiana,37.45,per kg,34.45,40.45,False,Derived (Formula from Metals.Dev API - MCX/LME-linked),Simulated historical trend (see SOURCES.md for base-value citations)
12-08-2026,Lead,Punjab,Ludhiana,91.84,per kg,84.49,99.19,False,Derived (Formula from Metals.Dev API - MCX/LME-linked),Simulated historical trend (see SOURCES.md for base-value citations)
12-08-2026,PCB,Punjab,Ludhiana,101.54,per kg,93.42,109.66,False,Derived (Composition Model - Copper-driven),Simulated historical trend (see SOURCES.md for base-value citations)
12-08-2026,Cable,Punjab,Ludhiana,270.53,per kg,248.89,292.17,False,Derived (Composition Model - Copper-driven),Simulated historical trend (see SOURCES.md for base-value citations)
12-08-2026,Motor,Punjab,Ludhiana,47.29,per kg,43.51,51.07,False,Derived (Composition Model - Copper-driven),Simulated historical trend (see SOURCES.md for base-value citations)
12-08-2026,Battery,Punjab,Ludhiana,43.61,per kg,40.12,47.1,False,Derived (Composition Model - Lead-driven),Simulated historical trend (see SOURCES.md for base-value citations)
12-08-2026,CRT,Punjab,Ludhiana,0.0,per kg,0.0,0.0,True,"Derived (Composition Model - Lead-driven, hazard-adjusted)",Simulated historical trend (see SOURCES.md for base-value citations)
12-08-2026,LCD,Punjab,Ludhiana,21.36,per kg,19.65,23.07,False,Derived (Composition Model - Aluminium-driven),Simulated historical trend (see SOURCES.md for base-value citations)
12-08-2026,Copper,Punjab,Amritsar,695.14,per kg,639.53,750.75,False,Derived (Formula from Metals.Dev API - MCX/LME-linked),Simulated historical trend (see SOURCES.md for base-value citations)
12-08-2026,Aluminium,Punjab,Amritsar,160.46,per kg,147.62,173.3,False,Derived (Formula from Metals.Dev API - MCX/LME-linked),Simulated historical trend (see SOURCES.md for base-value citations)
12-08-2026,Iron,Punjab,Amritsar,39.19,per kg,36.05,42.33,False,Derived (Formula from Metals.Dev API - MCX/LME-linked),Simulated historical trend (see SOURCES.md for base-value citations)
12-08-2026,Lead,Punjab,Amritsar,90.95,per kg,83.67,98.23,False,Derived (Formula from Metals.Dev API - MCX/LME-linked),Simulated historical trend (see SOURCES.md for base-value citations)
12-08-2026,PCB,Punjab,Amritsar,101.2,per kg,93.1,109.3,False,Derived (Composition Model - Copper-driven),Simulated historical trend (see SOURCES.md for base-value citations)
12-08-2026,Cable,Punjab,Amritsar,271.51,per kg,249.79,293.23,False,Derived (Composition Model - Copper-driven),Simulated historical trend (see SOURCES.md for base-value citations)
12-08-2026,Motor,Punjab,Amritsar,51.74,per kg,47.6,55.88,False,Derived (Composition Model - Copper-driven),Simulated historical trend (see SOURCES.md for base-value citations)
12-08-2026,Battery,Punjab,Amritsar,39.92,per kg,36.73,43.11,False,Derived (Composition Model - Lead-driven),Simulated historical trend (see SOURCES.md for base-value citations)
12-08-2026,CRT,Punjab,Amritsar,0.0,per kg,0.0,0.0,True,"Derived (Composition Model - Lead-driven, hazard-adjusted)",Simulated historical trend (see SOURCES.md for base-value citations)
12-08-2026,LCD,Punjab,Amritsar,19.29,per kg,17.75,20.83,False,Derived (Composition Model - Aluminium-driven),Simulated historical trend (see SOURCES.md for base-value citations)
12-08-2026,Copper,Punjab,Jalandhar,654.33,per kg,601.98,706.68,False,Derived (Formula from Metals.Dev API - MCX/LME-linked),Simulated historical trend (see SOURCES.md for base-value citations)
12-08-2026,Aluminium,Punjab,Jalandhar,152.69,per kg,140.47,164.91,False,Derived (Formula from Metals.Dev API - MCX/LME-linked),Simulated historical trend (see SOURCES.md for base-value citations)
12-08-2026,Iron,Punjab,Jalandhar,32.72,per kg,30.1,35.34,False,Derived (Formula from Metals.Dev API - MCX/LME-linked),Simulated historical trend (see SOURCES.md for base-value citations)
12-08-2026,Lead,Punjab,Jalandhar,95.53,per kg,87.89,103.17,False,Derived (Formula from Metals.Dev API - MCX/LME-linked),Simulated historical trend (see SOURCES.md for base-value citations)
12-08-2026,PCB,Punjab,Jalandhar,107.73,per kg,99.11,116.35,False,Derived (Composition Model - Copper-driven),Simulated historical trend (see SOURCES.md for base-value citations)
12-08-2026,Cable,Punjab,Jalandhar,235.57,per kg,216.72,254.42,False,Derived (Composition Model - Copper-driven),Simulated historical trend (see SOURCES.md for base-value citations)
12-08-2026,Motor,Punjab,Jalandhar,47.03,per kg,43.27,50.79,False,Derived (Composition Model - Copper-driven),Simulated historical trend (see SOURCES.md for base-value citations)
12-08-2026,Battery,Punjab,Jalandhar,44.06,per kg,40.54,47.58,False,Derived (Composition Model - Lead-driven),Simulated historical trend (see SOURCES.md for base-value citations)
12-08-2026,CRT,Punjab,Jalandhar,0.0,per kg,0.0,0.0,True,"Derived (Composition Model - Lead-driven, hazard-adjusted)",Simulated historical trend (see SOURCES.md for base-value citations)
12-08-2026,LCD,Punjab,Jalandhar,20.85,per kg,19.18,22.52,False,Derived (Composition Model - Aluminium-driven),Simulated historical trend (see SOURCES.md for base-value citations)
12-08-2026,Copper,Maharashtra,Mumbai,610.98,per kg,562.1,659.86,False,Derived (Formula from Metals.Dev API - MCX/LME-linked),Simulated historical trend (see SOURCES.md for base-value citations)
12-08-2026,Aluminium,Maharashtra,Mumbai,159.12,per kg,146.39,171.85,False,Derived (Formula from Metals.Dev API - MCX/LME-linked),Simulated historical trend (see SOURCES.md for base-value citations)
12-08-2026,Iron,Maharashtra,Mumbai,40.17,per kg,36.96,43.38,False,Derived (Formula from Metals.Dev API - MCX/LME-linked),Simulated historical trend (see SOURCES.md for base-value citations)
12-08-2026,Lead,Maharashtra,Mumbai,111.42,per kg,102.51,120.33,False,Derived (Formula from Metals.Dev API - MCX/LME-linked),Simulated historical trend (see SOURCES.md for base-value citations)
12-08-2026,PCB,Maharashtra,Mumbai,110.59,per kg,101.74,119.44,False,Derived (Composition Model - Copper-driven),Simulated historical trend (see SOURCES.md for base-value citations)
12-08-2026,Cable,Maharashtra,Mumbai,243.63,per kg,224.14,263.12,False,Derived (Composition Model - Copper-driven),Simulated historical trend (see SOURCES.md for base-value citations)
12-08-2026,Motor,Maharashtra,Mumbai,51.23,per kg,47.13,55.33,False,Derived (Composition Model - Copper-driven),Simulated historical trend (see SOURCES.md for base-value citations)
12-08-2026,Battery,Maharashtra,Mumbai,46.63,per kg,42.9,50.36,False,Derived (Composition Model - Lead-driven),Simulated historical trend (see SOURCES.md for base-value citations)
12-08-2026,CRT,Maharashtra,Mumbai,0.0,per kg,0.0,0.0,True,"Derived (Composition Model - Lead-driven, hazard-adjusted)",Simulated historical trend (see SOURCES.md for base-value citations)
12-08-2026,LCD,Maharashtra,Mumbai,23.18,per kg,21.33,25.03,False,Derived (Composition Model - Aluminium-driven),Simulated historical trend (see SOURCES.md for base-value citations)
12-08-2026,Copper,Maharashtra,Pune,706.37,per kg,649.86,762.88,False,Derived (Formula from Metals.Dev API - MCX/LME-linked),Simulated historical trend (see SOURCES.md for base-value citations)
12-08-2026,Aluminium,Maharashtra,Pune,148.35,per kg,136.48,160.22,False,Derived (Formula from Metals.Dev API - MCX/LME-linked),Simulated historical trend (see SOURCES.md for base-value citations)
12-08-2026,Iron,Maharashtra,Pune,32.97,per kg,30.33,35.61,False,Derived (Formula from Metals.Dev API - MCX/LME-linked),Simulated historical trend (see SOURCES.md for base-value citations)
12-08-2026,Lead,Maharashtra,Pune,97.46,per kg,89.66,105.26,False,Derived (Formula from Metals.Dev API - MCX/LME-linked),Simulated historical trend (see SOURCES.md for base-value citations)
12-08-2026,PCB,Maharashtra,Pune,113.06,per kg,104.02,122.1,False,Derived (Composition Model - Copper-driven),Simulated historical trend (see SOURCES.md for base-value citations)
12-08-2026,Cable,Maharashtra,Pune,250.75,per kg,230.69,270.81,False,Derived (Composition Model - Copper-driven),Simulated historical trend (see SOURCES.md for base-value citations)
12-08-2026,Motor,Maharashtra,Pune,50.99,per kg,46.91,55.07,False,Derived (Composition Model - Copper-driven),Simulated historical trend (see SOURCES.md for base-value citations)
12-08-2026,Battery,Maharashtra,Pune,40.48,per kg,37.24,43.72,False,Derived (Composition Model - Lead-driven),Simulated historical trend (see SOURCES.md for base-value citations)
12-08-2026,CRT,Maharashtra,Pune,0.0,per kg,0.0,0.0,True,"Derived (Composition Model - Lead-driven, hazard-adjusted)",Simulated historical trend (see SOURCES.md for base-value citations)
12-08-2026,LCD,Maharashtra,Pune,20.32,per kg,18.69,21.95,False,Derived (Composition Model - Aluminium-driven),Simulated historical trend (see SOURCES.md for base-value citations)
11-08-2026,Copper,Punjab,Ludhiana,582.45,per kg,535.85,629.05,False,Derived (Formula from Metals.Dev API - MCX/LME-linked),Simulated historical trend (see SOURCES.md for base-value citations)
11-08-2026,Aluminium,Punjab,Ludhiana,142.61,per kg,131.2,154.02,False,Derived (Formula from Metals.Dev API - MCX/LME-linked),Simulated historical trend (see SOURCES.md for base-value citations)
11-08-2026,Iron,Punjab,Ludhiana,33.21,per kg,30.55,35.87,False,Derived (Formula from Metals.Dev API - MCX/LME-linked),Simulated historical trend (see SOURCES.md for base-value citations)
11-08-2026,Lead,Punjab,Ludhiana,99.55,per kg,91.59,107.51,False,Derived (Formula from Metals.Dev API - MCX/LME-linked),Simulated historical trend (see SOURCES.md for base-value citations)
11-08-2026,PCB,Punjab,Ludhiana,114.62,per kg,105.45,123.79,False,Derived (Composition Model - Copper-driven),Simulated historical trend (see SOURCES.md for base-value citations)
11-08-2026,Cable,Punjab,Ludhiana,251.28,per kg,231.18,271.38,False,Derived (Composition Model - Copper-driven),Simulated historical trend (see SOURCES.md for base-value citations)
11-08-2026,Motor,Punjab,Ludhiana,50.61,per kg,46.56,54.66,False,Derived (Composition Model - Copper-driven),Simulated historical trend (see SOURCES.md for base-value citations)
11-08-2026,Battery,Punjab,Ludhiana,43.38,per kg,39.91,46.85,False,Derived (Composition Model - Lead-driven),Simulated historical trend (see SOURCES.md for base-value citations)
11-08-2026,CRT,Punjab,Ludhiana,0.0,per kg,0.0,0.0,True,"Derived (Composition Model - Lead-driven, hazard-adjusted)",Simulated historical trend (see SOURCES.md for base-value citations)
11-08-2026,LCD,Punjab,Ludhiana,22.0,per kg,20.24,23.76,False,Derived (Composition Model - Aluminium-driven),Simulated historical trend (see SOURCES.md for base-value citations)
11-08-2026,Copper,Punjab,Amritsar,589.34,per kg,542.19,636.49,False,Derived (Formula from Metals.Dev API - MCX/LME-linked),Simulated historical trend (see SOURCES.md for base-value citations)
11-08-2026,Aluminium,Punjab,Amritsar,158.85,per kg,146.14,171.56,False,Derived (Formula from Metals.Dev API - MCX/LME-linked),Simulated historical trend (see SOURCES.md for base-value citations)
11-08-2026,Iron,Punjab,Amritsar,36.45,per kg,33.53,39.37,False,Derived (Formula from Metals.Dev API - MCX/LME-linked),Simulated historical trend (see SOURCES.md for base-value citations)
11-08-2026,Lead,Punjab,Amritsar,95.07,per kg,87.46,102.68,False,Derived (Formula from Metals.Dev API - MCX/LME-linked),Simulated historical trend (see SOURCES.md for base-value citations)
11-08-2026,PCB,Punjab,Amritsar,104.4,per kg,96.05,112.75,False,Derived (Composition Model - Copper-driven),Simulated historical trend (see SOURCES.md for base-value citations)
11-08-2026,Cable,Punjab,Amritsar,264.66,per kg,243.49,285.83,False,Derived (Composition Model - Copper-driven),Simulated historical trend (see SOURCES.md for base-value citations)
11-08-2026,Motor,Punjab,Amritsar,45.53,per kg,41.89,49.17,False,Derived (Composition Model - Copper-driven),Simulated historical trend (see SOURCES.md for base-value citations)
11-08-2026,Battery,Punjab,Amritsar,43.52,per kg,40.04,47.0,False,Derived (Composition Model - Lead-driven),Simulated historical trend (see SOURCES.md for base-value citations)
11-08-2026,CRT,Punjab,Amritsar,0.0,per kg,0.0,0.0,True,"Derived (Composition Model - Lead-driven, hazard-adjusted)",Simulated historical trend (see SOURCES.md for base-value citations)
11-08-2026,LCD,Punjab,Amritsar,18.93,per kg,17.42,20.44,False,Derived (Composition Model - Aluminium-driven),Simulated historical trend (see SOURCES.md for base-value citations)
11-08-2026,Copper,Punjab,Jalandhar,569.88,per kg,524.29,615.47,False,Derived (Formula from Metals.Dev API - MCX/LME-linked),Simulated historical trend (see SOURCES.md for base-value citations)
11-08-2026,Aluminium,Punjab,Jalandhar,136.59,per kg,125.66,147.52,False,Derived (Formula from Metals.Dev API - MCX/LME-linked),Simulated historical trend (see SOURCES.md for base-value citations)
11-08-2026,Iron,Punjab,Jalandhar,34.65,per kg,31.88,37.42,False,Derived (Formula from Metals.Dev API - MCX/LME-linked),Simulated historical trend (see SOURCES.md for base-value citations)
11-08-2026,Lead,Punjab,Jalandhar,100.78,per kg,92.72,108.84,False,Derived (Formula from Metals.Dev API - MCX/LME-linked),Simulated historical trend (see SOURCES.md for base-value citations)
11-08-2026,PCB,Punjab,Jalandhar,100.74,per kg,92.68,108.8,False,Derived (Composition Model - Copper-driven),Simulated historical trend (see SOURCES.md for base-value citations)
11-08-2026,Cable,Punjab,Jalandhar,258.06,per kg,237.42,278.7,False,Derived (Composition Model - Copper-driven),Simulated historical trend (see SOURCES.md for base-value citations)
11-08-2026,Motor,Punjab,Jalandhar,47.13,per kg,43.36,50.9,False,Derived (Composition Model - Copper-driven),Simulated historical trend (see SOURCES.md for base-value citations)
11-08-2026,Battery,Punjab,Jalandhar,42.37,per kg,38.98,45.76,False,Derived (Composition Model - Lead-driven),Simulated historical trend (see SOURCES.md for base-value citations)
11-08-2026,CRT,Punjab,Jalandhar,0.0,per kg,0.0,0.0,True,"Derived (Composition Model - Lead-driven, hazard-adjusted)",Simulated historical trend (see SOURCES.md for base-value citations)
11-08-2026,LCD,Punjab,Jalandhar,20.73,per kg,19.07,22.39,False,Derived (Composition Model - Aluminium-driven),Simulated historical trend (see SOURCES.md for base-value citations)
11-08-2026,Copper,Maharashtra,Mumbai,642.85,per kg,591.42,694.28,False,Derived (Formula from Metals.Dev API - MCX/LME-linked),Simulated historical trend (see SOURCES.md for base-value citations)
11-08-2026,Aluminium,Maharashtra,Mumbai,150.26,per kg,138.24,162.28,False,Derived (Formula from Metals.Dev API - MCX/LME-linked),Simulated historical trend (see SOURCES.md for base-value citations)
11-08-2026,Iron,Maharashtra,Mumbai,36.96,per kg,34.0,39.92,False,Derived (Formula from Metals.Dev API - MCX/LME-linked),Simulated historical trend (see SOURCES.md for base-value citations)
11-08-2026,Lead,Maharashtra,Mumbai,98.55,per kg,90.67,106.43,False,Derived (Formula from Metals.Dev API - MCX/LME-linked),Simulated historical trend (see SOURCES.md for base-value citations)
11-08-2026,PCB,Maharashtra,Mumbai,109.1,per kg,100.37,117.83,False,Derived (Composition Model - Copper-driven),Simulated historical trend (see SOURCES.md for base-value citations)
11-08-2026,Cable,Maharashtra,Mumbai,235.21,per kg,216.39,254.03,False,Derived (Composition Model - Copper-driven),Simulated historical trend (see SOURCES.md for base-value citations)
11-08-2026,Motor,Maharashtra,Mumbai,46.77,per kg,43.03,50.51,False,Derived (Composition Model - Copper-driven),Simulated historical trend (see SOURCES.md for base-value citations)
11-08-2026,Battery,Maharashtra,Mumbai,44.52,per kg,40.96,48.08,False,Derived (Composition Model - Lead-driven),Simulated historical trend (see SOURCES.md for base-value citations)
11-08-2026,CRT,Maharashtra,Mumbai,0.0,per kg,0.0,0.0,True,"Derived (Composition Model - Lead-driven, hazard-adjusted)",Simulated historical trend (see SOURCES.md for base-value citations)
11-08-2026,LCD,Maharashtra,Mumbai,23.1,per kg,21.25,24.95,False,Derived (Composition Model - Aluminium-driven),Simulated historical trend (see SOURCES.md for base-value citations)
11-08-2026,Copper,Maharashtra,Pune,660.84,per kg,607.97,713.71,False,Derived (Formula from Metals.Dev API - MCX/LME-linked),Simulated historical trend (see SOURCES.md for base-value citations)
11-08-2026,Aluminium,Maharashtra,Pune,162.76,per kg,149.74,175.78,False,Derived (Formula from Metals.Dev API - MCX/LME-linked),Simulated historical trend (see SOURCES.md for base-value citations)
11-08-2026,Iron,Maharashtra,Pune,37.94,per kg,34.9,40.98,False,Derived (Formula from Metals.Dev API - MCX/LME-linked),Simulated historical trend (see SOURCES.md for base-value citations)
11-08-2026,Lead,Maharashtra,Pune,91.29,per kg,83.99,98.59,False,Derived (Formula from Metals.Dev API - MCX/LME-linked),Simulated historical trend (see SOURCES.md for base-value citations)
11-08-2026,PCB,Maharashtra,Pune,113.68,per kg,104.59,122.77,False,Derived (Composition Model - Copper-driven),Simulated historical trend (see SOURCES.md for base-value citations)
11-08-2026,Cable,Maharashtra,Pune,234.32,per kg,215.57,253.07,False,Derived (Composition Model - Copper-driven),Simulated historical trend (see SOURCES.md for base-value citations)
11-08-2026,Motor,Maharashtra,Pune,43.87,per kg,40.36,47.38,False,Derived (Composition Model - Copper-driven),Simulated historical trend (see SOURCES.md for base-value citations)
11-08-2026,Battery,Maharashtra,Pune,40.33,per kg,37.1,43.56,False,Derived (Composition Model - Lead-driven),Simulated historical trend (see SOURCES.md for base-value citations)
11-08-2026,CRT,Maharashtra,Pune,0.0,per kg,0.0,0.0,True,"Derived (Composition Model - Lead-driven, hazard-adjusted)",Simulated historical trend (see SOURCES.md for base-value citations)
11-08-2026,LCD,Maharashtra,Pune,20.26,per kg,18.64,21.88,False,Derived (Composition Model - Aluminium-driven),Simulated historical trend (see SOURCES.md for base-value citations)
10-08-2026,Copper,Punjab,Ludhiana,650.93,per kg,598.86,703.0,False,Derived (Formula from Metals.Dev API - MCX/LME-linked),Simulated historical trend (see SOURCES.md for base-value citations)
10-08-2026,Aluminium,Punjab,Ludhiana,145.51,per kg,133.87,157.15,False,Derived (Formula from Metals.Dev API - MCX/LME-linked),Simulated historical trend (see SOURCES.md for base-value citations)
10-08-2026,Iron,Punjab,Ludhiana,38.23,per kg,35.17,41.29,False,Derived (Formula from Metals.Dev API - MCX/LME-linked),Simulated historical trend (see SOURCES.md for base-value citations)
10-08-2026,Lead,Punjab,Ludhiana,89.1,per kg,81.97,96.23,False,Derived (Formula from Metals.Dev API - MCX/LME-linked),Simulated historical trend (see SOURCES.md for base-value citations)
10-08-2026,PCB,Punjab,Ludhiana,104.73,per kg,96.35,113.11,False,Derived (Composition Model - Copper-driven),Simulated historical trend (see SOURCES.md for base-value citations)
10-08-2026,Cable,Punjab,Ludhiana,226.67,per kg,208.54,244.8,False,Derived (Composition Model - Copper-driven),Simulated historical trend (see SOURCES.md for base-value citations)
10-08-2026,Motor,Punjab,Ludhiana,44.75,per kg,41.17,48.33,False,Derived (Composition Model - Copper-driven),Simulated historical trend (see SOURCES.md for base-value citations)
10-08-2026,Battery,Punjab,Ludhiana,43.73,per kg,40.23,47.23,False,Derived (Composition Model - Lead-driven),Simulated historical trend (see SOURCES.md for base-value citations)
10-08-2026,CRT,Punjab,Ludhiana,0.0,per kg,0.0,0.0,True,"Derived (Composition Model - Lead-driven, hazard-adjusted)",Simulated historical trend (see SOURCES.md for base-value citations)
10-08-2026,LCD,Punjab,Ludhiana,21.41,per kg,19.7,23.12,False,Derived (Composition Model - Aluminium-driven),Simulated historical trend (see SOURCES.md for base-value citations)
10-08-2026,Copper,Punjab,Amritsar,592.27,per kg,544.89,639.65,False,Derived (Formula from Metals.Dev API - MCX/LME-linked),Simulated historical trend (see SOURCES.md for base-value citations)
10-08-2026,Aluminium,Punjab,Amritsar,147.55,per kg,135.75,159.35,False,Derived (Formula from Metals.Dev API - MCX/LME-linked),Simulated historical trend (see SOURCES.md for base-value citations)
10-08-2026,Iron,Punjab,Amritsar,39.55,per kg,36.39,42.71,False,Derived (Formula from Metals.Dev API - MCX/LME-linked),Simulated historical trend (see SOURCES.md for base-value citations)
10-08-2026,Lead,Punjab,Amritsar,110.19,per kg,101.37,119.01,False,Derived (Formula from Metals.Dev API - MCX/LME-linked),Simulated historical trend (see SOURCES.md for base-value citations)
10-08-2026,PCB,Punjab,Amritsar,105.28,per kg,96.86,113.7,False,Derived (Composition Model - Copper-driven),Simulated historical trend (see SOURCES.md for base-value citations)
10-08-2026,Cable,Punjab,Amritsar,228.96,per kg,210.64,247.28,False,Derived (Composition Model - Copper-driven),Simulated historical trend (see SOURCES.md for base-value citations)
10-08-2026,Motor,Punjab,Amritsar,45.95,per kg,42.27,49.63,False,Derived (Composition Model - Copper-driven),Simulated historical trend (see SOURCES.md for base-value citations)
10-08-2026,Battery,Punjab,Amritsar,45.36,per kg,41.73,48.99,False,Derived (Composition Model - Lead-driven),Simulated historical trend (see SOURCES.md for base-value citations)
10-08-2026,CRT,Punjab,Amritsar,0.0,per kg,0.0,0.0,True,"Derived (Composition Model - Lead-driven, hazard-adjusted)",Simulated historical trend (see SOURCES.md for base-value citations)
10-08-2026,LCD,Punjab,Amritsar,19.63,per kg,18.06,21.2,False,Derived (Composition Model - Aluminium-driven),Simulated historical trend (see SOURCES.md for base-value citations)
10-08-2026,Copper,Punjab,Jalandhar,557.45,per kg,512.85,602.05,False,Derived (Formula from Metals.Dev API - MCX/LME-linked),Simulated historical trend (see SOURCES.md for base-value citations)
10-08-2026,Aluminium,Punjab,Jalandhar,131.82,per kg,121.27,142.37,False,Derived (Formula from Metals.Dev API - MCX/LME-linked),Simulated historical trend (see SOURCES.md for base-value citations)
10-08-2026,Iron,Punjab,Jalandhar,35.67,per kg,32.82,38.52,False,Derived (Formula from Metals.Dev API - MCX/LME-linked),Simulated historical trend (see SOURCES.md for base-value citations)
10-08-2026,Lead,Punjab,Jalandhar,98.56,per kg,90.68,106.44,False,Derived (Formula from Metals.Dev API - MCX/LME-linked),Simulated historical trend (see SOURCES.md for base-value citations)
10-08-2026,PCB,Punjab,Jalandhar,100.27,per kg,92.25,108.29,False,Derived (Composition Model - Copper-driven),Simulated historical trend (see SOURCES.md for base-value citations)
10-08-2026,Cable,Punjab,Jalandhar,249.65,per kg,229.68,269.62,False,Derived (Composition Model - Copper-driven),Simulated historical trend (see SOURCES.md for base-value citations)
10-08-2026,Motor,Punjab,Jalandhar,48.43,per kg,44.56,52.3,False,Derived (Composition Model - Copper-driven),Simulated historical trend (see SOURCES.md for base-value citations)
10-08-2026,Battery,Punjab,Jalandhar,40.37,per kg,37.14,43.6,False,Derived (Composition Model - Lead-driven),Simulated historical trend (see SOURCES.md for base-value citations)
10-08-2026,CRT,Punjab,Jalandhar,0.0,per kg,0.0,0.0,True,"Derived (Composition Model - Lead-driven, hazard-adjusted)",Simulated historical trend (see SOURCES.md for base-value citations)
10-08-2026,LCD,Punjab,Jalandhar,20.3,per kg,18.68,21.92,False,Derived (Composition Model - Aluminium-driven),Simulated historical trend (see SOURCES.md for base-value citations)
10-08-2026,Copper,Maharashtra,Mumbai,649.75,per kg,597.77,701.73,False,Derived (Formula from Metals.Dev API - MCX/LME-linked),Simulated historical trend (see SOURCES.md for base-value citations)
10-08-2026,Aluminium,Maharashtra,Mumbai,142.2,per kg,130.82,153.58,False,Derived (Formula from Metals.Dev API - MCX/LME-linked),Simulated historical trend (see SOURCES.md for base-value citations)
10-08-2026,Iron,Maharashtra,Mumbai,39.47,per kg,36.31,42.63,False,Derived (Formula from Metals.Dev API - MCX/LME-linked),Simulated historical trend (see SOURCES.md for base-value citations)
10-08-2026,Lead,Maharashtra,Mumbai,94.5,per kg,86.94,102.06,False,Derived (Formula from Metals.Dev API - MCX/LME-linked),Simulated historical trend (see SOURCES.md for base-value citations)
10-08-2026,PCB,Maharashtra,Mumbai,108.45,per kg,99.77,117.13,False,Derived (Composition Model - Copper-driven),Simulated historical trend (see SOURCES.md for base-value citations)
10-08-2026,Cable,Maharashtra,Mumbai,241.93,per kg,222.58,261.28,False,Derived (Composition Model - Copper-driven),Simulated historical trend (see SOURCES.md for base-value citations)
10-08-2026,Motor,Maharashtra,Mumbai,52.6,per kg,48.39,56.81,False,Derived (Composition Model - Copper-driven),Simulated historical trend (see SOURCES.md for base-value citations)
10-08-2026,Battery,Maharashtra,Mumbai,44.49,per kg,40.93,48.05,False,Derived (Composition Model - Lead-driven),Simulated historical trend (see SOURCES.md for base-value citations)
10-08-2026,CRT,Maharashtra,Mumbai,0.0,per kg,0.0,0.0,True,"Derived (Composition Model - Lead-driven, hazard-adjusted)",Simulated historical trend (see SOURCES.md for base-value citations)
10-08-2026,LCD,Maharashtra,Mumbai,21.99,per kg,20.23,23.75,False,Derived (Composition Model - Aluminium-driven),Simulated historical trend (see SOURCES.md for base-value citations)
10-08-2026,Copper,Maharashtra,Pune,675.56,per kg,621.52,729.6,False,Derived (Formula from Metals.Dev API - MCX/LME-linked),Simulated historical trend (see SOURCES.md for base-value citations)
10-08-2026,Aluminium,Maharashtra,Pune,163.68,per kg,150.59,176.77,False,Derived (Formula from Metals.Dev API - MCX/LME-linked),Simulated historical trend (see SOURCES.md for base-value citations)
10-08-2026,Iron,Maharashtra,Pune,33.37,per kg,30.7,36.04,False,Derived (Formula from Metals.Dev API - MCX/LME-linked),Simulated historical trend (see SOURCES.md for base-value citations)
10-08-2026,Lead,Maharashtra,Pune,107.75,per kg,99.13,116.37,False,Derived (Formula from Metals.Dev API - MCX/LME-linked),Simulated historical trend (see SOURCES.md for base-value citations)
10-08-2026,PCB,Maharashtra,Pune,118.23,per kg,108.77,127.69,False,Derived (Composition Model - Copper-driven),Simulated historical trend (see SOURCES.md for base-value citations)
10-08-2026,Cable,Maharashtra,Pune,253.63,per kg,233.34,273.92,False,Derived (Composition Model - Copper-driven),Simulated historical trend (see SOURCES.md for base-value citations)
10-08-2026,Motor,Maharashtra,Pune,50.63,per kg,46.58,54.68,False,Derived (Composition Model - Copper-driven),Simulated historical trend (see SOURCES.md for base-value citations)
10-08-2026,Battery,Maharashtra,Pune,40.82,per kg,37.55,44.09,False,Derived (Composition Model - Lead-driven),Simulated historical trend (see SOURCES.md for base-value citations)
10-08-2026,CRT,Maharashtra,Pune,0.0,per kg,0.0,0.0,True,"Derived (Composition Model - Lead-driven, hazard-adjusted)",Simulated historical trend (see SOURCES.md for base-value citations)
10-08-2026,LCD,Maharashtra,Pune,20.74,per kg,19.08,22.4,False,Derived (Composition Model - Aluminium-driven),Simulated historical trend (see SOURCES.md for base-value citations)
09-08-2026,Copper,Punjab,Ludhiana,623.31,per kg,573.45,673.17,False,Derived (Formula from Metals.Dev API - MCX/LME-linked),Simulated historical trend (see SOURCES.md for base-value citations)
09-08-2026,Aluminium,Punjab,Ludhiana,136.45,per kg,125.53,147.37,False,Derived (Formula from Metals.Dev API - MCX/LME-linked),Simulated historical trend (see SOURCES.md for base-value citations)
09-08-2026,Iron,Punjab,Ludhiana,37.2,per kg,34.22,40.18,False,Derived (Formula from Metals.Dev API - MCX/LME-linked),Simulated historical trend (see SOURCES.md for base-value citations)
09-08-2026,Lead,Punjab,Ludhiana,92.29,per kg,84.91,99.67,False,Derived (Formula from Metals.Dev API - MCX/LME-linked),Simulated historical trend (see SOURCES.md for base-value citations)
09-08-2026,PCB,Punjab,Ludhiana,103.17,per kg,94.92,111.42,False,Derived (Composition Model - Copper-driven),Simulated historical trend (see SOURCES.md for base-value citations)
09-08-2026,Cable,Punjab,Ludhiana,224.65,per kg,206.68,242.62,False,Derived (Composition Model - Copper-driven),Simulated historical trend (see SOURCES.md for base-value citations)
09-08-2026,Motor,Punjab,Ludhiana,45.46,per kg,41.82,49.1,False,Derived (Composition Model - Copper-driven),Simulated historical trend (see SOURCES.md for base-value citations)
09-08-2026,Battery,Punjab,Ludhiana,39.69,per kg,36.51,42.87,False,Derived (Composition Model - Lead-driven),Simulated historical trend (see SOURCES.md for base-value citations)
09-08-2026,CRT,Punjab,Ludhiana,0.0,per kg,0.0,0.0,True,"Derived (Composition Model - Lead-driven, hazard-adjusted)",Simulated historical trend (see SOURCES.md for base-value citations)
09-08-2026,LCD,Punjab,Ludhiana,20.49,per kg,18.85,22.13,False,Derived (Composition Model - Aluminium-driven),Simulated historical trend (see SOURCES.md for base-value citations)
09-08-2026,Copper,Punjab,Amritsar,590.21,per kg,542.99,637.43,False,Derived (Formula from Metals.Dev API - MCX/LME-linked),Simulated historical trend (see SOURCES.md for base-value citations)
09-08-2026,Aluminium,Punjab,Amritsar,154.88,per kg,142.49,167.27,False,Derived (Formula from Metals.Dev API - MCX/LME-linked),Simulated historical trend (see SOURCES.md for base-value citations)
09-08-2026,Iron,Punjab,Amritsar,36.09,per kg,33.2,38.98,False,Derived (Formula from Metals.Dev API - MCX/LME-linked),Simulated historical trend (see SOURCES.md for base-value citations)
09-08-2026,Lead,Punjab,Amritsar,105.25,per kg,96.83,113.67,False,Derived (Formula from Metals.Dev API - MCX/LME-linked),Simulated historical trend (see SOURCES.md for base-value citations)
09-08-2026,PCB,Punjab,Amritsar,108.32,per kg,99.65,116.99,False,Derived (Composition Model - Copper-driven),Simulated historical trend (see SOURCES.md for base-value citations)
09-08-2026,Cable,Punjab,Amritsar,268.37,per kg,246.9,289.84,False,Derived (Composition Model - Copper-driven),Simulated historical trend (see SOURCES.md for base-value citations)
09-08-2026,Motor,Punjab,Amritsar,45.9,per kg,42.23,49.57,False,Derived (Composition Model - Copper-driven),Simulated historical trend (see SOURCES.md for base-value citations)
09-08-2026,Battery,Punjab,Amritsar,39.32,per kg,36.17,42.47,False,Derived (Composition Model - Lead-driven),Simulated historical trend (see SOURCES.md for base-value citations)
09-08-2026,CRT,Punjab,Amritsar,0.0,per kg,0.0,0.0,True,"Derived (Composition Model - Lead-driven, hazard-adjusted)",Simulated historical trend (see SOURCES.md for base-value citations)
09-08-2026,LCD,Punjab,Amritsar,19.44,per kg,17.88,21.0,False,Derived (Composition Model - Aluminium-driven),Simulated historical trend (see SOURCES.md for base-value citations)
09-08-2026,Copper,Punjab,Jalandhar,607.43,per kg,558.84,656.02,False,Derived (Formula from Metals.Dev API - MCX/LME-linked),Simulated historical trend (see SOURCES.md for base-value citations)
09-08-2026,Aluminium,Punjab,Jalandhar,140.96,per kg,129.68,152.24,False,Derived (Formula from Metals.Dev API - MCX/LME-linked),Simulated historical trend (see SOURCES.md for base-value citations)
09-08-2026,Iron,Punjab,Jalandhar,31.62,per kg,29.09,34.15,False,Derived (Formula from Metals.Dev API - MCX/LME-linked),Simulated historical trend (see SOURCES.md for base-value citations)
09-08-2026,Lead,Punjab,Jalandhar,98.85,per kg,90.94,106.76,False,Derived (Formula from Metals.Dev API - MCX/LME-linked),Simulated historical trend (see SOURCES.md for base-value citations)
09-08-2026,PCB,Punjab,Jalandhar,103.14,per kg,94.89,111.39,False,Derived (Composition Model - Copper-driven),Simulated historical trend (see SOURCES.md for base-value citations)
09-08-2026,Cable,Punjab,Jalandhar,257.26,per kg,236.68,277.84,False,Derived (Composition Model - Copper-driven),Simulated historical trend (see SOURCES.md for base-value citations)
09-08-2026,Motor,Punjab,Jalandhar,43.5,per kg,40.02,46.98,False,Derived (Composition Model - Copper-driven),Simulated historical trend (see SOURCES.md for base-value citations)
09-08-2026,Battery,Punjab,Jalandhar,40.94,per kg,37.66,44.22,False,Derived (Composition Model - Lead-driven),Simulated historical trend (see SOURCES.md for base-value citations)
09-08-2026,CRT,Punjab,Jalandhar,0.0,per kg,0.0,0.0,True,"Derived (Composition Model - Lead-driven, hazard-adjusted)",Simulated historical trend (see SOURCES.md for base-value citations)
09-08-2026,LCD,Punjab,Jalandhar,19.94,per kg,18.34,21.54,False,Derived (Composition Model - Aluminium-driven),Simulated historical trend (see SOURCES.md for base-value citations)
09-08-2026,Copper,Maharashtra,Mumbai,683.19,per kg,628.53,737.85,False,Derived (Formula from Metals.Dev API - MCX/LME-linked),Simulated historical trend (see SOURCES.md for base-value citations)
09-08-2026,Aluminium,Maharashtra,Mumbai,141.73,per kg,130.39,153.07,False,Derived (Formula from Metals.Dev API - MCX/LME-linked),Simulated historical trend (see SOURCES.md for base-value citations)
09-08-2026,Iron,Maharashtra,Mumbai,38.64,per kg,35.55,41.73,False,Derived (Formula from Metals.Dev API - MCX/LME-linked),Simulated historical trend (see SOURCES.md for base-value citations)
09-08-2026,Lead,Maharashtra,Mumbai,111.53,per kg,102.61,120.45,False,Derived (Formula from Metals.Dev API - MCX/LME-linked),Simulated historical trend (see SOURCES.md for base-value citations)
09-08-2026,PCB,Maharashtra,Mumbai,113.79,per kg,104.69,122.89,False,Derived (Composition Model - Copper-driven),Simulated historical trend (see SOURCES.md for base-value citations)
09-08-2026,Cable,Maharashtra,Mumbai,256.55,per kg,236.03,277.07,False,Derived (Composition Model - Copper-driven),Simulated historical trend (see SOURCES.md for base-value citations)
09-08-2026,Motor,Maharashtra,Mumbai,46.37,per kg,42.66,50.08,False,Derived (Composition Model - Copper-driven),Simulated historical trend (see SOURCES.md for base-value citations)
09-08-2026,Battery,Maharashtra,Mumbai,47.69,per kg,43.87,51.51,False,Derived (Composition Model - Lead-driven),Simulated historical trend (see SOURCES.md for base-value citations)
09-08-2026,CRT,Maharashtra,Mumbai,0.0,per kg,0.0,0.0,True,"Derived (Composition Model - Lead-driven, hazard-adjusted)",Simulated historical trend (see SOURCES.md for base-value citations)
09-08-2026,LCD,Maharashtra,Mumbai,23.37,per kg,21.5,25.24,False,Derived (Composition Model - Aluminium-driven),Simulated historical trend (see SOURCES.md for base-value citations)
09-08-2026,Copper,Maharashtra,Pune,598.46,per kg,550.58,646.34,False,Derived (Formula from Metals.Dev API - MCX/LME-linked),Simulated historical trend (see SOURCES.md for base-value citations)
09-08-2026,Aluminium,Maharashtra,Pune,150.17,per kg,138.16,162.18,False,Derived (Formula from Metals.Dev API - MCX/LME-linked),Simulated historical trend (see SOURCES.md for base-value citations)
09-08-2026,Iron,Maharashtra,Pune,33.95,per kg,31.23,36.67,False,Derived (Formula from Metals.Dev API - MCX/LME-linked),Simulated historical trend (see SOURCES.md for base-value citations)
09-08-2026,Lead,Maharashtra,Pune,99.2,per kg,91.26,107.14,False,Derived (Formula from Metals.Dev API - MCX/LME-linked),Simulated historical trend (see SOURCES.md for base-value citations)
09-08-2026,PCB,Maharashtra,Pune,111.84,per kg,102.89,120.79,False,Derived (Composition Model - Copper-driven),Simulated historical trend (see SOURCES.md for base-value citations)
09-08-2026,Cable,Maharashtra,Pune,267.24,per kg,245.86,288.62,False,Derived (Composition Model - Copper-driven),Simulated historical trend (see SOURCES.md for base-value citations)
09-08-2026,Motor,Maharashtra,Pune,49.42,per kg,45.47,53.37,False,Derived (Composition Model - Copper-driven),Simulated historical trend (see SOURCES.md for base-value citations)
09-08-2026,Battery,Maharashtra,Pune,40.39,per kg,37.16,43.62,False,Derived (Composition Model - Lead-driven),Simulated historical trend (see SOURCES.md for base-value citations)
09-08-2026,CRT,Maharashtra,Pune,0.0,per kg,0.0,0.0,True,"Derived (Composition Model - Lead-driven, hazard-adjusted)",Simulated historical trend (see SOURCES.md for base-value citations)
09-08-2026,LCD,Maharashtra,Pune,21.06,per kg,19.38,22.74,False,Derived (Composition Model - Aluminium-driven),Simulated historical trend (see SOURCES.md for base-value citations)
08-08-2026,Copper,Punjab,Ludhiana,679.64,per kg,625.27,734.01,False,Derived (Formula from Metals.Dev API - MCX/LME-linked),Simulated historical trend (see SOURCES.md for base-value citations)
08-08-2026,Aluminium,Punjab,Ludhiana,162.52,per kg,149.52,175.52,False,Derived (Formula from Metals.Dev API - MCX/LME-linked),Simulated historical trend (see SOURCES.md for base-value citations)
08-08-2026,Iron,Punjab,Ludhiana,32.27,per kg,29.69,34.85,False,Derived (Formula from Metals.Dev API - MCX/LME-linked),Simulated historical trend (see SOURCES.md for base-value citations)
08-08-2026,Lead,Punjab,Ludhiana,93.38,per kg,85.91,100.85,False,Derived (Formula from Metals.Dev API - MCX/LME-linked),Simulated historical trend (see SOURCES.md for base-value citations)
08-08-2026,PCB,Punjab,Ludhiana,103.69,per kg,95.39,111.99,False,Derived (Composition Model - Copper-driven),Simulated historical trend (see SOURCES.md for base-value citations)
08-08-2026,Cable,Punjab,Ludhiana,257.5,per kg,236.9,278.1,False,Derived (Composition Model - Copper-driven),Simulated historical trend (see SOURCES.md for base-value citations)
08-08-2026,Motor,Punjab,Ludhiana,49.11,per kg,45.18,53.04,False,Derived (Composition Model - Copper-driven),Simulated historical trend (see SOURCES.md for base-value citations)
08-08-2026,Battery,Punjab,Ludhiana,42.48,per kg,39.08,45.88,False,Derived (Composition Model - Lead-driven),Simulated historical trend (see SOURCES.md for base-value citations)
08-08-2026,CRT,Punjab,Ludhiana,0.0,per kg,0.0,0.0,True,"Derived (Composition Model - Lead-driven, hazard-adjusted)",Simulated historical trend (see SOURCES.md for base-value citations)
08-08-2026,LCD,Punjab,Ludhiana,21.51,per kg,19.79,23.23,False,Derived (Composition Model - Aluminium-driven),Simulated historical trend (see SOURCES.md for base-value citations)
08-08-2026,Copper,Punjab,Amritsar,594.8,per kg,547.22,642.38,False,Derived (Formula from Metals.Dev API - MCX/LME-linked),Simulated historical trend (see SOURCES.md for base-value citations)
08-08-2026,Aluminium,Punjab,Amritsar,159.99,per kg,147.19,172.79,False,Derived (Formula from Metals.Dev API - MCX/LME-linked),Simulated historical trend (see SOURCES.md for base-value citations)
08-08-2026,Iron,Punjab,Amritsar,34.5,per kg,31.74,37.26,False,Derived (Formula from Metals.Dev API - MCX/LME-linked),Simulated historical trend (see SOURCES.md for base-value citations)
08-08-2026,Lead,Punjab,Amritsar,101.12,per kg,93.03,109.21,False,Derived (Formula from Metals.Dev API - MCX/LME-linked),Simulated historical trend (see SOURCES.md for base-value citations)
08-08-2026,PCB,Punjab,Amritsar,106.53,per kg,98.01,115.05,False,Derived (Composition Model - Copper-driven),Simulated historical trend (see SOURCES.md for base-value citations)
08-08-2026,Cable,Punjab,Amritsar,268.16,per kg,246.71,289.61,False,Derived (Composition Model - Copper-driven),Simulated historical trend (see SOURCES.md for base-value citations)
08-08-2026,Motor,Punjab,Amritsar,47.1,per kg,43.33,50.87,False,Derived (Composition Model - Copper-driven),Simulated historical trend (see SOURCES.md for base-value citations)
08-08-2026,Battery,Punjab,Amritsar,44.98,per kg,41.38,48.58,False,Derived (Composition Model - Lead-driven),Simulated historical trend (see SOURCES.md for base-value citations)
08-08-2026,CRT,Punjab,Amritsar,0.0,per kg,0.0,0.0,True,"Derived (Composition Model - Lead-driven, hazard-adjusted)",Simulated historical trend (see SOURCES.md for base-value citations)
08-08-2026,LCD,Punjab,Amritsar,19.31,per kg,17.77,20.85,False,Derived (Composition Model - Aluminium-driven),Simulated historical trend (see SOURCES.md for base-value citations)
08-08-2026,Copper,Punjab,Jalandhar,650.36,per kg,598.33,702.39,False,Derived (Formula from Metals.Dev API - MCX/LME-linked),Simulated historical trend (see SOURCES.md for base-value citations)
08-08-2026,Aluminium,Punjab,Jalandhar,129.25,per kg,118.91,139.59,False,Derived (Formula from Metals.Dev API - MCX/LME-linked),Simulated historical trend (see SOURCES.md for base-value citations)
08-08-2026,Iron,Punjab,Jalandhar,37.18,per kg,34.21,40.15,False,Derived (Formula from Metals.Dev API - MCX/LME-linked),Simulated historical trend (see SOURCES.md for base-value citations)
08-08-2026,Lead,Punjab,Jalandhar,90.77,per kg,83.51,98.03,False,Derived (Formula from Metals.Dev API - MCX/LME-linked),Simulated historical trend (see SOURCES.md for base-value citations)
08-08-2026,PCB,Punjab,Jalandhar,110.54,per kg,101.7,119.38,False,Derived (Composition Model - Copper-driven),Simulated historical trend (see SOURCES.md for base-value citations)
08-08-2026,Cable,Punjab,Jalandhar,258.71,per kg,238.01,279.41,False,Derived (Composition Model - Copper-driven),Simulated historical trend (see SOURCES.md for base-value citations)
08-08-2026,Motor,Punjab,Jalandhar,41.02,per kg,37.74,44.3,False,Derived (Composition Model - Copper-driven),Simulated historical trend (see SOURCES.md for base-value citations)
08-08-2026,Battery,Punjab,Jalandhar,40.69,per kg,37.43,43.95,False,Derived (Composition Model - Lead-driven),Simulated historical trend (see SOURCES.md for base-value citations)
08-08-2026,CRT,Punjab,Jalandhar,0.0,per kg,0.0,0.0,True,"Derived (Composition Model - Lead-driven, hazard-adjusted)",Simulated historical trend (see SOURCES.md for base-value citations)
08-08-2026,LCD,Punjab,Jalandhar,19.84,per kg,18.25,21.43,False,Derived (Composition Model - Aluminium-driven),Simulated historical trend (see SOURCES.md for base-value citations)
08-08-2026,Copper,Maharashtra,Mumbai,625.69,per kg,575.63,675.75,False,Derived (Formula from Metals.Dev API - MCX/LME-linked),Simulated historical trend (see SOURCES.md for base-value citations)
08-08-2026,Aluminium,Maharashtra,Mumbai,152.12,per kg,139.95,164.29,False,Derived (Formula from Metals.Dev API - MCX/LME-linked),Simulated historical trend (see SOURCES.md for base-value citations)
08-08-2026,Iron,Maharashtra,Mumbai,38.6,per kg,35.51,41.69,False,Derived (Formula from Metals.Dev API - MCX/LME-linked),Simulated historical trend (see SOURCES.md for base-value citations)
08-08-2026,Lead,Maharashtra,Mumbai,107.26,per kg,98.68,115.84,False,Derived (Formula from Metals.Dev API - MCX/LME-linked),Simulated historical trend (see SOURCES.md for base-value citations)
08-08-2026,PCB,Maharashtra,Mumbai,121.68,per kg,111.95,131.41,False,Derived (Composition Model - Copper-driven),Simulated historical trend (see SOURCES.md for base-value citations)
08-08-2026,Cable,Maharashtra,Mumbai,239.01,per kg,219.89,258.13,False,Derived (Composition Model - Copper-driven),Simulated historical trend (see SOURCES.md for base-value citations)
08-08-2026,Motor,Maharashtra,Mumbai,49.17,per kg,45.24,53.1,False,Derived (Composition Model - Copper-driven),Simulated historical trend (see SOURCES.md for base-value citations)
08-08-2026,Battery,Maharashtra,Mumbai,41.34,per kg,38.03,44.65,False,Derived (Composition Model - Lead-driven),Simulated historical trend (see SOURCES.md for base-value citations)
08-08-2026,CRT,Maharashtra,Mumbai,0.0,per kg,0.0,0.0,True,"Derived (Composition Model - Lead-driven, hazard-adjusted)",Simulated historical trend (see SOURCES.md for base-value citations)
08-08-2026,LCD,Maharashtra,Mumbai,19.35,per kg,17.8,20.9,False,Derived (Composition Model - Aluminium-driven),Simulated historical trend (see SOURCES.md for base-value citations)
08-08-2026,Copper,Maharashtra,Pune,676.37,per kg,622.26,730.48,False,Derived (Formula from Metals.Dev API - MCX/LME-linked),Simulated historical trend (see SOURCES.md for base-value citations)
08-08-2026,Aluminium,Maharashtra,Pune,158.79,per kg,146.09,171.49,False,Derived (Formula from Metals.Dev API - MCX/LME-linked),Simulated historical trend (see SOURCES.md for base-value citations)
08-08-2026,Iron,Maharashtra,Pune,35.94,per kg,33.06,38.82,False,Derived (Formula from Metals.Dev API - MCX/LME-linked),Simulated historical trend (see SOURCES.md for base-value citations)
08-08-2026,Lead,Maharashtra,Pune,94.63,per kg,87.06,102.2,False,Derived (Formula from Metals.Dev API - MCX/LME-linked),Simulated historical trend (see SOURCES.md for base-value citations)
08-08-2026,PCB,Maharashtra,Pune,105.96,per kg,97.48,114.44,False,Derived (Composition Model - Copper-driven),Simulated historical trend (see SOURCES.md for base-value citations)
08-08-2026,Cable,Maharashtra,Pune,230.71,per kg,212.25,249.17,False,Derived (Composition Model - Copper-driven),Simulated historical trend (see SOURCES.md for base-value citations)
08-08-2026,Motor,Maharashtra,Pune,52.39,per kg,48.2,56.58,False,Derived (Composition Model - Copper-driven),Simulated historical trend (see SOURCES.md for base-value citations)
08-08-2026,Battery,Maharashtra,Pune,46.54,per kg,42.82,50.26,False,Derived (Composition Model - Lead-driven),Simulated historical trend (see SOURCES.md for base-value citations)
08-08-2026,CRT,Maharashtra,Pune,0.0,per kg,0.0,0.0,True,"Derived (Composition Model - Lead-driven, hazard-adjusted)",Simulated historical trend (see SOURCES.md for base-value citations)
08-08-2026,LCD,Maharashtra,Pune,20.37,per kg,18.74,22.0,False,Derived (Composition Model - Aluminium-driven),Simulated historical trend (see SOURCES.md for base-value citations)
07-08-2026,Copper,Punjab,Ludhiana,599.78,per kg,551.8,647.76,False,Derived (Formula from Metals.Dev API - MCX/LME-linked),Simulated historical trend (see SOURCES.md for base-value citations)
07-08-2026,Aluminium,Punjab,Ludhiana,154.49,per kg,142.13,166.85,False,Derived (Formula from Metals.Dev API - MCX/LME-linked),Simulated historical trend (see SOURCES.md for base-value citations)
07-08-2026,Iron,Punjab,Ludhiana,32.41,per kg,29.82,35.0,False,Derived (Formula from Metals.Dev API - MCX/LME-linked),Simulated historical trend (see SOURCES.md for base-value citations)
07-08-2026,Lead,Punjab,Ludhiana,91.45,per kg,84.13,98.77,False,Derived (Formula from Metals.Dev API - MCX/LME-linked),Simulated historical trend (see SOURCES.md for base-value citations)
07-08-2026,PCB,Punjab,Ludhiana,115.93,per kg,106.66,125.2,False,Derived (Composition Model - Copper-driven),Simulated historical trend (see SOURCES.md for base-value citations)
07-08-2026,Cable,Punjab,Ludhiana,266.7,per kg,245.36,288.04,False,Derived (Composition Model - Copper-driven),Simulated historical trend (see SOURCES.md for base-value citations)
07-08-2026,Motor,Punjab,Ludhiana,49.64,per kg,45.67,53.61,False,Derived (Composition Model - Copper-driven),Simulated historical trend (see SOURCES.md for base-value citations)
07-08-2026,Battery,Punjab,Ludhiana,44.53,per kg,40.97,48.09,False,Derived (Composition Model - Lead-driven),Simulated historical trend (see SOURCES.md for base-value citations)
07-08-2026,CRT,Punjab,Ludhiana,0.0,per kg,0.0,0.0,True,"Derived (Composition Model - Lead-driven, hazard-adjusted)",Simulated historical trend (see SOURCES.md for base-value citations)
07-08-2026,LCD,Punjab,Ludhiana,19.69,per kg,18.11,21.27,False,Derived (Composition Model - Aluminium-driven),Simulated historical trend (see SOURCES.md for base-value citations)
07-08-2026,Copper,Punjab,Amritsar,675.53,per kg,621.49,729.57,False,Derived (Formula from Metals.Dev API - MCX/LME-linked),Simulated historical trend (see SOURCES.md for base-value citations)
07-08-2026,Aluminium,Punjab,Amritsar,154.11,per kg,141.78,166.44,False,Derived (Formula from Metals.Dev API - MCX/LME-linked),Simulated historical trend (see SOURCES.md for base-value citations)
07-08-2026,Iron,Punjab,Amritsar,38.52,per kg,35.44,41.6,False,Derived (Formula from Metals.Dev API - MCX/LME-linked),Simulated historical trend (see SOURCES.md for base-value citations)
07-08-2026,Lead,Punjab,Amritsar,110.02,per kg,101.22,118.82,False,Derived (Formula from Metals.Dev API - MCX/LME-linked),Simulated historical trend (see SOURCES.md for base-value citations)
07-08-2026,PCB,Punjab,Amritsar,121.01,per kg,111.33,130.69,False,Derived (Composition Model - Copper-driven),Simulated historical trend (see SOURCES.md for base-value citations)
07-08-2026,Cable,Punjab,Amritsar,276.65,per kg,254.52,298.78,False,Derived (Composition Model - Copper-driven),Simulated historical trend (see SOURCES.md for base-value citations)
07-08-2026,Motor,Punjab,Amritsar,47.49,per kg,43.69,51.29,False,Derived (Composition Model - Copper-driven),Simulated historical trend (see SOURCES.md for base-value citations)
07-08-2026,Battery,Punjab,Amritsar,46.34,per kg,42.63,50.05,False,Derived (Composition Model - Lead-driven),Simulated historical trend (see SOURCES.md for base-value citations)
07-08-2026,CRT,Punjab,Amritsar,0.0,per kg,0.0,0.0,True,"Derived (Composition Model - Lead-driven, hazard-adjusted)",Simulated historical trend (see SOURCES.md for base-value citations)
07-08-2026,LCD,Punjab,Amritsar,18.89,per kg,17.38,20.4,False,Derived (Composition Model - Aluminium-driven),Simulated historical trend (see SOURCES.md for base-value citations)
07-08-2026,Copper,Punjab,Jalandhar,626.73,per kg,576.59,676.87,False,Derived (Formula from Metals.Dev API - MCX/LME-linked),Simulated historical trend (see SOURCES.md for base-value citations)
07-08-2026,Aluminium,Punjab,Jalandhar,139.82,per kg,128.63,151.01,False,Derived (Formula from Metals.Dev API - MCX/LME-linked),Simulated historical trend (see SOURCES.md for base-value citations)
07-08-2026,Iron,Punjab,Jalandhar,34.55,per kg,31.79,37.31,False,Derived (Formula from Metals.Dev API - MCX/LME-linked),Simulated historical trend (see SOURCES.md for base-value citations)
07-08-2026,Lead,Punjab,Jalandhar,87.0,per kg,80.04,93.96,False,Derived (Formula from Metals.Dev API - MCX/LME-linked),Simulated historical trend (see SOURCES.md for base-value citations)
07-08-2026,PCB,Punjab,Jalandhar,95.06,per kg,87.46,102.66,False,Derived (Composition Model - Copper-driven),Simulated historical trend (see SOURCES.md for base-value citations)
07-08-2026,Cable,Punjab,Jalandhar,236.6,per kg,217.67,255.53,False,Derived (Composition Model - Copper-driven),Simulated historical trend (see SOURCES.md for base-value citations)
07-08-2026,Motor,Punjab,Jalandhar,44.54,per kg,40.98,48.1,False,Derived (Composition Model - Copper-driven),Simulated historical trend (see SOURCES.md for base-value citations)
07-08-2026,Battery,Punjab,Jalandhar,40.73,per kg,37.47,43.99,False,Derived (Composition Model - Lead-driven),Simulated historical trend (see SOURCES.md for base-value citations)
07-08-2026,CRT,Punjab,Jalandhar,0.0,per kg,0.0,0.0,True,"Derived (Composition Model - Lead-driven, hazard-adjusted)",Simulated historical trend (see SOURCES.md for base-value citations)
07-08-2026,LCD,Punjab,Jalandhar,21.24,per kg,19.54,22.94,False,Derived (Composition Model - Aluminium-driven),Simulated historical trend (see SOURCES.md for base-value citations)
07-08-2026,Copper,Maharashtra,Mumbai,631.11,per kg,580.62,681.6,False,Derived (Formula from Metals.Dev API - MCX/LME-linked),Simulated historical trend (see SOURCES.md for base-value citations)
07-08-2026,Aluminium,Maharashtra,Mumbai,153.8,per kg,141.5,166.1,False,Derived (Formula from Metals.Dev API - MCX/LME-linked),Simulated historical trend (see SOURCES.md for base-value citations)
07-08-2026,Iron,Maharashtra,Mumbai,35.87,per kg,33.0,38.74,False,Derived (Formula from Metals.Dev API - MCX/LME-linked),Simulated historical trend (see SOURCES.md for base-value citations)
07-08-2026,Lead,Maharashtra,Mumbai,102.44,per kg,94.24,110.64,False,Derived (Formula from Metals.Dev API - MCX/LME-linked),Simulated historical trend (see SOURCES.md for base-value citations)
07-08-2026,PCB,Maharashtra,Mumbai,104.93,per kg,96.54,113.32,False,Derived (Composition Model - Copper-driven),Simulated historical trend (see SOURCES.md for base-value citations)
07-08-2026,Cable,Maharashtra,Mumbai,245.09,per kg,225.48,264.7,False,Derived (Composition Model - Copper-driven),Simulated historical trend (see SOURCES.md for base-value citations)
07-08-2026,Motor,Maharashtra,Mumbai,46.43,per kg,42.72,50.14,False,Derived (Composition Model - Copper-driven),Simulated historical trend (see SOURCES.md for base-value citations)
07-08-2026,Battery,Maharashtra,Mumbai,43.9,per kg,40.39,47.41,False,Derived (Composition Model - Lead-driven),Simulated historical trend (see SOURCES.md for base-value citations)
07-08-2026,CRT,Maharashtra,Mumbai,0.0,per kg,0.0,0.0,True,"Derived (Composition Model - Lead-driven, hazard-adjusted)",Simulated historical trend (see SOURCES.md for base-value citations)
07-08-2026,LCD,Maharashtra,Mumbai,22.12,per kg,20.35,23.89,False,Derived (Composition Model - Aluminium-driven),Simulated historical trend (see SOURCES.md for base-value citations)
07-08-2026,Copper,Maharashtra,Pune,627.99,per kg,577.75,678.23,False,Derived (Formula from Metals.Dev API - MCX/LME-linked),Simulated historical trend (see SOURCES.md for base-value citations)
07-08-2026,Aluminium,Maharashtra,Pune,152.21,per kg,140.03,164.39,False,Derived (Formula from Metals.Dev API - MCX/LME-linked),Simulated historical trend (see SOURCES.md for base-value citations)
07-08-2026,Iron,Maharashtra,Pune,35.22,per kg,32.4,38.04,False,Derived (Formula from Metals.Dev API - MCX/LME-linked),Simulated historical trend (see SOURCES.md for base-value citations)
07-08-2026,Lead,Maharashtra,Pune,101.9,per kg,93.75,110.05,False,Derived (Formula from Metals.Dev API - MCX/LME-linked),Simulated historical trend (see SOURCES.md for base-value citations)
07-08-2026,PCB,Maharashtra,Pune,109.86,per kg,101.07,118.65,False,Derived (Composition Model - Copper-driven),Simulated historical trend (see SOURCES.md for base-value citations)
07-08-2026,Cable,Maharashtra,Pune,259.31,per kg,238.57,280.05,False,Derived (Composition Model - Copper-driven),Simulated historical trend (see SOURCES.md for base-value citations)
07-08-2026,Motor,Maharashtra,Pune,51.33,per kg,47.22,55.44,False,Derived (Composition Model - Copper-driven),Simulated historical trend (see SOURCES.md for base-value citations)
07-08-2026,Battery,Maharashtra,Pune,42.14,per kg,38.77,45.51,False,Derived (Composition Model - Lead-driven),Simulated historical trend (see SOURCES.md for base-value citations)
07-08-2026,CRT,Maharashtra,Pune,0.0,per kg,0.0,0.0,True,"Derived (Composition Model - Lead-driven, hazard-adjusted)",Simulated historical trend (see SOURCES.md for base-value citations)
07-08-2026,LCD,Maharashtra,Pune,20.61,per kg,18.96,22.26,False,Derived (Composition Model - Aluminium-driven),Simulated historical trend (see SOURCES.md for base-value citations)
06-08-2026,Copper,Punjab,Ludhiana,659.38,per kg,606.63,712.13,False,Derived (Formula from Metals.Dev API - MCX/LME-linked),Simulated historical trend (see SOURCES.md for base-value citations)
06-08-2026,Aluminium,Punjab,Ludhiana,138.8,per kg,127.7,149.9,False,Derived (Formula from Metals.Dev API - MCX/LME-linked),Simulated historical trend (see SOURCES.md for base-value citations)
06-08-2026,Iron,Punjab,Ludhiana,36.25,per kg,33.35,39.15,False,Derived (Formula from Metals.Dev API - MCX/LME-linked),Simulated historical trend (see SOURCES.md for base-value citations)
06-08-2026,Lead,Punjab,Ludhiana,93.02,per kg,85.58,100.46,False,Derived (Formula from Metals.Dev API - MCX/LME-linked),Simulated historical trend (see SOURCES.md for base-value citations)
06-08-2026,PCB,Punjab,Ludhiana,112.08,per kg,103.11,121.05,False,Derived (Composition Model - Copper-driven),Simulated historical trend (see SOURCES.md for base-value citations)
06-08-2026,Cable,Punjab,Ludhiana,248.17,per kg,228.32,268.02,False,Derived (Composition Model - Copper-driven),Simulated historical trend (see SOURCES.md for base-value citations)
06-08-2026,Motor,Punjab,Ludhiana,51.37,per kg,47.26,55.48,False,Derived (Composition Model - Copper-driven),Simulated historical trend (see SOURCES.md for base-value citations)
06-08-2026,Battery,Punjab,Ludhiana,44.25,per kg,40.71,47.79,False,Derived (Composition Model - Lead-driven),Simulated historical trend (see SOURCES.md for base-value citations)
06-08-2026,CRT,Punjab,Ludhiana,0.0,per kg,0.0,0.0,True,"Derived (Composition Model - Lead-driven, hazard-adjusted)",Simulated historical trend (see SOURCES.md for base-value citations)
06-08-2026,LCD,Punjab,Ludhiana,19.75,per kg,18.17,21.33,False,Derived (Composition Model - Aluminium-driven),Simulated historical trend (see SOURCES.md for base-value citations)
06-08-2026,Copper,Punjab,Amritsar,695.86,per kg,640.19,751.53,False,Derived (Formula from Metals.Dev API - MCX/LME-linked),Simulated historical trend (see SOURCES.md for base-value citations)
06-08-2026,Aluminium,Punjab,Amritsar,156.25,per kg,143.75,168.75,False,Derived (Formula from Metals.Dev API - MCX/LME-linked),Simulated historical trend (see SOURCES.md for base-value citations)
06-08-2026,Iron,Punjab,Amritsar,38.65,per kg,35.56,41.74,False,Derived (Formula from Metals.Dev API - MCX/LME-linked),Simulated historical trend (see SOURCES.md for base-value citations)
06-08-2026,Lead,Punjab,Amritsar,102.1,per kg,93.93,110.27,False,Derived (Formula from Metals.Dev API - MCX/LME-linked),Simulated historical trend (see SOURCES.md for base-value citations)
06-08-2026,PCB,Punjab,Amritsar,112.51,per kg,103.51,121.51,False,Derived (Composition Model - Copper-driven),Simulated historical trend (see SOURCES.md for base-value citations)
06-08-2026,Cable,Punjab,Amritsar,240.79,per kg,221.53,260.05,False,Derived (Composition Model - Copper-driven),Simulated historical trend (see SOURCES.md for base-value citations)
06-08-2026,Motor,Punjab,Amritsar,49.48,per kg,45.52,53.44,False,Derived (Composition Model - Copper-driven),Simulated historical trend (see SOURCES.md for base-value citations)
06-08-2026,Battery,Punjab,Amritsar,47.29,per kg,43.51,51.07,False,Derived (Composition Model - Lead-driven),Simulated historical trend (see SOURCES.md for base-value citations)
06-08-2026,CRT,Punjab,Amritsar,0.0,per kg,0.0,0.0,True,"Derived (Composition Model - Lead-driven, hazard-adjusted)",Simulated historical trend (see SOURCES.md for base-value citations)
06-08-2026,LCD,Punjab,Amritsar,21.94,per kg,20.18,23.7,False,Derived (Composition Model - Aluminium-driven),Simulated historical trend (see SOURCES.md for base-value citations)
06-08-2026,Copper,Punjab,Jalandhar,612.69,per kg,563.67,661.71,False,Derived (Formula from Metals.Dev API - MCX/LME-linked),Simulated historical trend (see SOURCES.md for base-value citations)
06-08-2026,Aluminium,Punjab,Jalandhar,156.5,per kg,143.98,169.02,False,Derived (Formula from Metals.Dev API - MCX/LME-linked),Simulated historical trend (see SOURCES.md for base-value citations)
06-08-2026,Iron,Punjab,Jalandhar,35.59,per kg,32.74,38.44,False,Derived (Formula from Metals.Dev API - MCX/LME-linked),Simulated historical trend (see SOURCES.md for base-value citations)
06-08-2026,Lead,Punjab,Jalandhar,99.06,per kg,91.14,106.98,False,Derived (Formula from Metals.Dev API - MCX/LME-linked),Simulated historical trend (see SOURCES.md for base-value citations)
06-08-2026,PCB,Punjab,Jalandhar,100.4,per kg,92.37,108.43,False,Derived (Composition Model - Copper-driven),Simulated historical trend (see SOURCES.md for base-value citations)
06-08-2026,Cable,Punjab,Jalandhar,247.85,per kg,228.02,267.68,False,Derived (Composition Model - Copper-driven),Simulated historical trend (see SOURCES.md for base-value citations)
06-08-2026,Motor,Punjab,Jalandhar,45.53,per kg,41.89,49.17,False,Derived (Composition Model - Copper-driven),Simulated historical trend (see SOURCES.md for base-value citations)
06-08-2026,Battery,Punjab,Jalandhar,39.05,per kg,35.93,42.17,False,Derived (Composition Model - Lead-driven),Simulated historical trend (see SOURCES.md for base-value citations)
06-08-2026,CRT,Punjab,Jalandhar,0.0,per kg,0.0,0.0,True,"Derived (Composition Model - Lead-driven, hazard-adjusted)",Simulated historical trend (see SOURCES.md for base-value citations)
06-08-2026,LCD,Punjab,Jalandhar,19.28,per kg,17.74,20.82,False,Derived (Composition Model - Aluminium-driven),Simulated historical trend (see SOURCES.md for base-value citations)
06-08-2026,Copper,Maharashtra,Mumbai,668.7,per kg,615.2,722.2,False,Derived (Formula from Metals.Dev API - MCX/LME-linked),Simulated historical trend (see SOURCES.md for base-value citations)
06-08-2026,Aluminium,Maharashtra,Mumbai,168.95,per kg,155.43,182.47,False,Derived (Formula from Metals.Dev API - MCX/LME-linked),Simulated historical trend (see SOURCES.md for base-value citations)
06-08-2026,Iron,Maharashtra,Mumbai,40.04,per kg,36.84,43.24,False,Derived (Formula from Metals.Dev API - MCX/LME-linked),Simulated historical trend (see SOURCES.md for base-value citations)
06-08-2026,Lead,Maharashtra,Mumbai,94.94,per kg,87.34,102.54,False,Derived (Formula from Metals.Dev API - MCX/LME-linked),Simulated historical trend (see SOURCES.md for base-value citations)
06-08-2026,PCB,Maharashtra,Mumbai,115.58,per kg,106.33,124.83,False,Derived (Composition Model - Copper-driven),Simulated historical trend (see SOURCES.md for base-value citations)
06-08-2026,Cable,Maharashtra,Mumbai,259.15,per kg,238.42,279.88,False,Derived (Composition Model - Copper-driven),Simulated historical trend (see SOURCES.md for base-value citations)
06-08-2026,Motor,Maharashtra,Mumbai,52.65,per kg,48.44,56.86,False,Derived (Composition Model - Copper-driven),Simulated historical trend (see SOURCES.md for base-value citations)
06-08-2026,Battery,Maharashtra,Mumbai,44.83,per kg,41.24,48.42,False,Derived (Composition Model - Lead-driven),Simulated historical trend (see SOURCES.md for base-value citations)
06-08-2026,CRT,Maharashtra,Mumbai,0.0,per kg,0.0,0.0,True,"Derived (Composition Model - Lead-driven, hazard-adjusted)",Simulated historical trend (see SOURCES.md for base-value citations)
06-08-2026,LCD,Maharashtra,Mumbai,23.17,per kg,21.32,25.02,False,Derived (Composition Model - Aluminium-driven),Simulated historical trend (see SOURCES.md for base-value citations)
06-08-2026,Copper,Maharashtra,Pune,659.39,per kg,606.64,712.14,False,Derived (Formula from Metals.Dev API - MCX/LME-linked),Simulated historical trend (see SOURCES.md for base-value citations)
06-08-2026,Aluminium,Maharashtra,Pune,142.67,per kg,131.26,154.08,False,Derived (Formula from Metals.Dev API - MCX/LME-linked),Simulated historical trend (see SOURCES.md for base-value citations)
06-08-2026,Iron,Maharashtra,Pune,36.53,per kg,33.61,39.45,False,Derived (Formula from Metals.Dev API - MCX/LME-linked),Simulated historical trend (see SOURCES.md for base-value citations)
06-08-2026,Lead,Maharashtra,Pune,103.75,per kg,95.45,112.05,False,Derived (Formula from Metals.Dev API - MCX/LME-linked),Simulated historical trend (see SOURCES.md for base-value citations)
06-08-2026,PCB,Maharashtra,Pune,108.37,per kg,99.7,117.04,False,Derived (Composition Model - Copper-driven),Simulated historical trend (see SOURCES.md for base-value citations)
06-08-2026,Cable,Maharashtra,Pune,234.78,per kg,216.0,253.56,False,Derived (Composition Model - Copper-driven),Simulated historical trend (see SOURCES.md for base-value citations)
06-08-2026,Motor,Maharashtra,Pune,47.95,per kg,44.11,51.79,False,Derived (Composition Model - Copper-driven),Simulated historical trend (see SOURCES.md for base-value citations)
06-08-2026,Battery,Maharashtra,Pune,46.26,per kg,42.56,49.96,False,Derived (Composition Model - Lead-driven),Simulated historical trend (see SOURCES.md for base-value citations)
06-08-2026,CRT,Maharashtra,Pune,0.0,per kg,0.0,0.0,True,"Derived (Composition Model - Lead-driven, hazard-adjusted)",Simulated historical trend (see SOURCES.md for base-value citations)
06-08-2026,LCD,Maharashtra,Pune,18.84,per kg,17.33,20.35,False,Derived (Composition Model - Aluminium-driven),Simulated historical trend (see SOURCES.md for base-value citations)
05-08-2026,Copper,Punjab,Ludhiana,646.4,per kg,594.69,698.11,False,Derived (Formula from Metals.Dev API - MCX/LME-linked),Simulated historical trend (see SOURCES.md for base-value citations)
05-08-2026,Aluminium,Punjab,Ludhiana,142.65,per kg,131.24,154.06,False,Derived (Formula from Metals.Dev API - MCX/LME-linked),Simulated historical trend (see SOURCES.md for base-value citations)
05-08-2026,Iron,Punjab,Ludhiana,33.74,per kg,31.04,36.44,False,Derived (Formula from Metals.Dev API - MCX/LME-linked),Simulated historical trend (see SOURCES.md for base-value citations)
05-08-2026,Lead,Punjab,Ludhiana,94.52,per kg,86.96,102.08,False,Derived (Formula from Metals.Dev API - MCX/LME-linked),Simulated historical trend (see SOURCES.md for base-value citations)
05-08-2026,PCB,Punjab,Ludhiana,103.8,per kg,95.5,112.1,False,Derived (Composition Model - Copper-driven),Simulated historical trend (see SOURCES.md for base-value citations)
05-08-2026,Cable,Punjab,Ludhiana,247.48,per kg,227.68,267.28,False,Derived (Composition Model - Copper-driven),Simulated historical trend (see SOURCES.md for base-value citations)
05-08-2026,Motor,Punjab,Ludhiana,45.3,per kg,41.68,48.92,False,Derived (Composition Model - Copper-driven),Simulated historical trend (see SOURCES.md for base-value citations)
05-08-2026,Battery,Punjab,Ludhiana,44.98,per kg,41.38,48.58,False,Derived (Composition Model - Lead-driven),Simulated historical trend (see SOURCES.md for base-value citations)
05-08-2026,CRT,Punjab,Ludhiana,0.0,per kg,0.0,0.0,True,"Derived (Composition Model - Lead-driven, hazard-adjusted)",Simulated historical trend (see SOURCES.md for base-value citations)
05-08-2026,LCD,Punjab,Ludhiana,21.2,per kg,19.5,22.9,False,Derived (Composition Model - Aluminium-driven),Simulated historical trend (see SOURCES.md for base-value citations)
05-08-2026,Copper,Punjab,Amritsar,693.08,per kg,637.63,748.53,False,Derived (Formula from Metals.Dev API - MCX/LME-linked),Simulated historical trend (see SOURCES.md for base-value citations)
05-08-2026,Aluminium,Punjab,Amritsar,147.01,per kg,135.25,158.77,False,Derived (Formula from Metals.Dev API - MCX/LME-linked),Simulated historical trend (see SOURCES.md for base-value citations)
05-08-2026,Iron,Punjab,Amritsar,40.01,per kg,36.81,43.21,False,Derived (Formula from Metals.Dev API - MCX/LME-linked),Simulated historical trend (see SOURCES.md for base-value citations)
05-08-2026,Lead,Punjab,Amritsar,106.39,per kg,97.88,114.9,False,Derived (Formula from Metals.Dev API - MCX/LME-linked),Simulated historical trend (see SOURCES.md for base-value citations)
05-08-2026,PCB,Punjab,Amritsar,115.79,per kg,106.53,125.05,False,Derived (Composition Model - Copper-driven),Simulated historical trend (see SOURCES.md for base-value citations)
05-08-2026,Cable,Punjab,Amritsar,227.14,per kg,208.97,245.31,False,Derived (Composition Model - Copper-driven),Simulated historical trend (see SOURCES.md for base-value citations)
05-08-2026,Motor,Punjab,Amritsar,46.73,per kg,42.99,50.47,False,Derived (Composition Model - Copper-driven),Simulated historical trend (see SOURCES.md for base-value citations)
05-08-2026,Battery,Punjab,Amritsar,39.52,per kg,36.36,42.68,False,Derived (Composition Model - Lead-driven),Simulated historical trend (see SOURCES.md for base-value citations)
05-08-2026,CRT,Punjab,Amritsar,0.0,per kg,0.0,0.0,True,"Derived (Composition Model - Lead-driven, hazard-adjusted)",Simulated historical trend (see SOURCES.md for base-value citations)
05-08-2026,LCD,Punjab,Amritsar,19.0,per kg,17.48,20.52,False,Derived (Composition Model - Aluminium-driven),Simulated historical trend (see SOURCES.md for base-value citations)
05-08-2026,Copper,Punjab,Jalandhar,621.37,per kg,571.66,671.08,False,Derived (Formula from Metals.Dev API - MCX/LME-linked),Simulated historical trend (see SOURCES.md for base-value citations)
05-08-2026,Aluminium,Punjab,Jalandhar,136.94,per kg,125.98,147.9,False,Derived (Formula from Metals.Dev API - MCX/LME-linked),Simulated historical trend (see SOURCES.md for base-value citations)
05-08-2026,Iron,Punjab,Jalandhar,33.5,per kg,30.82,36.18,False,Derived (Formula from Metals.Dev API - MCX/LME-linked),Simulated historical trend (see SOURCES.md for base-value citations)
05-08-2026,Lead,Punjab,Jalandhar,93.77,per kg,86.27,101.27,False,Derived (Formula from Metals.Dev API - MCX/LME-linked),Simulated historical trend (see SOURCES.md for base-value citations)
05-08-2026,PCB,Punjab,Jalandhar,102.08,per kg,93.91,110.25,False,Derived (Composition Model - Copper-driven),Simulated historical trend (see SOURCES.md for base-value citations)
05-08-2026,Cable,Punjab,Jalandhar,241.58,per kg,222.25,260.91,False,Derived (Composition Model - Copper-driven),Simulated historical trend (see SOURCES.md for base-value citations)
05-08-2026,Motor,Punjab,Jalandhar,41.78,per kg,38.44,45.12,False,Derived (Composition Model - Copper-driven),Simulated historical trend (see SOURCES.md for base-value citations)
05-08-2026,Battery,Punjab,Jalandhar,39.86,per kg,36.67,43.05,False,Derived (Composition Model - Lead-driven),Simulated historical trend (see SOURCES.md for base-value citations)
05-08-2026,CRT,Punjab,Jalandhar,0.0,per kg,0.0,0.0,True,"Derived (Composition Model - Lead-driven, hazard-adjusted)",Simulated historical trend (see SOURCES.md for base-value citations)
05-08-2026,LCD,Punjab,Jalandhar,20.27,per kg,18.65,21.89,False,Derived (Composition Model - Aluminium-driven),Simulated historical trend (see SOURCES.md for base-value citations)
05-08-2026,Copper,Maharashtra,Mumbai,713.62,per kg,656.53,770.71,False,Derived (Formula from Metals.Dev API - MCX/LME-linked),Simulated historical trend (see SOURCES.md for base-value citations)
05-08-2026,Aluminium,Maharashtra,Mumbai,145.48,per kg,133.84,157.12,False,Derived (Formula from Metals.Dev API - MCX/LME-linked),Simulated historical trend (see SOURCES.md for base-value citations)
05-08-2026,Iron,Maharashtra,Mumbai,37.71,per kg,34.69,40.73,False,Derived (Formula from Metals.Dev API - MCX/LME-linked),Simulated historical trend (see SOURCES.md for base-value citations)
05-08-2026,Lead,Maharashtra,Mumbai,105.04,per kg,96.64,113.44,False,Derived (Formula from Metals.Dev API - MCX/LME-linked),Simulated historical trend (see SOURCES.md for base-value citations)
05-08-2026,PCB,Maharashtra,Mumbai,118.96,per kg,109.44,128.48,False,Derived (Composition Model - Copper-driven),Simulated historical trend (see SOURCES.md for base-value citations)
05-08-2026,Cable,Maharashtra,Mumbai,263.36,per kg,242.29,284.43,False,Derived (Composition Model - Copper-driven),Simulated historical trend (see SOURCES.md for base-value citations)
05-08-2026,Motor,Maharashtra,Mumbai,52.62,per kg,48.41,56.83,False,Derived (Composition Model - Copper-driven),Simulated historical trend (see SOURCES.md for base-value citations)
05-08-2026,Battery,Maharashtra,Mumbai,46.65,per kg,42.92,50.38,False,Derived (Composition Model - Lead-driven),Simulated historical trend (see SOURCES.md for base-value citations)
05-08-2026,CRT,Maharashtra,Mumbai,0.0,per kg,0.0,0.0,True,"Derived (Composition Model - Lead-driven, hazard-adjusted)",Simulated historical trend (see SOURCES.md for base-value citations)
05-08-2026,LCD,Maharashtra,Mumbai,22.82,per kg,20.99,24.65,False,Derived (Composition Model - Aluminium-driven),Simulated historical trend (see SOURCES.md for base-value citations)
05-08-2026,Copper,Maharashtra,Pune,662.98,per kg,609.94,716.02,False,Derived (Formula from Metals.Dev API - MCX/LME-linked),Simulated historical trend (see SOURCES.md for base-value citations)
05-08-2026,Aluminium,Maharashtra,Pune,162.6,per kg,149.59,175.61,False,Derived (Formula from Metals.Dev API - MCX/LME-linked),Simulated historical trend (see SOURCES.md for base-value citations)
05-08-2026,Iron,Maharashtra,Pune,39.48,per kg,36.32,42.64,False,Derived (Formula from Metals.Dev API - MCX/LME-linked),Simulated historical trend (see SOURCES.md for base-value citations)
05-08-2026,Lead,Maharashtra,Pune,98.0,per kg,90.16,105.84,False,Derived (Formula from Metals.Dev API - MCX/LME-linked),Simulated historical trend (see SOURCES.md for base-value citations)
05-08-2026,PCB,Maharashtra,Pune,102.16,per kg,93.99,110.33,False,Derived (Composition Model - Copper-driven),Simulated historical trend (see SOURCES.md for base-value citations)
05-08-2026,Cable,Maharashtra,Pune,270.35,per kg,248.72,291.98,False,Derived (Composition Model - Copper-driven),Simulated historical trend (see SOURCES.md for base-value citations)
05-08-2026,Motor,Maharashtra,Pune,53.18,per kg,48.93,57.43,False,Derived (Composition Model - Copper-driven),Simulated historical trend (see SOURCES.md for base-value citations)
05-08-2026,Battery,Maharashtra,Pune,42.34,per kg,38.95,45.73,False,Derived (Composition Model - Lead-driven),Simulated historical trend (see SOURCES.md for base-value citations)
05-08-2026,CRT,Maharashtra,Pune,0.0,per kg,0.0,0.0,True,"Derived (Composition Model - Lead-driven, hazard-adjusted)",Simulated historical trend (see SOURCES.md for base-value citations)
05-08-2026,LCD,Maharashtra,Pune,22.05,per kg,20.29,23.81,False,Derived (Composition Model - Aluminium-driven),Simulated historical trend (see SOURCES.md for base-value citations)
04-08-2026,Copper,Punjab,Ludhiana,681.47,per kg,626.95,735.99,False,Derived (Formula from Metals.Dev API - MCX/LME-linked),Simulated historical trend (see SOURCES.md for base-value citations)
04-08-2026,Aluminium,Punjab,Ludhiana,157.89,per kg,145.26,170.52,False,Derived (Formula from Metals.Dev API - MCX/LME-linked),Simulated historical trend (see SOURCES.md for base-value citations)
04-08-2026,Iron,Punjab,Ludhiana,33.13,per kg,30.48,35.78,False,Derived (Formula from Metals.Dev API - MCX/LME-linked),Simulated historical trend (see SOURCES.md for base-value citations)
04-08-2026,Lead,Punjab,Ludhiana,94.9,per kg,87.31,102.49,False,Derived (Formula from Metals.Dev API - MCX/LME-linked),Simulated historical trend (see SOURCES.md for base-value citations)
04-08-2026,PCB,Punjab,Ludhiana,104.31,per kg,95.97,112.65,False,Derived (Composition Model - Copper-driven),Simulated historical trend (see SOURCES.md for base-value citations)
04-08-2026,Cable,Punjab,Ludhiana,244.48,per kg,224.92,264.04,False,Derived (Composition Model - Copper-driven),Simulated historical trend (see SOURCES.md for base-value citations)
04-08-2026,Motor,Punjab,Ludhiana,45.52,per kg,41.88,49.16,False,Derived (Composition Model - Copper-driven),Simulated historical trend (see SOURCES.md for base-value citations)
04-08-2026,Battery,Punjab,Ludhiana,40.74,per kg,37.48,44.0,False,Derived (Composition Model - Lead-driven),Simulated historical trend (see SOURCES.md for base-value citations)
04-08-2026,CRT,Punjab,Ludhiana,0.0,per kg,0.0,0.0,True,"Derived (Composition Model - Lead-driven, hazard-adjusted)",Simulated historical trend (see SOURCES.md for base-value citations)
04-08-2026,LCD,Punjab,Ludhiana,20.25,per kg,18.63,21.87,False,Derived (Composition Model - Aluminium-driven),Simulated historical trend (see SOURCES.md for base-value citations)
04-08-2026,Copper,Punjab,Amritsar,662.15,per kg,609.18,715.12,False,Derived (Formula from Metals.Dev API - MCX/LME-linked),Simulated historical trend (see SOURCES.md for base-value citations)
04-08-2026,Aluminium,Punjab,Amritsar,138.44,per kg,127.36,149.52,False,Derived (Formula from Metals.Dev API - MCX/LME-linked),Simulated historical trend (see SOURCES.md for base-value citations)
04-08-2026,Iron,Punjab,Amritsar,37.66,per kg,34.65,40.67,False,Derived (Formula from Metals.Dev API - MCX/LME-linked),Simulated historical trend (see SOURCES.md for base-value citations)
04-08-2026,Lead,Punjab,Amritsar,93.03,per kg,85.59,100.47,False,Derived (Formula from Metals.Dev API - MCX/LME-linked),Simulated historical trend (see SOURCES.md for base-value citations)
04-08-2026,PCB,Punjab,Amritsar,117.71,per kg,108.29,127.13,False,Derived (Composition Model - Copper-driven),Simulated historical trend (see SOURCES.md for base-value citations)
04-08-2026,Cable,Punjab,Amritsar,228.64,per kg,210.35,246.93,False,Derived (Composition Model - Copper-driven),Simulated historical trend (see SOURCES.md for base-value citations)
04-08-2026,Motor,Punjab,Amritsar,46.06,per kg,42.38,49.74,False,Derived (Composition Model - Copper-driven),Simulated historical trend (see SOURCES.md for base-value citations)
04-08-2026,Battery,Punjab,Amritsar,38.92,per kg,35.81,42.03,False,Derived (Composition Model - Lead-driven),Simulated historical trend (see SOURCES.md for base-value citations)
04-08-2026,CRT,Punjab,Amritsar,0.0,per kg,0.0,0.0,True,"Derived (Composition Model - Lead-driven, hazard-adjusted)",Simulated historical trend (see SOURCES.md for base-value citations)
04-08-2026,LCD,Punjab,Amritsar,20.66,per kg,19.01,22.31,False,Derived (Composition Model - Aluminium-driven),Simulated historical trend (see SOURCES.md for base-value citations)
04-08-2026,Copper,Punjab,Jalandhar,645.96,per kg,594.28,697.64,False,Derived (Formula from Metals.Dev API - MCX/LME-linked),Simulated historical trend (see SOURCES.md for base-value citations)
04-08-2026,Aluminium,Punjab,Jalandhar,135.36,per kg,124.53,146.19,False,Derived (Formula from Metals.Dev API - MCX/LME-linked),Simulated historical trend (see SOURCES.md for base-value citations)
04-08-2026,Iron,Punjab,Jalandhar,35.98,per kg,33.1,38.86,False,Derived (Formula from Metals.Dev API - MCX/LME-linked),Simulated historical trend (see SOURCES.md for base-value citations)
04-08-2026,Lead,Punjab,Jalandhar,86.24,per kg,79.34,93.14,False,Derived (Formula from Metals.Dev API - MCX/LME-linked),Simulated historical trend (see SOURCES.md for base-value citations)
04-08-2026,PCB,Punjab,Jalandhar,104.99,per kg,96.59,113.39,False,Derived (Composition Model - Copper-driven),Simulated historical trend (see SOURCES.md for base-value citations)
04-08-2026,Cable,Punjab,Jalandhar,237.82,per kg,218.79,256.85,False,Derived (Composition Model - Copper-driven),Simulated historical trend (see SOURCES.md for base-value citations)
04-08-2026,Motor,Punjab,Jalandhar,41.23,per kg,37.93,44.53,False,Derived (Composition Model - Copper-driven),Simulated historical trend (see SOURCES.md for base-value citations)
04-08-2026,Battery,Punjab,Jalandhar,41.23,per kg,37.93,44.53,False,Derived (Composition Model - Lead-driven),Simulated historical trend (see SOURCES.md for base-value citations)
04-08-2026,CRT,Punjab,Jalandhar,0.0,per kg,0.0,0.0,True,"Derived (Composition Model - Lead-driven, hazard-adjusted)",Simulated historical trend (see SOURCES.md for base-value citations)
04-08-2026,LCD,Punjab,Jalandhar,19.69,per kg,18.11,21.27,False,Derived (Composition Model - Aluminium-driven),Simulated historical trend (see SOURCES.md for base-value citations)
04-08-2026,Copper,Maharashtra,Mumbai,709.39,per kg,652.64,766.14,False,Derived (Formula from Metals.Dev API - MCX/LME-linked),Simulated historical trend (see SOURCES.md for base-value citations)
04-08-2026,Aluminium,Maharashtra,Mumbai,144.09,per kg,132.56,155.62,False,Derived (Formula from Metals.Dev API - MCX/LME-linked),Simulated historical trend (see SOURCES.md for base-value citations)
04-08-2026,Iron,Maharashtra,Mumbai,39.48,per kg,36.32,42.64,False,Derived (Formula from Metals.Dev API - MCX/LME-linked),Simulated historical trend (see SOURCES.md for base-value citations)
04-08-2026,Lead,Maharashtra,Mumbai,108.54,per kg,99.86,117.22,False,Derived (Formula from Metals.Dev API - MCX/LME-linked),Simulated historical trend (see SOURCES.md for base-value citations)
04-08-2026,PCB,Maharashtra,Mumbai,115.78,per kg,106.52,125.04,False,Derived (Composition Model - Copper-driven),Simulated historical trend (see SOURCES.md for base-value citations)
04-08-2026,Cable,Maharashtra,Mumbai,266.19,per kg,244.89,287.49,False,Derived (Composition Model - Copper-driven),Simulated historical trend (see SOURCES.md for base-value citations)
04-08-2026,Motor,Maharashtra,Mumbai,51.14,per kg,47.05,55.23,False,Derived (Composition Model - Copper-driven),Simulated historical trend (see SOURCES.md for base-value citations)
04-08-2026,Battery,Maharashtra,Mumbai,42.96,per kg,39.52,46.4,False,Derived (Composition Model - Lead-driven),Simulated historical trend (see SOURCES.md for base-value citations)
04-08-2026,CRT,Maharashtra,Mumbai,0.0,per kg,0.0,0.0,True,"Derived (Composition Model - Lead-driven, hazard-adjusted)",Simulated historical trend (see SOURCES.md for base-value citations)
04-08-2026,LCD,Maharashtra,Mumbai,22.22,per kg,20.44,24.0,False,Derived (Composition Model - Aluminium-driven),Simulated historical trend (see SOURCES.md for base-value citations)
04-08-2026,Copper,Maharashtra,Pune,643.61,per kg,592.12,695.1,False,Derived (Formula from Metals.Dev API - MCX/LME-linked),Simulated historical trend (see SOURCES.md for base-value citations)
04-08-2026,Aluminium,Maharashtra,Pune,150.74,per kg,138.68,162.8,False,Derived (Formula from Metals.Dev API - MCX/LME-linked),Simulated historical trend (see SOURCES.md for base-value citations)
04-08-2026,Iron,Maharashtra,Pune,34.54,per kg,31.78,37.3,False,Derived (Formula from Metals.Dev API - MCX/LME-linked),Simulated historical trend (see SOURCES.md for base-value citations)
04-08-2026,Lead,Maharashtra,Pune,97.27,per kg,89.49,105.05,False,Derived (Formula from Metals.Dev API - MCX/LME-linked),Simulated historical trend (see SOURCES.md for base-value citations)
04-08-2026,PCB,Maharashtra,Pune,122.83,per kg,113.0,132.66,False,Derived (Composition Model - Copper-driven),Simulated historical trend (see SOURCES.md for base-value citations)
04-08-2026,Cable,Maharashtra,Pune,260.57,per kg,239.72,281.42,False,Derived (Composition Model - Copper-driven),Simulated historical trend (see SOURCES.md for base-value citations)
04-08-2026,Motor,Maharashtra,Pune,48.13,per kg,44.28,51.98,False,Derived (Composition Model - Copper-driven),Simulated historical trend (see SOURCES.md for base-value citations)
04-08-2026,Battery,Maharashtra,Pune,46.45,per kg,42.73,50.17,False,Derived (Composition Model - Lead-driven),Simulated historical trend (see SOURCES.md for base-value citations)
04-08-2026,CRT,Maharashtra,Pune,0.0,per kg,0.0,0.0,True,"Derived (Composition Model - Lead-driven, hazard-adjusted)",Simulated historical trend (see SOURCES.md for base-value citations)
04-08-2026,LCD,Maharashtra,Pune,21.66,per kg,19.93,23.39,False,Derived (Composition Model - Aluminium-driven),Simulated historical trend (see SOURCES.md for base-value citations)
03-08-2026,Copper,Punjab,Ludhiana,623.26,per kg,573.4,673.12,False,Derived (Formula from Metals.Dev API - MCX/LME-linked),Simulated historical trend (see SOURCES.md for base-value citations)
03-08-2026,Aluminium,Punjab,Ludhiana,162.61,per kg,149.6,175.62,False,Derived (Formula from Metals.Dev API - MCX/LME-linked),Simulated historical trend (see SOURCES.md for base-value citations)
03-08-2026,Iron,Punjab,Ludhiana,39.09,per kg,35.96,42.22,False,Derived (Formula from Metals.Dev API - MCX/LME-linked),Simulated historical trend (see SOURCES.md for base-value citations)
03-08-2026,Lead,Punjab,Ludhiana,89.93,per kg,82.74,97.12,False,Derived (Formula from Metals.Dev API - MCX/LME-linked),Simulated historical trend (see SOURCES.md for base-value citations)
03-08-2026,PCB,Punjab,Ludhiana,102.81,per kg,94.59,111.03,False,Derived (Composition Model - Copper-driven),Simulated historical trend (see SOURCES.md for base-value citations)
03-08-2026,Cable,Punjab,Ludhiana,238.62,per kg,219.53,257.71,False,Derived (Composition Model - Copper-driven),Simulated historical trend (see SOURCES.md for base-value citations)
03-08-2026,Motor,Punjab,Ludhiana,50.15,per kg,46.14,54.16,False,Derived (Composition Model - Copper-driven),Simulated historical trend (see SOURCES.md for base-value citations)
03-08-2026,Battery,Punjab,Ludhiana,45.57,per kg,41.92,49.22,False,Derived (Composition Model - Lead-driven),Simulated historical trend (see SOURCES.md for base-value citations)
03-08-2026,CRT,Punjab,Ludhiana,0.0,per kg,0.0,0.0,True,"Derived (Composition Model - Lead-driven, hazard-adjusted)",Simulated historical trend (see SOURCES.md for base-value citations)
03-08-2026,LCD,Punjab,Ludhiana,20.69,per kg,19.03,22.35,False,Derived (Composition Model - Aluminium-driven),Simulated historical trend (see SOURCES.md for base-value citations)
03-08-2026,Copper,Punjab,Amritsar,582.0,per kg,535.44,628.56,False,Derived (Formula from Metals.Dev API - MCX/LME-linked),Simulated historical trend (see SOURCES.md for base-value citations)
03-08-2026,Aluminium,Punjab,Amritsar,142.91,per kg,131.48,154.34,False,Derived (Formula from Metals.Dev API - MCX/LME-linked),Simulated historical trend (see SOURCES.md for base-value citations)
03-08-2026,Iron,Punjab,Amritsar,39.94,per kg,36.74,43.14,False,Derived (Formula from Metals.Dev API - MCX/LME-linked),Simulated historical trend (see SOURCES.md for base-value citations)
03-08-2026,Lead,Punjab,Amritsar,98.61,per kg,90.72,106.5,False,Derived (Formula from Metals.Dev API - MCX/LME-linked),Simulated historical trend (see SOURCES.md for base-value citations)
03-08-2026,PCB,Punjab,Amritsar,108.57,per kg,99.88,117.26,False,Derived (Composition Model - Copper-driven),Simulated historical trend (see SOURCES.md for base-value citations)
03-08-2026,Cable,Punjab,Amritsar,269.49,per kg,247.93,291.05,False,Derived (Composition Model - Copper-driven),Simulated historical trend (see SOURCES.md for base-value citations)
03-08-2026,Motor,Punjab,Amritsar,43.78,per kg,40.28,47.28,False,Derived (Composition Model - Copper-driven),Simulated historical trend (see SOURCES.md for base-value citations)
03-08-2026,Battery,Punjab,Amritsar,47.39,per kg,43.6,51.18,False,Derived (Composition Model - Lead-driven),Simulated historical trend (see SOURCES.md for base-value citations)
03-08-2026,CRT,Punjab,Amritsar,0.0,per kg,0.0,0.0,True,"Derived (Composition Model - Lead-driven, hazard-adjusted)",Simulated historical trend (see SOURCES.md for base-value citations)
03-08-2026,LCD,Punjab,Amritsar,22.68,per kg,20.87,24.49,False,Derived (Composition Model - Aluminium-driven),Simulated historical trend (see SOURCES.md for base-value citations)
03-08-2026,Copper,Punjab,Jalandhar,602.3,per kg,554.12,650.48,False,Derived (Formula from Metals.Dev API - MCX/LME-linked),Simulated historical trend (see SOURCES.md for base-value citations)
03-08-2026,Aluminium,Punjab,Jalandhar,144.09,per kg,132.56,155.62,False,Derived (Formula from Metals.Dev API - MCX/LME-linked),Simulated historical trend (see SOURCES.md for base-value citations)
03-08-2026,Iron,Punjab,Jalandhar,37.38,per kg,34.39,40.37,False,Derived (Formula from Metals.Dev API - MCX/LME-linked),Simulated historical trend (see SOURCES.md for base-value citations)
03-08-2026,Lead,Punjab,Jalandhar,96.44,per kg,88.72,104.16,False,Derived (Formula from Metals.Dev API - MCX/LME-linked),Simulated historical trend (see SOURCES.md for base-value citations)
03-08-2026,PCB,Punjab,Jalandhar,112.85,per kg,103.82,121.88,False,Derived (Composition Model - Copper-driven),Simulated historical trend (see SOURCES.md for base-value citations)
03-08-2026,Cable,Punjab,Jalandhar,226.91,per kg,208.76,245.06,False,Derived (Composition Model - Copper-driven),Simulated historical trend (see SOURCES.md for base-value citations)
03-08-2026,Motor,Punjab,Jalandhar,43.91,per kg,40.4,47.42,False,Derived (Composition Model - Copper-driven),Simulated historical trend (see SOURCES.md for base-value citations)
03-08-2026,Battery,Punjab,Jalandhar,43.86,per kg,40.35,47.37,False,Derived (Composition Model - Lead-driven),Simulated historical trend (see SOURCES.md for base-value citations)
03-08-2026,CRT,Punjab,Jalandhar,0.0,per kg,0.0,0.0,True,"Derived (Composition Model - Lead-driven, hazard-adjusted)",Simulated historical trend (see SOURCES.md for base-value citations)
03-08-2026,LCD,Punjab,Jalandhar,20.61,per kg,18.96,22.26,False,Derived (Composition Model - Aluminium-driven),Simulated historical trend (see SOURCES.md for base-value citations)
03-08-2026,Copper,Maharashtra,Mumbai,602.1,per kg,553.93,650.27,False,Derived (Formula from Metals.Dev API - MCX/LME-linked),Simulated historical trend (see SOURCES.md for base-value citations)
03-08-2026,Aluminium,Maharashtra,Mumbai,145.52,per kg,133.88,157.16,False,Derived (Formula from Metals.Dev API - MCX/LME-linked),Simulated historical trend (see SOURCES.md for base-value citations)
03-08-2026,Iron,Maharashtra,Mumbai,39.75,per kg,36.57,42.93,False,Derived (Formula from Metals.Dev API - MCX/LME-linked),Simulated historical trend (see SOURCES.md for base-value citations)
03-08-2026,Lead,Maharashtra,Mumbai,112.67,per kg,103.66,121.68,False,Derived (Formula from Metals.Dev API - MCX/LME-linked),Simulated historical trend (see SOURCES.md for base-value citations)
03-08-2026,PCB,Maharashtra,Mumbai,106.65,per kg,98.12,115.18,False,Derived (Composition Model - Copper-driven),Simulated historical trend (see SOURCES.md for base-value citations)
03-08-2026,Cable,Maharashtra,Mumbai,275.23,per kg,253.21,297.25,False,Derived (Composition Model - Copper-driven),Simulated historical trend (see SOURCES.md for base-value citations)
03-08-2026,Motor,Maharashtra,Mumbai,47.72,per kg,43.9,51.54,False,Derived (Composition Model - Copper-driven),Simulated historical trend (see SOURCES.md for base-value citations)
03-08-2026,Battery,Maharashtra,Mumbai,42.55,per kg,39.15,45.95,False,Derived (Composition Model - Lead-driven),Simulated historical trend (see SOURCES.md for base-value citations)
03-08-2026,CRT,Maharashtra,Mumbai,0.0,per kg,0.0,0.0,True,"Derived (Composition Model - Lead-driven, hazard-adjusted)",Simulated historical trend (see SOURCES.md for base-value citations)
03-08-2026,LCD,Maharashtra,Mumbai,20.61,per kg,18.96,22.26,False,Derived (Composition Model - Aluminium-driven),Simulated historical trend (see SOURCES.md for base-value citations)
03-08-2026,Copper,Maharashtra,Pune,680.2,per kg,625.78,734.62,False,Derived (Formula from Metals.Dev API - MCX/LME-linked),Simulated historical trend (see SOURCES.md for base-value citations)
03-08-2026,Aluminium,Maharashtra,Pune,162.19,per kg,149.21,175.17,False,Derived (Formula from Metals.Dev API - MCX/LME-linked),Simulated historical trend (see SOURCES.md for base-value citations)
03-08-2026,Iron,Maharashtra,Pune,34.95,per kg,32.15,37.75,False,Derived (Formula from Metals.Dev API - MCX/LME-linked),Simulated historical trend (see SOURCES.md for base-value citations)
03-08-2026,Lead,Maharashtra,Pune,96.33,per kg,88.62,104.04,False,Derived (Formula from Metals.Dev API - MCX/LME-linked),Simulated historical trend (see SOURCES.md for base-value citations)
03-08-2026,PCB,Maharashtra,Pune,112.05,per kg,103.09,121.01,False,Derived (Composition Model - Copper-driven),Simulated historical trend (see SOURCES.md for base-value citations)
03-08-2026,Cable,Maharashtra,Pune,256.43,per kg,235.92,276.94,False,Derived (Composition Model - Copper-driven),Simulated historical trend (see SOURCES.md for base-value citations)
03-08-2026,Motor,Maharashtra,Pune,45.21,per kg,41.59,48.83,False,Derived (Composition Model - Copper-driven),Simulated historical trend (see SOURCES.md for base-value citations)
03-08-2026,Battery,Maharashtra,Pune,42.61,per kg,39.2,46.02,False,Derived (Composition Model - Lead-driven),Simulated historical trend (see SOURCES.md for base-value citations)
03-08-2026,CRT,Maharashtra,Pune,0.0,per kg,0.0,0.0,True,"Derived (Composition Model - Lead-driven, hazard-adjusted)",Simulated historical trend (see SOURCES.md for base-value citations)
03-08-2026,LCD,Maharashtra,Pune,21.24,per kg,19.54,22.94,False,Derived (Composition Model - Aluminium-driven),Simulated historical trend (see SOURCES.md for base-value citations)
02-08-2026,Copper,Punjab,Ludhiana,640.58,per kg,589.33,691.83,False,Derived (Formula from Metals.Dev API - MCX/LME-linked),Simulated historical trend (see SOURCES.md for base-value citations)
02-08-2026,Aluminium,Punjab,Ludhiana,158.44,per kg,145.76,171.12,False,Derived (Formula from Metals.Dev API - MCX/LME-linked),Simulated historical trend (see SOURCES.md for base-value citations)
02-08-2026,Iron,Punjab,Ludhiana,34.99,per kg,32.19,37.79,False,Derived (Formula from Metals.Dev API - MCX/LME-linked),Simulated historical trend (see SOURCES.md for base-value citations)
02-08-2026,Lead,Punjab,Ludhiana,89.18,per kg,82.05,96.31,False,Derived (Formula from Metals.Dev API - MCX/LME-linked),Simulated historical trend (see SOURCES.md for base-value citations)
02-08-2026,PCB,Punjab,Ludhiana,102.92,per kg,94.69,111.15,False,Derived (Composition Model - Copper-driven),Simulated historical trend (see SOURCES.md for base-value citations)
02-08-2026,Cable,Punjab,Ludhiana,229.99,per kg,211.59,248.39,False,Derived (Composition Model - Copper-driven),Simulated historical trend (see SOURCES.md for base-value citations)
02-08-2026,Motor,Punjab,Ludhiana,42.86,per kg,39.43,46.29,False,Derived (Composition Model - Copper-driven),Simulated historical trend (see SOURCES.md for base-value citations)
02-08-2026,Battery,Punjab,Ludhiana,42.29,per kg,38.91,45.67,False,Derived (Composition Model - Lead-driven),Simulated historical trend (see SOURCES.md for base-value citations)
02-08-2026,CRT,Punjab,Ludhiana,0.0,per kg,0.0,0.0,True,"Derived (Composition Model - Lead-driven, hazard-adjusted)",Simulated historical trend (see SOURCES.md for base-value citations)
02-08-2026,LCD,Punjab,Ludhiana,22.18,per kg,20.41,23.95,False,Derived (Composition Model - Aluminium-driven),Simulated historical trend (see SOURCES.md for base-value citations)
02-08-2026,Copper,Punjab,Amritsar,676.43,per kg,622.32,730.54,False,Derived (Formula from Metals.Dev API - MCX/LME-linked),Simulated historical trend (see SOURCES.md for base-value citations)
02-08-2026,Aluminium,Punjab,Amritsar,142.46,per kg,131.06,153.86,False,Derived (Formula from Metals.Dev API - MCX/LME-linked),Simulated historical trend (see SOURCES.md for base-value citations)
02-08-2026,Iron,Punjab,Amritsar,34.74,per kg,31.96,37.52,False,Derived (Formula from Metals.Dev API - MCX/LME-linked),Simulated historical trend (see SOURCES.md for base-value citations)
02-08-2026,Lead,Punjab,Amritsar,98.52,per kg,90.64,106.4,False,Derived (Formula from Metals.Dev API - MCX/LME-linked),Simulated historical trend (see SOURCES.md for base-value citations)
02-08-2026,PCB,Punjab,Amritsar,119.57,per kg,110.0,129.14,False,Derived (Composition Model - Copper-driven),Simulated historical trend (see SOURCES.md for base-value citations)
02-08-2026,Cable,Punjab,Amritsar,247.05,per kg,227.29,266.81,False,Derived (Composition Model - Copper-driven),Simulated historical trend (see SOURCES.md for base-value citations)
02-08-2026,Motor,Punjab,Amritsar,44.24,per kg,40.7,47.78,False,Derived (Composition Model - Copper-driven),Simulated historical trend (see SOURCES.md for base-value citations)
02-08-2026,Battery,Punjab,Amritsar,46.86,per kg,43.11,50.61,False,Derived (Composition Model - Lead-driven),Simulated historical trend (see SOURCES.md for base-value citations)
02-08-2026,CRT,Punjab,Amritsar,0.0,per kg,0.0,0.0,True,"Derived (Composition Model - Lead-driven, hazard-adjusted)",Simulated historical trend (see SOURCES.md for base-value citations)
02-08-2026,LCD,Punjab,Amritsar,20.25,per kg,18.63,21.87,False,Derived (Composition Model - Aluminium-driven),Simulated historical trend (see SOURCES.md for base-value citations)
02-08-2026,Copper,Punjab,Jalandhar,556.16,per kg,511.67,600.65,False,Derived (Formula from Metals.Dev API - MCX/LME-linked),Simulated historical trend (see SOURCES.md for base-value citations)
02-08-2026,Aluminium,Punjab,Jalandhar,145.76,per kg,134.1,157.42,False,Derived (Formula from Metals.Dev API - MCX/LME-linked),Simulated historical trend (see SOURCES.md for base-value citations)
02-08-2026,Iron,Punjab,Jalandhar,33.66,per kg,30.97,36.35,False,Derived (Formula from Metals.Dev API - MCX/LME-linked),Simulated historical trend (see SOURCES.md for base-value citations)
02-08-2026,Lead,Punjab,Jalandhar,88.69,per kg,81.59,95.79,False,Derived (Formula from Metals.Dev API - MCX/LME-linked),Simulated historical trend (see SOURCES.md for base-value citations)
02-08-2026,PCB,Punjab,Jalandhar,99.91,per kg,91.92,107.9,False,Derived (Composition Model - Copper-driven),Simulated historical trend (see SOURCES.md for base-value citations)
02-08-2026,Cable,Punjab,Jalandhar,223.01,per kg,205.17,240.85,False,Derived (Composition Model - Copper-driven),Simulated historical trend (see SOURCES.md for base-value citations)
02-08-2026,Motor,Punjab,Jalandhar,49.48,per kg,45.52,53.44,False,Derived (Composition Model - Copper-driven),Simulated historical trend (see SOURCES.md for base-value citations)
02-08-2026,Battery,Punjab,Jalandhar,43.72,per kg,40.22,47.22,False,Derived (Composition Model - Lead-driven),Simulated historical trend (see SOURCES.md for base-value citations)
02-08-2026,CRT,Punjab,Jalandhar,0.0,per kg,0.0,0.0,True,"Derived (Composition Model - Lead-driven, hazard-adjusted)",Simulated historical trend (see SOURCES.md for base-value citations)
02-08-2026,LCD,Punjab,Jalandhar,20.54,per kg,18.9,22.18,False,Derived (Composition Model - Aluminium-driven),Simulated historical trend (see SOURCES.md for base-value citations)
02-08-2026,Copper,Maharashtra,Mumbai,657.63,per kg,605.02,710.24,False,Derived (Formula from Metals.Dev API - MCX/LME-linked),Simulated historical trend (see SOURCES.md for base-value citations)
02-08-2026,Aluminium,Maharashtra,Mumbai,166.41,per kg,153.1,179.72,False,Derived (Formula from Metals.Dev API - MCX/LME-linked),Simulated historical trend (see SOURCES.md for base-value citations)
02-08-2026,Iron,Maharashtra,Mumbai,35.24,per kg,32.42,38.06,False,Derived (Formula from Metals.Dev API - MCX/LME-linked),Simulated historical trend (see SOURCES.md for base-value citations)
02-08-2026,Lead,Maharashtra,Mumbai,112.87,per kg,103.84,121.9,False,Derived (Formula from Metals.Dev API - MCX/LME-linked),Simulated historical trend (see SOURCES.md for base-value citations)
02-08-2026,PCB,Maharashtra,Mumbai,113.13,per kg,104.08,122.18,False,Derived (Composition Model - Copper-driven),Simulated historical trend (see SOURCES.md for base-value citations)
02-08-2026,Cable,Maharashtra,Mumbai,281.98,per kg,259.42,304.54,False,Derived (Composition Model - Copper-driven),Simulated historical trend (see SOURCES.md for base-value citations)
02-08-2026,Motor,Maharashtra,Mumbai,45.01,per kg,41.41,48.61,False,Derived (Composition Model - Copper-driven),Simulated historical trend (see SOURCES.md for base-value citations)
02-08-2026,Battery,Maharashtra,Mumbai,45.13,per kg,41.52,48.74,False,Derived (Composition Model - Lead-driven),Simulated historical trend (see SOURCES.md for base-value citations)
02-08-2026,CRT,Maharashtra,Mumbai,0.0,per kg,0.0,0.0,True,"Derived (Composition Model - Lead-driven, hazard-adjusted)",Simulated historical trend (see SOURCES.md for base-value citations)
02-08-2026,LCD,Maharashtra,Mumbai,22.42,per kg,20.63,24.21,False,Derived (Composition Model - Aluminium-driven),Simulated historical trend (see SOURCES.md for base-value citations)
02-08-2026,Copper,Maharashtra,Pune,654.41,per kg,602.06,706.76,False,Derived (Formula from Metals.Dev API - MCX/LME-linked),Simulated historical trend (see SOURCES.md for base-value citations)
02-08-2026,Aluminium,Maharashtra,Pune,162.77,per kg,149.75,175.79,False,Derived (Formula from Metals.Dev API - MCX/LME-linked),Simulated historical trend (see SOURCES.md for base-value citations)
02-08-2026,Iron,Maharashtra,Pune,38.64,per kg,35.55,41.73,False,Derived (Formula from Metals.Dev API - MCX/LME-linked),Simulated historical trend (see SOURCES.md for base-value citations)
02-08-2026,Lead,Maharashtra,Pune,105.34,per kg,96.91,113.77,False,Derived (Formula from Metals.Dev API - MCX/LME-linked),Simulated historical trend (see SOURCES.md for base-value citations)
02-08-2026,PCB,Maharashtra,Pune,107.59,per kg,98.98,116.2,False,Derived (Composition Model - Copper-driven),Simulated historical trend (see SOURCES.md for base-value citations)
02-08-2026,Cable,Maharashtra,Pune,235.36,per kg,216.53,254.19,False,Derived (Composition Model - Copper-driven),Simulated historical trend (see SOURCES.md for base-value citations)
02-08-2026,Motor,Maharashtra,Pune,50.5,per kg,46.46,54.54,False,Derived (Composition Model - Copper-driven),Simulated historical trend (see SOURCES.md for base-value citations)
02-08-2026,Battery,Maharashtra,Pune,42.17,per kg,38.8,45.54,False,Derived (Composition Model - Lead-driven),Simulated historical trend (see SOURCES.md for base-value citations)
02-08-2026,CRT,Maharashtra,Pune,0.0,per kg,0.0,0.0,True,"Derived (Composition Model - Lead-driven, hazard-adjusted)",Simulated historical trend (see SOURCES.md for base-value citations)
02-08-2026,LCD,Maharashtra,Pune,21.72,per kg,19.98,23.46,False,Derived (Composition Model - Aluminium-driven),Simulated historical trend (see SOURCES.md for base-value citations)
01-08-2026,Copper,Punjab,Ludhiana,571.31,per kg,525.61,617.01,False,Derived (Formula from Metals.Dev API - MCX/LME-linked),Simulated historical trend (see SOURCES.md for base-value citations)
01-08-2026,Aluminium,Punjab,Ludhiana,151.83,per kg,139.68,163.98,False,Derived (Formula from Metals.Dev API - MCX/LME-linked),Simulated historical trend (see SOURCES.md for base-value citations)
01-08-2026,Iron,Punjab,Ludhiana,35.6,per kg,32.75,38.45,False,Derived (Formula from Metals.Dev API - MCX/LME-linked),Simulated historical trend (see SOURCES.md for base-value citations)
01-08-2026,Lead,Punjab,Ludhiana,97.69,per kg,89.87,105.51,False,Derived (Formula from Metals.Dev API - MCX/LME-linked),Simulated historical trend (see SOURCES.md for base-value citations)
01-08-2026,PCB,Punjab,Ludhiana,119.58,per kg,110.01,129.15,False,Derived (Composition Model - Copper-driven),Simulated historical trend (see SOURCES.md for base-value citations)
01-08-2026,Cable,Punjab,Ludhiana,235.05,per kg,216.25,253.85,False,Derived (Composition Model - Copper-driven),Simulated historical trend (see SOURCES.md for base-value citations)
01-08-2026,Motor,Punjab,Ludhiana,44.86,per kg,41.27,48.45,False,Derived (Composition Model - Copper-driven),Simulated historical trend (see SOURCES.md for base-value citations)
01-08-2026,Battery,Punjab,Ludhiana,41.09,per kg,37.8,44.38,False,Derived (Composition Model - Lead-driven),Simulated historical trend (see SOURCES.md for base-value citations)
01-08-2026,CRT,Punjab,Ludhiana,0.0,per kg,0.0,0.0,True,"Derived (Composition Model - Lead-driven, hazard-adjusted)",Simulated historical trend (see SOURCES.md for base-value citations)
01-08-2026,LCD,Punjab,Ludhiana,18.83,per kg,17.32,20.34,False,Derived (Composition Model - Aluminium-driven),Simulated historical trend (see SOURCES.md for base-value citations)
01-08-2026,Copper,Punjab,Amritsar,582.36,per kg,535.77,628.95,False,Derived (Formula from Metals.Dev API - MCX/LME-linked),Simulated historical trend (see SOURCES.md for base-value citations)
01-08-2026,Aluminium,Punjab,Amritsar,160.84,per kg,147.97,173.71,False,Derived (Formula from Metals.Dev API - MCX/LME-linked),Simulated historical trend (see SOURCES.md for base-value citations)
01-08-2026,Iron,Punjab,Amritsar,36.82,per kg,33.87,39.77,False,Derived (Formula from Metals.Dev API - MCX/LME-linked),Simulated historical trend (see SOURCES.md for base-value citations)
01-08-2026,Lead,Punjab,Amritsar,92.75,per kg,85.33,100.17,False,Derived (Formula from Metals.Dev API - MCX/LME-linked),Simulated historical trend (see SOURCES.md for base-value citations)
01-08-2026,PCB,Punjab,Amritsar,111.91,per kg,102.96,120.86,False,Derived (Composition Model - Copper-driven),Simulated historical trend (see SOURCES.md for base-value citations)
01-08-2026,Cable,Punjab,Amritsar,266.96,per kg,245.6,288.32,False,Derived (Composition Model - Copper-driven),Simulated historical trend (see SOURCES.md for base-value citations)
01-08-2026,Motor,Punjab,Amritsar,51.12,per kg,47.03,55.21,False,Derived (Composition Model - Copper-driven),Simulated historical trend (see SOURCES.md for base-value citations)
01-08-2026,Battery,Punjab,Amritsar,44.02,per kg,40.5,47.54,False,Derived (Composition Model - Lead-driven),Simulated historical trend (see SOURCES.md for base-value citations)
01-08-2026,CRT,Punjab,Amritsar,0.0,per kg,0.0,0.0,True,"Derived (Composition Model - Lead-driven, hazard-adjusted)",Simulated historical trend (see SOURCES.md for base-value citations)
01-08-2026,LCD,Punjab,Amritsar,21.29,per kg,19.59,22.99,False,Derived (Composition Model - Aluminium-driven),Simulated historical trend (see SOURCES.md for base-value citations)
01-08-2026,Copper,Punjab,Jalandhar,568.82,per kg,523.31,614.33,False,Derived (Formula from Metals.Dev API - MCX/LME-linked),Simulated historical trend (see SOURCES.md for base-value citations)
01-08-2026,Aluminium,Punjab,Jalandhar,135.6,per kg,124.75,146.45,False,Derived (Formula from Metals.Dev API - MCX/LME-linked),Simulated historical trend (see SOURCES.md for base-value citations)
01-08-2026,Iron,Punjab,Jalandhar,32.22,per kg,29.64,34.8,False,Derived (Formula from Metals.Dev API - MCX/LME-linked),Simulated historical trend (see SOURCES.md for base-value citations)
01-08-2026,Lead,Punjab,Jalandhar,93.69,per kg,86.19,101.19,False,Derived (Formula from Metals.Dev API - MCX/LME-linked),Simulated historical trend (see SOURCES.md for base-value citations)
01-08-2026,PCB,Punjab,Jalandhar,94.99,per kg,87.39,102.59,False,Derived (Composition Model - Copper-driven),Simulated historical trend (see SOURCES.md for base-value citations)
01-08-2026,Cable,Punjab,Jalandhar,228.03,per kg,209.79,246.27,False,Derived (Composition Model - Copper-driven),Simulated historical trend (see SOURCES.md for base-value citations)
01-08-2026,Motor,Punjab,Jalandhar,43.75,per kg,40.25,47.25,False,Derived (Composition Model - Copper-driven),Simulated historical trend (see SOURCES.md for base-value citations)
01-08-2026,Battery,Punjab,Jalandhar,38.84,per kg,35.73,41.95,False,Derived (Composition Model - Lead-driven),Simulated historical trend (see SOURCES.md for base-value citations)
01-08-2026,CRT,Punjab,Jalandhar,0.0,per kg,0.0,0.0,True,"Derived (Composition Model - Lead-driven, hazard-adjusted)",Simulated historical trend (see SOURCES.md for base-value citations)
01-08-2026,LCD,Punjab,Jalandhar,20.22,per kg,18.6,21.84,False,Derived (Composition Model - Aluminium-driven),Simulated historical trend (see SOURCES.md for base-value citations)
01-08-2026,Copper,Maharashtra,Mumbai,725.98,per kg,667.9,784.06,False,Derived (Formula from Metals.Dev API - MCX/LME-linked),Simulated historical trend (see SOURCES.md for base-value citations)
01-08-2026,Aluminium,Maharashtra,Mumbai,163.52,per kg,150.44,176.6,False,Derived (Formula from Metals.Dev API - MCX/LME-linked),Simulated historical trend (see SOURCES.md for base-value citations)
01-08-2026,Iron,Maharashtra,Mumbai,38.21,per kg,35.15,41.27,False,Derived (Formula from Metals.Dev API - MCX/LME-linked),Simulated historical trend (see SOURCES.md for base-value citations)
01-08-2026,Lead,Maharashtra,Mumbai,98.81,per kg,90.91,106.71,False,Derived (Formula from Metals.Dev API - MCX/LME-linked),Simulated historical trend (see SOURCES.md for base-value citations)
01-08-2026,PCB,Maharashtra,Mumbai,124.6,per kg,114.63,134.57,False,Derived (Composition Model - Copper-driven),Simulated historical trend (see SOURCES.md for base-value citations)
01-08-2026,Cable,Maharashtra,Mumbai,262.65,per kg,241.64,283.66,False,Derived (Composition Model - Copper-driven),Simulated historical trend (see SOURCES.md for base-value citations)
01-08-2026,Motor,Maharashtra,Mumbai,49.77,per kg,45.79,53.75,False,Derived (Composition Model - Copper-driven),Simulated historical trend (see SOURCES.md for base-value citations)
01-08-2026,Battery,Maharashtra,Mumbai,40.69,per kg,37.43,43.95,False,Derived (Composition Model - Lead-driven),Simulated historical trend (see SOURCES.md for base-value citations)
01-08-2026,CRT,Maharashtra,Mumbai,0.0,per kg,0.0,0.0,True,"Derived (Composition Model - Lead-driven, hazard-adjusted)",Simulated historical trend (see SOURCES.md for base-value citations)
01-08-2026,LCD,Maharashtra,Mumbai,20.27,per kg,18.65,21.89,False,Derived (Composition Model - Aluminium-driven),Simulated historical trend (see SOURCES.md for base-value citations)
01-08-2026,Copper,Maharashtra,Pune,661.31,per kg,608.41,714.21,False,Derived (Formula from Metals.Dev API - MCX/LME-linked),Simulated historical trend (see SOURCES.md for base-value citations)
01-08-2026,Aluminium,Maharashtra,Pune,147.25,per kg,135.47,159.03,False,Derived (Formula from Metals.Dev API - MCX/LME-linked),Simulated historical trend (see SOURCES.md for base-value citations)
01-08-2026,Iron,Maharashtra,Pune,34.67,per kg,31.9,37.44,False,Derived (Formula from Metals.Dev API - MCX/LME-linked),Simulated historical trend (see SOURCES.md for base-value citations)
01-08-2026,Lead,Maharashtra,Pune,101.27,per kg,93.17,109.37,False,Derived (Formula from Metals.Dev API - MCX/LME-linked),Simulated historical trend (see SOURCES.md for base-value citations)
01-08-2026,PCB,Maharashtra,Pune,118.92,per kg,109.41,128.43,False,Derived (Composition Model - Copper-driven),Simulated historical trend (see SOURCES.md for base-value citations)
01-08-2026,Cable,Maharashtra,Pune,276.91,per kg,254.76,299.06,False,Derived (Composition Model - Copper-driven),Simulated historical trend (see SOURCES.md for base-value citations)
01-08-2026,Motor,Maharashtra,Pune,44.66,per kg,41.09,48.23,False,Derived (Composition Model - Copper-driven),Simulated historical trend (see SOURCES.md for base-value citations)
01-08-2026,Battery,Maharashtra,Pune,45.76,per kg,42.1,49.42,False,Derived (Composition Model - Lead-driven),Simulated historical trend (see SOURCES.md for base-value citations)
01-08-2026,CRT,Maharashtra,Pune,0.0,per kg,0.0,0.0,True,"Derived (Composition Model - Lead-driven, hazard-adjusted)",Simulated historical trend (see SOURCES.md for base-value citations)
01-08-2026,LCD,Maharashtra,Pune,22.26,per kg,20.48,24.04,False,Derived (Composition Model - Aluminium-driven),Simulated historical trend (see SOURCES.md for base-value citations)
31-07-2026,Copper,Punjab,Ludhiana,588.9,per kg,541.79,636.01,False,Derived (Formula from Metals.Dev API - MCX/LME-linked),Simulated historical trend (see SOURCES.md for base-value citations)
31-07-2026,Aluminium,Punjab,Ludhiana,146.04,per kg,134.36,157.72,False,Derived (Formula from Metals.Dev API - MCX/LME-linked),Simulated historical trend (see SOURCES.md for base-value citations)
31-07-2026,Iron,Punjab,Ludhiana,36.3,per kg,33.4,39.2,False,Derived (Formula from Metals.Dev API - MCX/LME-linked),Simulated historical trend (see SOURCES.md for base-value citations)
31-07-2026,Lead,Punjab,Ludhiana,106.52,per kg,98.0,115.04,False,Derived (Formula from Metals.Dev API - MCX/LME-linked),Simulated historical trend (see SOURCES.md for base-value citations)
31-07-2026,PCB,Punjab,Ludhiana,118.05,per kg,108.61,127.49,False,Derived (Composition Model - Copper-driven),Simulated historical trend (see SOURCES.md for base-value citations)
31-07-2026,Cable,Punjab,Ludhiana,236.25,per kg,217.35,255.15,False,Derived (Composition Model - Copper-driven),Simulated historical trend (see SOURCES.md for base-value citations)
31-07-2026,Motor,Punjab,Ludhiana,46.94,per kg,43.18,50.7,False,Derived (Composition Model - Copper-driven),Simulated historical trend (see SOURCES.md for base-value citations)
31-07-2026,Battery,Punjab,Ludhiana,46.04,per kg,42.36,49.72,False,Derived (Composition Model - Lead-driven),Simulated historical trend (see SOURCES.md for base-value citations)
31-07-2026,CRT,Punjab,Ludhiana,0.0,per kg,0.0,0.0,True,"Derived (Composition Model - Lead-driven, hazard-adjusted)",Simulated historical trend (see SOURCES.md for base-value citations)
31-07-2026,LCD,Punjab,Ludhiana,18.76,per kg,17.26,20.26,False,Derived (Composition Model - Aluminium-driven),Simulated historical trend (see SOURCES.md for base-value citations)
31-07-2026,Copper,Punjab,Amritsar,679.4,per kg,625.05,733.75,False,Derived (Formula from Metals.Dev API - MCX/LME-linked),Simulated historical trend (see SOURCES.md for base-value citations)
31-07-2026,Aluminium,Punjab,Amritsar,137.76,per kg,126.74,148.78,False,Derived (Formula from Metals.Dev API - MCX/LME-linked),Simulated historical trend (see SOURCES.md for base-value citations)
31-07-2026,Iron,Punjab,Amritsar,38.67,per kg,35.58,41.76,False,Derived (Formula from Metals.Dev API - MCX/LME-linked),Simulated historical trend (see SOURCES.md for base-value citations)
31-07-2026,Lead,Punjab,Amritsar,93.72,per kg,86.22,101.22,False,Derived (Formula from Metals.Dev API - MCX/LME-linked),Simulated historical trend (see SOURCES.md for base-value citations)
31-07-2026,PCB,Punjab,Amritsar,119.09,per kg,109.56,128.62,False,Derived (Composition Model - Copper-driven),Simulated historical trend (see SOURCES.md for base-value citations)
31-07-2026,Cable,Punjab,Amritsar,253.66,per kg,233.37,273.95,False,Derived (Composition Model - Copper-driven),Simulated historical trend (see SOURCES.md for base-value citations)
31-07-2026,Motor,Punjab,Amritsar,46.37,per kg,42.66,50.08,False,Derived (Composition Model - Copper-driven),Simulated historical trend (see SOURCES.md for base-value citations)
31-07-2026,Battery,Punjab,Amritsar,40.07,per kg,36.86,43.28,False,Derived (Composition Model - Lead-driven),Simulated historical trend (see SOURCES.md for base-value citations)
31-07-2026,CRT,Punjab,Amritsar,0.0,per kg,0.0,0.0,True,"Derived (Composition Model - Lead-driven, hazard-adjusted)",Simulated historical trend (see SOURCES.md for base-value citations)
31-07-2026,LCD,Punjab,Amritsar,21.04,per kg,19.36,22.72,False,Derived (Composition Model - Aluminium-driven),Simulated historical trend (see SOURCES.md for base-value citations)
31-07-2026,Copper,Punjab,Jalandhar,640.82,per kg,589.55,692.09,False,Derived (Formula from Metals.Dev API - MCX/LME-linked),Simulated historical trend (see SOURCES.md for base-value citations)
31-07-2026,Aluminium,Punjab,Jalandhar,148.72,per kg,136.82,160.62,False,Derived (Formula from Metals.Dev API - MCX/LME-linked),Simulated historical trend (see SOURCES.md for base-value citations)
31-07-2026,Iron,Punjab,Jalandhar,34.79,per kg,32.01,37.57,False,Derived (Formula from Metals.Dev API - MCX/LME-linked),Simulated historical trend (see SOURCES.md for base-value citations)
31-07-2026,Lead,Punjab,Jalandhar,97.58,per kg,89.77,105.39,False,Derived (Formula from Metals.Dev API - MCX/LME-linked),Simulated historical trend (see SOURCES.md for base-value citations)
31-07-2026,PCB,Punjab,Jalandhar,102.23,per kg,94.05,110.41,False,Derived (Composition Model - Copper-driven),Simulated historical trend (see SOURCES.md for base-value citations)
31-07-2026,Cable,Punjab,Jalandhar,241.27,per kg,221.97,260.57,False,Derived (Composition Model - Copper-driven),Simulated historical trend (see SOURCES.md for base-value citations)
31-07-2026,Motor,Punjab,Jalandhar,45.74,per kg,42.08,49.4,False,Derived (Composition Model - Copper-driven),Simulated historical trend (see SOURCES.md for base-value citations)
31-07-2026,Battery,Punjab,Jalandhar,43.74,per kg,40.24,47.24,False,Derived (Composition Model - Lead-driven),Simulated historical trend (see SOURCES.md for base-value citations)
31-07-2026,CRT,Punjab,Jalandhar,0.0,per kg,0.0,0.0,True,"Derived (Composition Model - Lead-driven, hazard-adjusted)",Simulated historical trend (see SOURCES.md for base-value citations)
31-07-2026,LCD,Punjab,Jalandhar,20.65,per kg,19.0,22.3,False,Derived (Composition Model - Aluminium-driven),Simulated historical trend (see SOURCES.md for base-value citations)
31-07-2026,Copper,Maharashtra,Mumbai,616.81,per kg,567.47,666.15,False,Derived (Formula from Metals.Dev API - MCX/LME-linked),Simulated historical trend (see SOURCES.md for base-value citations)
31-07-2026,Aluminium,Maharashtra,Mumbai,148.57,per kg,136.68,160.46,False,Derived (Formula from Metals.Dev API - MCX/LME-linked),Simulated historical trend (see SOURCES.md for base-value citations)
31-07-2026,Iron,Maharashtra,Mumbai,40.4,per kg,37.17,43.63,False,Derived (Formula from Metals.Dev API - MCX/LME-linked),Simulated historical trend (see SOURCES.md for base-value citations)
31-07-2026,Lead,Maharashtra,Mumbai,109.88,per kg,101.09,118.67,False,Derived (Formula from Metals.Dev API - MCX/LME-linked),Simulated historical trend (see SOURCES.md for base-value citations)
31-07-2026,PCB,Maharashtra,Mumbai,111.68,per kg,102.75,120.61,False,Derived (Composition Model - Copper-driven),Simulated historical trend (see SOURCES.md for base-value citations)
31-07-2026,Cable,Maharashtra,Mumbai,269.94,per kg,248.34,291.54,False,Derived (Composition Model - Copper-driven),Simulated historical trend (see SOURCES.md for base-value citations)
31-07-2026,Motor,Maharashtra,Mumbai,47.98,per kg,44.14,51.82,False,Derived (Composition Model - Copper-driven),Simulated historical trend (see SOURCES.md for base-value citations)
31-07-2026,Battery,Maharashtra,Mumbai,48.09,per kg,44.24,51.94,False,Derived (Composition Model - Lead-driven),Simulated historical trend (see SOURCES.md for base-value citations)
31-07-2026,CRT,Maharashtra,Mumbai,0.0,per kg,0.0,0.0,True,"Derived (Composition Model - Lead-driven, hazard-adjusted)",Simulated historical trend (see SOURCES.md for base-value citations)
31-07-2026,LCD,Maharashtra,Mumbai,19.74,per kg,18.16,21.32,False,Derived (Composition Model - Aluminium-driven),Simulated historical trend (see SOURCES.md for base-value citations)
31-07-2026,Copper,Maharashtra,Pune,595.31,per kg,547.69,642.93,False,Derived (Formula from Metals.Dev API - MCX/LME-linked),Simulated historical trend (see SOURCES.md for base-value citations)
31-07-2026,Aluminium,Maharashtra,Pune,148.49,per kg,136.61,160.37,False,Derived (Formula from Metals.Dev API - MCX/LME-linked),Simulated historical trend (see SOURCES.md for base-value citations)
31-07-2026,Iron,Maharashtra,Pune,39.8,per kg,36.62,42.98,False,Derived (Formula from Metals.Dev API - MCX/LME-linked),Simulated historical trend (see SOURCES.md for base-value citations)
31-07-2026,Lead,Maharashtra,Pune,110.17,per kg,101.36,118.98,False,Derived (Formula from Metals.Dev API - MCX/LME-linked),Simulated historical trend (see SOURCES.md for base-value citations)
31-07-2026,PCB,Maharashtra,Pune,112.81,per kg,103.79,121.83,False,Derived (Composition Model - Copper-driven),Simulated historical trend (see SOURCES.md for base-value citations)
31-07-2026,Cable,Maharashtra,Pune,238.55,per kg,219.47,257.63,False,Derived (Composition Model - Copper-driven),Simulated historical trend (see SOURCES.md for base-value citations)
31-07-2026,Motor,Maharashtra,Pune,51.01,per kg,46.93,55.09,False,Derived (Composition Model - Copper-driven),Simulated historical trend (see SOURCES.md for base-value citations)
31-07-2026,Battery,Maharashtra,Pune,39.19,per kg,36.05,42.33,False,Derived (Composition Model - Lead-driven),Simulated historical trend (see SOURCES.md for base-value citations)
31-07-2026,CRT,Maharashtra,Pune,0.0,per kg,0.0,0.0,True,"Derived (Composition Model - Lead-driven, hazard-adjusted)",Simulated historical trend (see SOURCES.md for base-value citations)
31-07-2026,LCD,Maharashtra,Pune,18.76,per kg,17.26,20.26,False,Derived (Composition Model - Aluminium-driven),Simulated historical trend (see SOURCES.md for base-value citations)
30-07-2026,Copper,Punjab,Ludhiana,600.58,per kg,552.53,648.63,False,Derived (Formula from Metals.Dev API - MCX/LME-linked),Simulated historical trend (see SOURCES.md for base-value citations)
30-07-2026,Aluminium,Punjab,Ludhiana,141.08,per kg,129.79,152.37,False,Derived (Formula from Metals.Dev API - MCX/LME-linked),Simulated historical trend (see SOURCES.md for base-value citations)
30-07-2026,Iron,Punjab,Ludhiana,34.98,per kg,32.18,37.78,False,Derived (Formula from Metals.Dev API - MCX/LME-linked),Simulated historical trend (see SOURCES.md for base-value citations)
30-07-2026,Lead,Punjab,Ludhiana,106.26,per kg,97.76,114.76,False,Derived (Formula from Metals.Dev API - MCX/LME-linked),Simulated historical trend (see SOURCES.md for base-value citations)
30-07-2026,PCB,Punjab,Ludhiana,120.17,per kg,110.56,129.78,False,Derived (Composition Model - Copper-driven),Simulated historical trend (see SOURCES.md for base-value citations)
30-07-2026,Cable,Punjab,Ludhiana,234.4,per kg,215.65,253.15,False,Derived (Composition Model - Copper-driven),Simulated historical trend (see SOURCES.md for base-value citations)
30-07-2026,Motor,Punjab,Ludhiana,51.76,per kg,47.62,55.9,False,Derived (Composition Model - Copper-driven),Simulated historical trend (see SOURCES.md for base-value citations)
30-07-2026,Battery,Punjab,Ludhiana,43.49,per kg,40.01,46.97,False,Derived (Composition Model - Lead-driven),Simulated historical trend (see SOURCES.md for base-value citations)
30-07-2026,CRT,Punjab,Ludhiana,0.0,per kg,0.0,0.0,True,"Derived (Composition Model - Lead-driven, hazard-adjusted)",Simulated historical trend (see SOURCES.md for base-value citations)
30-07-2026,LCD,Punjab,Ludhiana,19.06,per kg,17.54,20.58,False,Derived (Composition Model - Aluminium-driven),Simulated historical trend (see SOURCES.md for base-value citations)
30-07-2026,Copper,Punjab,Amritsar,619.71,per kg,570.13,669.29,False,Derived (Formula from Metals.Dev API - MCX/LME-linked),Simulated historical trend (see SOURCES.md for base-value citations)
30-07-2026,Aluminium,Punjab,Amritsar,147.06,per kg,135.3,158.82,False,Derived (Formula from Metals.Dev API - MCX/LME-linked),Simulated historical trend (see SOURCES.md for base-value citations)
30-07-2026,Iron,Punjab,Amritsar,39.03,per kg,35.91,42.15,False,Derived (Formula from Metals.Dev API - MCX/LME-linked),Simulated historical trend (see SOURCES.md for base-value citations)
30-07-2026,Lead,Punjab,Amritsar,95.5,per kg,87.86,103.14,False,Derived (Formula from Metals.Dev API - MCX/LME-linked),Simulated historical trend (see SOURCES.md for base-value citations)
30-07-2026,PCB,Punjab,Amritsar,108.12,per kg,99.47,116.77,False,Derived (Composition Model - Copper-driven),Simulated historical trend (see SOURCES.md for base-value citations)
30-07-2026,Cable,Punjab,Amritsar,261.57,per kg,240.64,282.5,False,Derived (Composition Model - Copper-driven),Simulated historical trend (see SOURCES.md for base-value citations)
30-07-2026,Motor,Punjab,Amritsar,52.12,per kg,47.95,56.29,False,Derived (Composition Model - Copper-driven),Simulated historical trend (see SOURCES.md for base-value citations)
30-07-2026,Battery,Punjab,Amritsar,46.13,per kg,42.44,49.82,False,Derived (Composition Model - Lead-driven),Simulated historical trend (see SOURCES.md for base-value citations)
30-07-2026,CRT,Punjab,Amritsar,0.0,per kg,0.0,0.0,True,"Derived (Composition Model - Lead-driven, hazard-adjusted)",Simulated historical trend (see SOURCES.md for base-value citations)
30-07-2026,LCD,Punjab,Amritsar,18.7,per kg,17.2,20.2,False,Derived (Composition Model - Aluminium-driven),Simulated historical trend (see SOURCES.md for base-value citations)
30-07-2026,Copper,Punjab,Jalandhar,582.21,per kg,535.63,628.79,False,Derived (Formula from Metals.Dev API - MCX/LME-linked),Simulated historical trend (see SOURCES.md for base-value citations)
30-07-2026,Aluminium,Punjab,Jalandhar,144.32,per kg,132.77,155.87,False,Derived (Formula from Metals.Dev API - MCX/LME-linked),Simulated historical trend (see SOURCES.md for base-value citations)
30-07-2026,Iron,Punjab,Jalandhar,37.51,per kg,34.51,40.51,False,Derived (Formula from Metals.Dev API - MCX/LME-linked),Simulated historical trend (see SOURCES.md for base-value citations)
30-07-2026,Lead,Punjab,Jalandhar,93.59,per kg,86.1,101.08,False,Derived (Formula from Metals.Dev API - MCX/LME-linked),Simulated historical trend (see SOURCES.md for base-value citations)
30-07-2026,PCB,Punjab,Jalandhar,108.42,per kg,99.75,117.09,False,Derived (Composition Model - Copper-driven),Simulated historical trend (see SOURCES.md for base-value citations)
30-07-2026,Cable,Punjab,Jalandhar,218.84,per kg,201.33,236.35,False,Derived (Composition Model - Copper-driven),Simulated historical trend (see SOURCES.md for base-value citations)
30-07-2026,Motor,Punjab,Jalandhar,44.19,per kg,40.65,47.73,False,Derived (Composition Model - Copper-driven),Simulated historical trend (see SOURCES.md for base-value citations)
30-07-2026,Battery,Punjab,Jalandhar,44.0,per kg,40.48,47.52,False,Derived (Composition Model - Lead-driven),Simulated historical trend (see SOURCES.md for base-value citations)
30-07-2026,CRT,Punjab,Jalandhar,0.0,per kg,0.0,0.0,True,"Derived (Composition Model - Lead-driven, hazard-adjusted)",Simulated historical trend (see SOURCES.md for base-value citations)
30-07-2026,LCD,Punjab,Jalandhar,17.69,per kg,16.27,19.11,False,Derived (Composition Model - Aluminium-driven),Simulated historical trend (see SOURCES.md for base-value citations)
30-07-2026,Copper,Maharashtra,Mumbai,606.09,per kg,557.6,654.58,False,Derived (Formula from Metals.Dev API - MCX/LME-linked),Simulated historical trend (see SOURCES.md for base-value citations)
30-07-2026,Aluminium,Maharashtra,Mumbai,159.06,per kg,146.34,171.78,False,Derived (Formula from Metals.Dev API - MCX/LME-linked),Simulated historical trend (see SOURCES.md for base-value citations)
30-07-2026,Iron,Maharashtra,Mumbai,36.37,per kg,33.46,39.28,False,Derived (Formula from Metals.Dev API - MCX/LME-linked),Simulated historical trend (see SOURCES.md for base-value citations)
30-07-2026,Lead,Maharashtra,Mumbai,97.42,per kg,89.63,105.21,False,Derived (Formula from Metals.Dev API - MCX/LME-linked),Simulated historical trend (see SOURCES.md for base-value citations)
30-07-2026,PCB,Maharashtra,Mumbai,116.73,per kg,107.39,126.07,False,Derived (Composition Model - Copper-driven),Simulated historical trend (see SOURCES.md for base-value citations)
30-07-2026,Cable,Maharashtra,Mumbai,280.35,per kg,257.92,302.78,False,Derived (Composition Model - Copper-driven),Simulated historical trend (see SOURCES.md for base-value citations)
30-07-2026,Motor,Maharashtra,Mumbai,46.22,per kg,42.52,49.92,False,Derived (Composition Model - Copper-driven),Simulated historical trend (see SOURCES.md for base-value citations)
30-07-2026,Battery,Maharashtra,Mumbai,45.63,per kg,41.98,49.28,False,Derived (Composition Model - Lead-driven),Simulated historical trend (see SOURCES.md for base-value citations)
30-07-2026,CRT,Maharashtra,Mumbai,0.0,per kg,0.0,0.0,True,"Derived (Composition Model - Lead-driven, hazard-adjusted)",Simulated historical trend (see SOURCES.md for base-value citations)
30-07-2026,LCD,Maharashtra,Mumbai,19.23,per kg,17.69,20.77,False,Derived (Composition Model - Aluminium-driven),Simulated historical trend (see SOURCES.md for base-value citations)
30-07-2026,Copper,Maharashtra,Pune,596.61,per kg,548.88,644.34,False,Derived (Formula from Metals.Dev API - MCX/LME-linked),Simulated historical trend (see SOURCES.md for base-value citations)
30-07-2026,Aluminium,Maharashtra,Pune,141.16,per kg,129.87,152.45,False,Derived (Formula from Metals.Dev API - MCX/LME-linked),Simulated historical trend (see SOURCES.md for base-value citations)
30-07-2026,Iron,Maharashtra,Pune,33.88,per kg,31.17,36.59,False,Derived (Formula from Metals.Dev API - MCX/LME-linked),Simulated historical trend (see SOURCES.md for base-value citations)
30-07-2026,Lead,Maharashtra,Pune,109.74,per kg,100.96,118.52,False,Derived (Formula from Metals.Dev API - MCX/LME-linked),Simulated historical trend (see SOURCES.md for base-value citations)
30-07-2026,PCB,Maharashtra,Pune,121.74,per kg,112.0,131.48,False,Derived (Composition Model - Copper-driven),Simulated historical trend (see SOURCES.md for base-value citations)
30-07-2026,Cable,Maharashtra,Pune,252.88,per kg,232.65,273.11,False,Derived (Composition Model - Copper-driven),Simulated historical trend (see SOURCES.md for base-value citations)
30-07-2026,Motor,Maharashtra,Pune,44.99,per kg,41.39,48.59,False,Derived (Composition Model - Copper-driven),Simulated historical trend (see SOURCES.md for base-value citations)
30-07-2026,Battery,Maharashtra,Pune,39.18,per kg,36.05,42.31,False,Derived (Composition Model - Lead-driven),Simulated historical trend (see SOURCES.md for base-value citations)
30-07-2026,CRT,Maharashtra,Pune,0.0,per kg,0.0,0.0,True,"Derived (Composition Model - Lead-driven, hazard-adjusted)",Simulated historical trend (see SOURCES.md for base-value citations)
30-07-2026,LCD,Maharashtra,Pune,21.96,per kg,20.2,23.72,False,Derived (Composition Model - Aluminium-driven),Simulated historical trend (see SOURCES.md for base-value citations)
29-07-2026,Copper,Punjab,Ludhiana,632.73,per kg,582.11,683.35,False,Derived (Formula from Metals.Dev API - MCX/LME-linked),Simulated historical trend (see SOURCES.md for base-value citations)
29-07-2026,Aluminium,Punjab,Ludhiana,154.62,per kg,142.25,166.99,False,Derived (Formula from Metals.Dev API - MCX/LME-linked),Simulated historical trend (see SOURCES.md for base-value citations)
29-07-2026,Iron,Punjab,Ludhiana,35.1,per kg,32.29,37.91,False,Derived (Formula from Metals.Dev API - MCX/LME-linked),Simulated historical trend (see SOURCES.md for base-value citations)
29-07-2026,Lead,Punjab,Ludhiana,94.3,per kg,86.76,101.84,False,Derived (Formula from Metals.Dev API - MCX/LME-linked),Simulated historical trend (see SOURCES.md for base-value citations)
29-07-2026,PCB,Punjab,Ludhiana,100.95,per kg,92.87,109.03,False,Derived (Composition Model - Copper-driven),Simulated historical trend (see SOURCES.md for base-value citations)
29-07-2026,Cable,Punjab,Ludhiana,239.82,per kg,220.63,259.01,False,Derived (Composition Model - Copper-driven),Simulated historical trend (see SOURCES.md for base-value citations)
29-07-2026,Motor,Punjab,Ludhiana,44.91,per kg,41.32,48.5,False,Derived (Composition Model - Copper-driven),Simulated historical trend (see SOURCES.md for base-value citations)
29-07-2026,Battery,Punjab,Ludhiana,40.98,per kg,37.7,44.26,False,Derived (Composition Model - Lead-driven),Simulated historical trend (see SOURCES.md for base-value citations)
29-07-2026,CRT,Punjab,Ludhiana,0.0,per kg,0.0,0.0,True,"Derived (Composition Model - Lead-driven, hazard-adjusted)",Simulated historical trend (see SOURCES.md for base-value citations)
29-07-2026,LCD,Punjab,Ludhiana,18.86,per kg,17.35,20.37,False,Derived (Composition Model - Aluminium-driven),Simulated historical trend (see SOURCES.md for base-value citations)
29-07-2026,Copper,Punjab,Amritsar,581.29,per kg,534.79,627.79,False,Derived (Formula from Metals.Dev API - MCX/LME-linked),Simulated historical trend (see SOURCES.md for base-value citations)
29-07-2026,Aluminium,Punjab,Amritsar,144.5,per kg,132.94,156.06,False,Derived (Formula from Metals.Dev API - MCX/LME-linked),Simulated historical trend (see SOURCES.md for base-value citations)
29-07-2026,Iron,Punjab,Amritsar,36.56,per kg,33.64,39.48,False,Derived (Formula from Metals.Dev API - MCX/LME-linked),Simulated historical trend (see SOURCES.md for base-value citations)
29-07-2026,Lead,Punjab,Amritsar,105.24,per kg,96.82,113.66,False,Derived (Formula from Metals.Dev API - MCX/LME-linked),Simulated historical trend (see SOURCES.md for base-value citations)
29-07-2026,PCB,Punjab,Amritsar,122.25,per kg,112.47,132.03,False,Derived (Composition Model - Copper-driven),Simulated historical trend (see SOURCES.md for base-value citations)
29-07-2026,Cable,Punjab,Amritsar,256.67,per kg,236.14,277.2,False,Derived (Composition Model - Copper-driven),Simulated historical trend (see SOURCES.md for base-value citations)
29-07-2026,Motor,Punjab,Amritsar,46.76,per kg,43.02,50.5,False,Derived (Composition Model - Copper-driven),Simulated historical trend (see SOURCES.md for base-value citations)
29-07-2026,Battery,Punjab,Amritsar,46.9,per kg,43.15,50.65,False,Derived (Composition Model - Lead-driven),Simulated historical trend (see SOURCES.md for base-value citations)
29-07-2026,CRT,Punjab,Amritsar,0.0,per kg,0.0,0.0,True,"Derived (Composition Model - Lead-driven, hazard-adjusted)",Simulated historical trend (see SOURCES.md for base-value citations)
29-07-2026,LCD,Punjab,Amritsar,18.93,per kg,17.42,20.44,False,Derived (Composition Model - Aluminium-driven),Simulated historical trend (see SOURCES.md for base-value citations)
29-07-2026,Copper,Punjab,Jalandhar,590.15,per kg,542.94,637.36,False,Derived (Formula from Metals.Dev API - MCX/LME-linked),Simulated historical trend (see SOURCES.md for base-value citations)
29-07-2026,Aluminium,Punjab,Jalandhar,143.22,per kg,131.76,154.68,False,Derived (Formula from Metals.Dev API - MCX/LME-linked),Simulated historical trend (see SOURCES.md for base-value citations)
29-07-2026,Iron,Punjab,Jalandhar,34.66,per kg,31.89,37.43,False,Derived (Formula from Metals.Dev API - MCX/LME-linked),Simulated historical trend (see SOURCES.md for base-value citations)
29-07-2026,Lead,Punjab,Jalandhar,88.13,per kg,81.08,95.18,False,Derived (Formula from Metals.Dev API - MCX/LME-linked),Simulated historical trend (see SOURCES.md for base-value citations)
29-07-2026,PCB,Punjab,Jalandhar,112.37,per kg,103.38,121.36,False,Derived (Composition Model - Copper-driven),Simulated historical trend (see SOURCES.md for base-value citations)
29-07-2026,Cable,Punjab,Jalandhar,238.52,per kg,219.44,257.6,False,Derived (Composition Model - Copper-driven),Simulated historical trend (see SOURCES.md for base-value citations)
29-07-2026,Motor,Punjab,Jalandhar,47.23,per kg,43.45,51.01,False,Derived (Composition Model - Copper-driven),Simulated historical trend (see SOURCES.md for base-value citations)
29-07-2026,Battery,Punjab,Jalandhar,39.81,per kg,36.63,42.99,False,Derived (Composition Model - Lead-driven),Simulated historical trend (see SOURCES.md for base-value citations)
29-07-2026,CRT,Punjab,Jalandhar,0.0,per kg,0.0,0.0,True,"Derived (Composition Model - Lead-driven, hazard-adjusted)",Simulated historical trend (see SOURCES.md for base-value citations)
29-07-2026,LCD,Punjab,Jalandhar,20.56,per kg,18.92,22.2,False,Derived (Composition Model - Aluminium-driven),Simulated historical trend (see SOURCES.md for base-value citations)
29-07-2026,Copper,Maharashtra,Mumbai,621.29,per kg,571.59,670.99,False,Derived (Formula from Metals.Dev API - MCX/LME-linked),Simulated historical trend (see SOURCES.md for base-value citations)
29-07-2026,Aluminium,Maharashtra,Mumbai,144.14,per kg,132.61,155.67,False,Derived (Formula from Metals.Dev API - MCX/LME-linked),Simulated historical trend (see SOURCES.md for base-value citations)
29-07-2026,Iron,Maharashtra,Mumbai,38.91,per kg,35.8,42.02,False,Derived (Formula from Metals.Dev API - MCX/LME-linked),Simulated historical trend (see SOURCES.md for base-value citations)
29-07-2026,Lead,Maharashtra,Mumbai,109.49,per kg,100.73,118.25,False,Derived (Formula from Metals.Dev API - MCX/LME-linked),Simulated historical trend (see SOURCES.md for base-value citations)
29-07-2026,PCB,Maharashtra,Mumbai,116.7,per kg,107.36,126.04,False,Derived (Composition Model - Copper-driven),Simulated historical trend (see SOURCES.md for base-value citations)
29-07-2026,Cable,Maharashtra,Mumbai,233.57,per kg,214.88,252.26,False,Derived (Composition Model - Copper-driven),Simulated historical trend (see SOURCES.md for base-value citations)
29-07-2026,Motor,Maharashtra,Mumbai,48.43,per kg,44.56,52.3,False,Derived (Composition Model - Copper-driven),Simulated historical trend (see SOURCES.md for base-value citations)
29-07-2026,Battery,Maharashtra,Mumbai,42.83,per kg,39.4,46.26,False,Derived (Composition Model - Lead-driven),Simulated historical trend (see SOURCES.md for base-value citations)
29-07-2026,CRT,Maharashtra,Mumbai,0.0,per kg,0.0,0.0,True,"Derived (Composition Model - Lead-driven, hazard-adjusted)",Simulated historical trend (see SOURCES.md for base-value citations)
29-07-2026,LCD,Maharashtra,Mumbai,20.84,per kg,19.17,22.51,False,Derived (Composition Model - Aluminium-driven),Simulated historical trend (see SOURCES.md for base-value citations)
29-07-2026,Copper,Maharashtra,Pune,699.52,per kg,643.56,755.48,False,Derived (Formula from Metals.Dev API - MCX/LME-linked),Simulated historical trend (see SOURCES.md for base-value citations)
29-07-2026,Aluminium,Maharashtra,Pune,138.22,per kg,127.16,149.28,False,Derived (Formula from Metals.Dev API - MCX/LME-linked),Simulated historical trend (see SOURCES.md for base-value citations)
29-07-2026,Iron,Maharashtra,Pune,33.81,per kg,31.11,36.51,False,Derived (Formula from Metals.Dev API - MCX/LME-linked),Simulated historical trend (see SOURCES.md for base-value citations)
29-07-2026,Lead,Maharashtra,Pune,101.57,per kg,93.44,109.7,False,Derived (Formula from Metals.Dev API - MCX/LME-linked),Simulated historical trend (see SOURCES.md for base-value citations)
29-07-2026,PCB,Maharashtra,Pune,110.36,per kg,101.53,119.19,False,Derived (Composition Model - Copper-driven),Simulated historical trend (see SOURCES.md for base-value citations)
29-07-2026,Cable,Maharashtra,Pune,257.98,per kg,237.34,278.62,False,Derived (Composition Model - Copper-driven),Simulated historical trend (see SOURCES.md for base-value citations)
29-07-2026,Motor,Maharashtra,Pune,53.08,per kg,48.83,57.33,False,Derived (Composition Model - Copper-driven),Simulated historical trend (see SOURCES.md for base-value citations)
29-07-2026,Battery,Maharashtra,Pune,47.16,per kg,43.39,50.93,False,Derived (Composition Model - Lead-driven),Simulated historical trend (see SOURCES.md for base-value citations)
29-07-2026,CRT,Maharashtra,Pune,0.0,per kg,0.0,0.0,True,"Derived (Composition Model - Lead-driven, hazard-adjusted)",Simulated historical trend (see SOURCES.md for base-value citations)
29-07-2026,LCD,Maharashtra,Pune,19.99,per kg,18.39,21.59,False,Derived (Composition Model - Aluminium-driven),Simulated historical trend (see SOURCES.md for base-value citations)
28-07-2026,Copper,Punjab,Ludhiana,639.23,per kg,588.09,690.37,False,Derived (Formula from Metals.Dev API - MCX/LME-linked),Simulated historical trend (see SOURCES.md for base-value citations)
28-07-2026,Aluminium,Punjab,Ludhiana,151.55,per kg,139.43,163.67,False,Derived (Formula from Metals.Dev API - MCX/LME-linked),Simulated historical trend (see SOURCES.md for base-value citations)
28-07-2026,Iron,Punjab,Ludhiana,37.02,per kg,34.06,39.98,False,Derived (Formula from Metals.Dev API - MCX/LME-linked),Simulated historical trend (see SOURCES.md for base-value citations)
28-07-2026,Lead,Punjab,Ludhiana,93.6,per kg,86.11,101.09,False,Derived (Formula from Metals.Dev API - MCX/LME-linked),Simulated historical trend (see SOURCES.md for base-value citations)
28-07-2026,PCB,Punjab,Ludhiana,118.23,per kg,108.77,127.69,False,Derived (Composition Model - Copper-driven),Simulated historical trend (see SOURCES.md for base-value citations)
28-07-2026,Cable,Punjab,Ludhiana,271.59,per kg,249.86,293.32,False,Derived (Composition Model - Copper-driven),Simulated historical trend (see SOURCES.md for base-value citations)
28-07-2026,Motor,Punjab,Ludhiana,50.35,per kg,46.32,54.38,False,Derived (Composition Model - Copper-driven),Simulated historical trend (see SOURCES.md for base-value citations)
28-07-2026,Battery,Punjab,Ludhiana,40.06,per kg,36.86,43.26,False,Derived (Composition Model - Lead-driven),Simulated historical trend (see SOURCES.md for base-value citations)
28-07-2026,CRT,Punjab,Ludhiana,0.0,per kg,0.0,0.0,True,"Derived (Composition Model - Lead-driven, hazard-adjusted)",Simulated historical trend (see SOURCES.md for base-value citations)
28-07-2026,LCD,Punjab,Ludhiana,22.28,per kg,20.5,24.06,False,Derived (Composition Model - Aluminium-driven),Simulated historical trend (see SOURCES.md for base-value citations)
28-07-2026,Copper,Punjab,Amritsar,700.87,per kg,644.8,756.94,False,Derived (Formula from Metals.Dev API - MCX/LME-linked),Simulated historical trend (see SOURCES.md for base-value citations)
28-07-2026,Aluminium,Punjab,Amritsar,143.05,per kg,131.61,154.49,False,Derived (Formula from Metals.Dev API - MCX/LME-linked),Simulated historical trend (see SOURCES.md for base-value citations)
28-07-2026,Iron,Punjab,Amritsar,37.6,per kg,34.59,40.61,False,Derived (Formula from Metals.Dev API - MCX/LME-linked),Simulated historical trend (see SOURCES.md for base-value citations)
28-07-2026,Lead,Punjab,Amritsar,102.45,per kg,94.25,110.65,False,Derived (Formula from Metals.Dev API - MCX/LME-linked),Simulated historical trend (see SOURCES.md for base-value citations)
28-07-2026,PCB,Punjab,Amritsar,120.2,per kg,110.58,129.82,False,Derived (Composition Model - Copper-driven),Simulated historical trend (see SOURCES.md for base-value citations)
28-07-2026,Cable,Punjab,Amritsar,227.88,per kg,209.65,246.11,False,Derived (Composition Model - Copper-driven),Simulated historical trend (see SOURCES.md for base-value citations)
28-07-2026,Motor,Punjab,Amritsar,45.4,per kg,41.77,49.03,False,Derived (Composition Model - Copper-driven),Simulated historical trend (see SOURCES.md for base-value citations)
28-07-2026,Battery,Punjab,Amritsar,42.03,per kg,38.67,45.39,False,Derived (Composition Model - Lead-driven),Simulated historical trend (see SOURCES.md for base-value citations)
28-07-2026,CRT,Punjab,Amritsar,0.0,per kg,0.0,0.0,True,"Derived (Composition Model - Lead-driven, hazard-adjusted)",Simulated historical trend (see SOURCES.md for base-value citations)
28-07-2026,LCD,Punjab,Amritsar,22.55,per kg,20.75,24.35,False,Derived (Composition Model - Aluminium-driven),Simulated historical trend (see SOURCES.md for base-value citations)
28-07-2026,Copper,Punjab,Jalandhar,626.58,per kg,576.45,676.71,False,Derived (Formula from Metals.Dev API - MCX/LME-linked),Simulated historical trend (see SOURCES.md for base-value citations)
28-07-2026,Aluminium,Punjab,Jalandhar,153.07,per kg,140.82,165.32,False,Derived (Formula from Metals.Dev API - MCX/LME-linked),Simulated historical trend (see SOURCES.md for base-value citations)
28-07-2026,Iron,Punjab,Jalandhar,35.57,per kg,32.72,38.42,False,Derived (Formula from Metals.Dev API - MCX/LME-linked),Simulated historical trend (see SOURCES.md for base-value citations)
28-07-2026,Lead,Punjab,Jalandhar,95.05,per kg,87.45,102.65,False,Derived (Formula from Metals.Dev API - MCX/LME-linked),Simulated historical trend (see SOURCES.md for base-value citations)
28-07-2026,PCB,Punjab,Jalandhar,111.98,per kg,103.02,120.94,False,Derived (Composition Model - Copper-driven),Simulated historical trend (see SOURCES.md for base-value citations)
28-07-2026,Cable,Punjab,Jalandhar,259.62,per kg,238.85,280.39,False,Derived (Composition Model - Copper-driven),Simulated historical trend (see SOURCES.md for base-value citations)
28-07-2026,Motor,Punjab,Jalandhar,47.91,per kg,44.08,51.74,False,Derived (Composition Model - Copper-driven),Simulated historical trend (see SOURCES.md for base-value citations)
28-07-2026,Battery,Punjab,Jalandhar,41.99,per kg,38.63,45.35,False,Derived (Composition Model - Lead-driven),Simulated historical trend (see SOURCES.md for base-value citations)
28-07-2026,CRT,Punjab,Jalandhar,0.0,per kg,0.0,0.0,True,"Derived (Composition Model - Lead-driven, hazard-adjusted)",Simulated historical trend (see SOURCES.md for base-value citations)
28-07-2026,LCD,Punjab,Jalandhar,18.16,per kg,16.71,19.61,False,Derived (Composition Model - Aluminium-driven),Simulated historical trend (see SOURCES.md for base-value citations)
28-07-2026,Copper,Maharashtra,Mumbai,657.93,per kg,605.3,710.56,False,Derived (Formula from Metals.Dev API - MCX/LME-linked),Simulated historical trend (see SOURCES.md for base-value citations)
28-07-2026,Aluminium,Maharashtra,Mumbai,155.51,per kg,143.07,167.95,False,Derived (Formula from Metals.Dev API - MCX/LME-linked),Simulated historical trend (see SOURCES.md for base-value citations)
28-07-2026,Iron,Maharashtra,Mumbai,36.25,per kg,33.35,39.15,False,Derived (Formula from Metals.Dev API - MCX/LME-linked),Simulated historical trend (see SOURCES.md for base-value citations)
28-07-2026,Lead,Maharashtra,Mumbai,102.69,per kg,94.47,110.91,False,Derived (Formula from Metals.Dev API - MCX/LME-linked),Simulated historical trend (see SOURCES.md for base-value citations)
28-07-2026,PCB,Maharashtra,Mumbai,105.51,per kg,97.07,113.95,False,Derived (Composition Model - Copper-driven),Simulated historical trend (see SOURCES.md for base-value citations)
28-07-2026,Cable,Maharashtra,Mumbai,238.66,per kg,219.57,257.75,False,Derived (Composition Model - Copper-driven),Simulated historical trend (see SOURCES.md for base-value citations)
28-07-2026,Motor,Maharashtra,Mumbai,46.58,per kg,42.85,50.31,False,Derived (Composition Model - Copper-driven),Simulated historical trend (see SOURCES.md for base-value citations)
28-07-2026,Battery,Maharashtra,Mumbai,40.25,per kg,37.03,43.47,False,Derived (Composition Model - Lead-driven),Simulated historical trend (see SOURCES.md for base-value citations)
28-07-2026,CRT,Maharashtra,Mumbai,0.0,per kg,0.0,0.0,True,"Derived (Composition Model - Lead-driven, hazard-adjusted)",Simulated historical trend (see SOURCES.md for base-value citations)
28-07-2026,LCD,Maharashtra,Mumbai,20.71,per kg,19.05,22.37,False,Derived (Composition Model - Aluminium-driven),Simulated historical trend (see SOURCES.md for base-value citations)
28-07-2026,Copper,Maharashtra,Pune,659.72,per kg,606.94,712.5,False,Derived (Formula from Metals.Dev API - MCX/LME-linked),Simulated historical trend (see SOURCES.md for base-value citations)
28-07-2026,Aluminium,Maharashtra,Pune,165.03,per kg,151.83,178.23,False,Derived (Formula from Metals.Dev API - MCX/LME-linked),Simulated historical trend (see SOURCES.md for base-value citations)
28-07-2026,Iron,Maharashtra,Pune,37.86,per kg,34.83,40.89,False,Derived (Formula from Metals.Dev API - MCX/LME-linked),Simulated historical trend (see SOURCES.md for base-value citations)
28-07-2026,Lead,Maharashtra,Pune,107.98,per kg,99.34,116.62,False,Derived (Formula from Metals.Dev API - MCX/LME-linked),Simulated historical trend (see SOURCES.md for base-value citations)
28-07-2026,PCB,Maharashtra,Pune,105.3,per kg,96.88,113.72,False,Derived (Composition Model - Copper-driven),Simulated historical trend (see SOURCES.md for base-value citations)
28-07-2026,Cable,Maharashtra,Pune,256.97,per kg,236.41,277.53,False,Derived (Composition Model - Copper-driven),Simulated historical trend (see SOURCES.md for base-value citations)
28-07-2026,Motor,Maharashtra,Pune,44.93,per kg,41.34,48.52,False,Derived (Composition Model - Copper-driven),Simulated historical trend (see SOURCES.md for base-value citations)
28-07-2026,Battery,Maharashtra,Pune,41.61,per kg,38.28,44.94,False,Derived (Composition Model - Lead-driven),Simulated historical trend (see SOURCES.md for base-value citations)
28-07-2026,CRT,Maharashtra,Pune,0.0,per kg,0.0,0.0,True,"Derived (Composition Model - Lead-driven, hazard-adjusted)",Simulated historical trend (see SOURCES.md for base-value citations)
28-07-2026,LCD,Maharashtra,Pune,21.28,per kg,19.58,22.98,False,Derived (Composition Model - Aluminium-driven),Simulated historical trend (see SOURCES.md for base-value citations)
27-07-2026,Copper,Punjab,Ludhiana,615.75,per kg,566.49,665.01,False,Derived (Formula from Metals.Dev API - MCX/LME-linked),Simulated historical trend (see SOURCES.md for base-value citations)
27-07-2026,Aluminium,Punjab,Ludhiana,163.38,per kg,150.31,176.45,False,Derived (Formula from Metals.Dev API - MCX/LME-linked),Simulated historical trend (see SOURCES.md for base-value citations)
27-07-2026,Iron,Punjab,Ludhiana,38.89,per kg,35.78,42.0,False,Derived (Formula from Metals.Dev API - MCX/LME-linked),Simulated historical trend (see SOURCES.md for base-value citations)
27-07-2026,Lead,Punjab,Ludhiana,103.47,per kg,95.19,111.75,False,Derived (Formula from Metals.Dev API - MCX/LME-linked),Simulated historical trend (see SOURCES.md for base-value citations)
27-07-2026,PCB,Punjab,Ludhiana,118.54,per kg,109.06,128.02,False,Derived (Composition Model - Copper-driven),Simulated historical trend (see SOURCES.md for base-value citations)
27-07-2026,Cable,Punjab,Ludhiana,271.28,per kg,249.58,292.98,False,Derived (Composition Model - Copper-driven),Simulated historical trend (see SOURCES.md for base-value citations)
27-07-2026,Motor,Punjab,Ludhiana,47.39,per kg,43.6,51.18,False,Derived (Composition Model - Copper-driven),Simulated historical trend (see SOURCES.md for base-value citations)
27-07-2026,Battery,Punjab,Ludhiana,39.0,per kg,35.88,42.12,False,Derived (Composition Model - Lead-driven),Simulated historical trend (see SOURCES.md for base-value citations)
27-07-2026,CRT,Punjab,Ludhiana,0.0,per kg,0.0,0.0,True,"Derived (Composition Model - Lead-driven, hazard-adjusted)",Simulated historical trend (see SOURCES.md for base-value citations)
27-07-2026,LCD,Punjab,Ludhiana,18.44,per kg,16.96,19.92,False,Derived (Composition Model - Aluminium-driven),Simulated historical trend (see SOURCES.md for base-value citations)
27-07-2026,Copper,Punjab,Amritsar,635.5,per kg,584.66,686.34,False,Derived (Formula from Metals.Dev API - MCX/LME-linked),Simulated historical trend (see SOURCES.md for base-value citations)
27-07-2026,Aluminium,Punjab,Amritsar,158.59,per kg,145.9,171.28,False,Derived (Formula from Metals.Dev API - MCX/LME-linked),Simulated historical trend (see SOURCES.md for base-value citations)
27-07-2026,Iron,Punjab,Amritsar,37.34,per kg,34.35,40.33,False,Derived (Formula from Metals.Dev API - MCX/LME-linked),Simulated historical trend (see SOURCES.md for base-value citations)
27-07-2026,Lead,Punjab,Amritsar,106.47,per kg,97.95,114.99,False,Derived (Formula from Metals.Dev API - MCX/LME-linked),Simulated historical trend (see SOURCES.md for base-value citations)
27-07-2026,PCB,Punjab,Amritsar,102.65,per kg,94.44,110.86,False,Derived (Composition Model - Copper-driven),Simulated historical trend (see SOURCES.md for base-value citations)
27-07-2026,Cable,Punjab,Amritsar,250.06,per kg,230.06,270.06,False,Derived (Composition Model - Copper-driven),Simulated historical trend (see SOURCES.md for base-value citations)
27-07-2026,Motor,Punjab,Amritsar,46.71,per kg,42.97,50.45,False,Derived (Composition Model - Copper-driven),Simulated historical trend (see SOURCES.md for base-value citations)
27-07-2026,Battery,Punjab,Amritsar,42.43,per kg,39.04,45.82,False,Derived (Composition Model - Lead-driven),Simulated historical trend (see SOURCES.md for base-value citations)
27-07-2026,CRT,Punjab,Amritsar,0.0,per kg,0.0,0.0,True,"Derived (Composition Model - Lead-driven, hazard-adjusted)",Simulated historical trend (see SOURCES.md for base-value citations)
27-07-2026,LCD,Punjab,Amritsar,21.63,per kg,19.9,23.36,False,Derived (Composition Model - Aluminium-driven),Simulated historical trend (see SOURCES.md for base-value citations)
27-07-2026,Copper,Punjab,Jalandhar,583.83,per kg,537.12,630.54,False,Derived (Formula from Metals.Dev API - MCX/LME-linked),Simulated historical trend (see SOURCES.md for base-value citations)
27-07-2026,Aluminium,Punjab,Jalandhar,138.83,per kg,127.72,149.94,False,Derived (Formula from Metals.Dev API - MCX/LME-linked),Simulated historical trend (see SOURCES.md for base-value citations)
27-07-2026,Iron,Punjab,Jalandhar,31.71,per kg,29.17,34.25,False,Derived (Formula from Metals.Dev API - MCX/LME-linked),Simulated historical trend (see SOURCES.md for base-value citations)
27-07-2026,Lead,Punjab,Jalandhar,102.84,per kg,94.61,111.07,False,Derived (Formula from Metals.Dev API - MCX/LME-linked),Simulated historical trend (see SOURCES.md for base-value citations)
27-07-2026,PCB,Punjab,Jalandhar,104.11,per kg,95.78,112.44,False,Derived (Composition Model - Copper-driven),Simulated historical trend (see SOURCES.md for base-value citations)
27-07-2026,Cable,Punjab,Jalandhar,233.97,per kg,215.25,252.69,False,Derived (Composition Model - Copper-driven),Simulated historical trend (see SOURCES.md for base-value citations)
27-07-2026,Motor,Punjab,Jalandhar,41.06,per kg,37.78,44.34,False,Derived (Composition Model - Copper-driven),Simulated historical trend (see SOURCES.md for base-value citations)
27-07-2026,Battery,Punjab,Jalandhar,39.98,per kg,36.78,43.18,False,Derived (Composition Model - Lead-driven),Simulated historical trend (see SOURCES.md for base-value citations)
27-07-2026,CRT,Punjab,Jalandhar,0.0,per kg,0.0,0.0,True,"Derived (Composition Model - Lead-driven, hazard-adjusted)",Simulated historical trend (see SOURCES.md for base-value citations)
27-07-2026,LCD,Punjab,Jalandhar,20.35,per kg,18.72,21.98,False,Derived (Composition Model - Aluminium-driven),Simulated historical trend (see SOURCES.md for base-value citations)
27-07-2026,Copper,Maharashtra,Mumbai,659.63,per kg,606.86,712.4,False,Derived (Formula from Metals.Dev API - MCX/LME-linked),Simulated historical trend (see SOURCES.md for base-value citations)
27-07-2026,Aluminium,Maharashtra,Mumbai,146.41,per kg,134.7,158.12,False,Derived (Formula from Metals.Dev API - MCX/LME-linked),Simulated historical trend (see SOURCES.md for base-value citations)
27-07-2026,Iron,Maharashtra,Mumbai,39.06,per kg,35.94,42.18,False,Derived (Formula from Metals.Dev API - MCX/LME-linked),Simulated historical trend (see SOURCES.md for base-value citations)
27-07-2026,Lead,Maharashtra,Mumbai,109.29,per kg,100.55,118.03,False,Derived (Formula from Metals.Dev API - MCX/LME-linked),Simulated historical trend (see SOURCES.md for base-value citations)
27-07-2026,PCB,Maharashtra,Mumbai,123.29,per kg,113.43,133.15,False,Derived (Composition Model - Copper-driven),Simulated historical trend (see SOURCES.md for base-value citations)
27-07-2026,Cable,Maharashtra,Mumbai,260.91,per kg,240.04,281.78,False,Derived (Composition Model - Copper-driven),Simulated historical trend (see SOURCES.md for base-value citations)
27-07-2026,Motor,Maharashtra,Mumbai,46.37,per kg,42.66,50.08,False,Derived (Composition Model - Copper-driven),Simulated historical trend (see SOURCES.md for base-value citations)
27-07-2026,Battery,Maharashtra,Mumbai,40.48,per kg,37.24,43.72,False,Derived (Composition Model - Lead-driven),Simulated historical trend (see SOURCES.md for base-value citations)
27-07-2026,CRT,Maharashtra,Mumbai,0.0,per kg,0.0,0.0,True,"Derived (Composition Model - Lead-driven, hazard-adjusted)",Simulated historical trend (see SOURCES.md for base-value citations)
27-07-2026,LCD,Maharashtra,Mumbai,20.13,per kg,18.52,21.74,False,Derived (Composition Model - Aluminium-driven),Simulated historical trend (see SOURCES.md for base-value citations)
27-07-2026,Copper,Maharashtra,Pune,674.63,per kg,620.66,728.6,False,Derived (Formula from Metals.Dev API - MCX/LME-linked),Simulated historical trend (see SOURCES.md for base-value citations)
27-07-2026,Aluminium,Maharashtra,Pune,147.08,per kg,135.31,158.85,False,Derived (Formula from Metals.Dev API - MCX/LME-linked),Simulated historical trend (see SOURCES.md for base-value citations)
27-07-2026,Iron,Maharashtra,Pune,38.16,per kg,35.11,41.21,False,Derived (Formula from Metals.Dev API - MCX/LME-linked),Simulated historical trend (see SOURCES.md for base-value citations)
27-07-2026,Lead,Maharashtra,Pune,106.89,per kg,98.34,115.44,False,Derived (Formula from Metals.Dev API - MCX/LME-linked),Simulated historical trend (see SOURCES.md for base-value citations)
27-07-2026,PCB,Maharashtra,Pune,109.68,per kg,100.91,118.45,False,Derived (Composition Model - Copper-driven),Simulated historical trend (see SOURCES.md for base-value citations)
27-07-2026,Cable,Maharashtra,Pune,254.9,per kg,234.51,275.29,False,Derived (Composition Model - Copper-driven),Simulated historical trend (see SOURCES.md for base-value citations)
27-07-2026,Motor,Maharashtra,Pune,46.63,per kg,42.9,50.36,False,Derived (Composition Model - Copper-driven),Simulated historical trend (see SOURCES.md for base-value citations)
27-07-2026,Battery,Maharashtra,Pune,39.96,per kg,36.76,43.16,False,Derived (Composition Model - Lead-driven),Simulated historical trend (see SOURCES.md for base-value citations)
27-07-2026,CRT,Maharashtra,Pune,0.0,per kg,0.0,0.0,True,"Derived (Composition Model - Lead-driven, hazard-adjusted)",Simulated historical trend (see SOURCES.md for base-value citations)
27-07-2026,LCD,Maharashtra,Pune,21.14,per kg,19.45,22.83,False,Derived (Composition Model - Aluminium-driven),Simulated historical trend (see SOURCES.md for base-value citations)
26-07-2026,Copper,Punjab,Ludhiana,597.01,per kg,549.25,644.77,False,Derived (Formula from Metals.Dev API - MCX/LME-linked),Simulated historical trend (see SOURCES.md for base-value citations)
26-07-2026,Aluminium,Punjab,Ludhiana,153.65,per kg,141.36,165.94,False,Derived (Formula from Metals.Dev API - MCX/LME-linked),Simulated historical trend (see SOURCES.md for base-value citations)
26-07-2026,Iron,Punjab,Ludhiana,36.76,per kg,33.82,39.7,False,Derived (Formula from Metals.Dev API - MCX/LME-linked),Simulated historical trend (see SOURCES.md for base-value citations)
26-07-2026,Lead,Punjab,Ludhiana,91.58,per kg,84.25,98.91,False,Derived (Formula from Metals.Dev API - MCX/LME-linked),Simulated historical trend (see SOURCES.md for base-value citations)
26-07-2026,PCB,Punjab,Ludhiana,100.15,per kg,92.14,108.16,False,Derived (Composition Model - Copper-driven),Simulated historical trend (see SOURCES.md for base-value citations)
26-07-2026,Cable,Punjab,Ludhiana,230.92,per kg,212.45,249.39,False,Derived (Composition Model - Copper-driven),Simulated historical trend (see SOURCES.md for base-value citations)
26-07-2026,Motor,Punjab,Ludhiana,46.51,per kg,42.79,50.23,False,Derived (Composition Model - Copper-driven),Simulated historical trend (see SOURCES.md for base-value citations)
26-07-2026,Battery,Punjab,Ludhiana,43.46,per kg,39.98,46.94,False,Derived (Composition Model - Lead-driven),Simulated historical trend (see SOURCES.md for base-value citations)
26-07-2026,CRT,Punjab,Ludhiana,0.0,per kg,0.0,0.0,True,"Derived (Composition Model - Lead-driven, hazard-adjusted)",Simulated historical trend (see SOURCES.md for base-value citations)
26-07-2026,LCD,Punjab,Ludhiana,20.43,per kg,18.8,22.06,False,Derived (Composition Model - Aluminium-driven),Simulated historical trend (see SOURCES.md for base-value citations)
26-07-2026,Copper,Punjab,Amritsar,619.47,per kg,569.91,669.03,False,Derived (Formula from Metals.Dev API - MCX/LME-linked),Simulated historical trend (see SOURCES.md for base-value citations)
26-07-2026,Aluminium,Punjab,Amritsar,153.24,per kg,140.98,165.5,False,Derived (Formula from Metals.Dev API - MCX/LME-linked),Simulated historical trend (see SOURCES.md for base-value citations)
26-07-2026,Iron,Punjab,Amritsar,37.92,per kg,34.89,40.95,False,Derived (Formula from Metals.Dev API - MCX/LME-linked),Simulated historical trend (see SOURCES.md for base-value citations)
26-07-2026,Lead,Punjab,Amritsar,105.9,per kg,97.43,114.37,False,Derived (Formula from Metals.Dev API - MCX/LME-linked),Simulated historical trend (see SOURCES.md for base-value citations)
26-07-2026,PCB,Punjab,Amritsar,109.23,per kg,100.49,117.97,False,Derived (Composition Model - Copper-driven),Simulated historical trend (see SOURCES.md for base-value citations)
26-07-2026,Cable,Punjab,Amritsar,233.12,per kg,214.47,251.77,False,Derived (Composition Model - Copper-driven),Simulated historical trend (see SOURCES.md for base-value citations)
26-07-2026,Motor,Punjab,Amritsar,46.86,per kg,43.11,50.61,False,Derived (Composition Model - Copper-driven),Simulated historical trend (see SOURCES.md for base-value citations)
26-07-2026,Battery,Punjab,Amritsar,43.94,per kg,40.42,47.46,False,Derived (Composition Model - Lead-driven),Simulated historical trend (see SOURCES.md for base-value citations)
26-07-2026,CRT,Punjab,Amritsar,0.0,per kg,0.0,0.0,True,"Derived (Composition Model - Lead-driven, hazard-adjusted)",Simulated historical trend (see SOURCES.md for base-value citations)
26-07-2026,LCD,Punjab,Amritsar,20.73,per kg,19.07,22.39,False,Derived (Composition Model - Aluminium-driven),Simulated historical trend (see SOURCES.md for base-value citations)
26-07-2026,Copper,Punjab,Jalandhar,657.89,per kg,605.26,710.52,False,Derived (Formula from Metals.Dev API - MCX/LME-linked),Simulated historical trend (see SOURCES.md for base-value citations)
26-07-2026,Aluminium,Punjab,Jalandhar,152.64,per kg,140.43,164.85,False,Derived (Formula from Metals.Dev API - MCX/LME-linked),Simulated historical trend (see SOURCES.md for base-value citations)
26-07-2026,Iron,Punjab,Jalandhar,35.63,per kg,32.78,38.48,False,Derived (Formula from Metals.Dev API - MCX/LME-linked),Simulated historical trend (see SOURCES.md for base-value citations)
26-07-2026,Lead,Punjab,Jalandhar,102.58,per kg,94.37,110.79,False,Derived (Formula from Metals.Dev API - MCX/LME-linked),Simulated historical trend (see SOURCES.md for base-value citations)
26-07-2026,PCB,Punjab,Jalandhar,106.15,per kg,97.66,114.64,False,Derived (Composition Model - Copper-driven),Simulated historical trend (see SOURCES.md for base-value citations)
26-07-2026,Cable,Punjab,Jalandhar,251.15,per kg,231.06,271.24,False,Derived (Composition Model - Copper-driven),Simulated historical trend (see SOURCES.md for base-value citations)
26-07-2026,Motor,Punjab,Jalandhar,48.41,per kg,44.54,52.28,False,Derived (Composition Model - Copper-driven),Simulated historical trend (see SOURCES.md for base-value citations)
26-07-2026,Battery,Punjab,Jalandhar,37.71,per kg,34.69,40.73,False,Derived (Composition Model - Lead-driven),Simulated historical trend (see SOURCES.md for base-value citations)
26-07-2026,CRT,Punjab,Jalandhar,0.0,per kg,0.0,0.0,True,"Derived (Composition Model - Lead-driven, hazard-adjusted)",Simulated historical trend (see SOURCES.md for base-value citations)
26-07-2026,LCD,Punjab,Jalandhar,17.98,per kg,16.54,19.42,False,Derived (Composition Model - Aluminium-driven),Simulated historical trend (see SOURCES.md for base-value citations)
26-07-2026,Copper,Maharashtra,Mumbai,640.97,per kg,589.69,692.25,False,Derived (Formula from Metals.Dev API - MCX/LME-linked),Simulated historical trend (see SOURCES.md for base-value citations)
26-07-2026,Aluminium,Maharashtra,Mumbai,143.15,per kg,131.7,154.6,False,Derived (Formula from Metals.Dev API - MCX/LME-linked),Simulated historical trend (see SOURCES.md for base-value citations)
26-07-2026,Iron,Maharashtra,Mumbai,35.89,per kg,33.02,38.76,False,Derived (Formula from Metals.Dev API - MCX/LME-linked),Simulated historical trend (see SOURCES.md for base-value citations)
26-07-2026,Lead,Maharashtra,Mumbai,102.7,per kg,94.48,110.92,False,Derived (Formula from Metals.Dev API - MCX/LME-linked),Simulated historical trend (see SOURCES.md for base-value citations)
26-07-2026,PCB,Maharashtra,Mumbai,117.98,per kg,108.54,127.42,False,Derived (Composition Model - Copper-driven),Simulated historical trend (see SOURCES.md for base-value citations)
26-07-2026,Cable,Maharashtra,Mumbai,283.8,per kg,261.1,306.5,False,Derived (Composition Model - Copper-driven),Simulated historical trend (see SOURCES.md for base-value citations)
26-07-2026,Motor,Maharashtra,Mumbai,49.19,per kg,45.25,53.13,False,Derived (Composition Model - Copper-driven),Simulated historical trend (see SOURCES.md for base-value citations)
26-07-2026,Battery,Maharashtra,Mumbai,48.08,per kg,44.23,51.93,False,Derived (Composition Model - Lead-driven),Simulated historical trend (see SOURCES.md for base-value citations)
26-07-2026,CRT,Maharashtra,Mumbai,0.0,per kg,0.0,0.0,True,"Derived (Composition Model - Lead-driven, hazard-adjusted)",Simulated historical trend (see SOURCES.md for base-value citations)
26-07-2026,LCD,Maharashtra,Mumbai,19.49,per kg,17.93,21.05,False,Derived (Composition Model - Aluminium-driven),Simulated historical trend (see SOURCES.md for base-value citations)
26-07-2026,Copper,Maharashtra,Pune,633.24,per kg,582.58,683.9,False,Derived (Formula from Metals.Dev API - MCX/LME-linked),Simulated historical trend (see SOURCES.md for base-value citations)
26-07-2026,Aluminium,Maharashtra,Pune,153.46,per kg,141.18,165.74,False,Derived (Formula from Metals.Dev API - MCX/LME-linked),Simulated historical trend (see SOURCES.md for base-value citations)
26-07-2026,Iron,Maharashtra,Pune,33.39,per kg,30.72,36.06,False,Derived (Formula from Metals.Dev API - MCX/LME-linked),Simulated historical trend (see SOURCES.md for base-value citations)
26-07-2026,Lead,Maharashtra,Pune,97.29,per kg,89.51,105.07,False,Derived (Formula from Metals.Dev API - MCX/LME-linked),Simulated historical trend (see SOURCES.md for base-value citations)
26-07-2026,PCB,Maharashtra,Pune,106.85,per kg,98.3,115.4,False,Derived (Composition Model - Copper-driven),Simulated historical trend (see SOURCES.md for base-value citations)
26-07-2026,Cable,Maharashtra,Pune,261.2,per kg,240.3,282.1,False,Derived (Composition Model - Copper-driven),Simulated historical trend (see SOURCES.md for base-value citations)
26-07-2026,Motor,Maharashtra,Pune,49.92,per kg,45.93,53.91,False,Derived (Composition Model - Copper-driven),Simulated historical trend (see SOURCES.md for base-value citations)
26-07-2026,Battery,Maharashtra,Pune,45.63,per kg,41.98,49.28,False,Derived (Composition Model - Lead-driven),Simulated historical trend (see SOURCES.md for base-value citations)
26-07-2026,CRT,Maharashtra,Pune,0.0,per kg,0.0,0.0,True,"Derived (Composition Model - Lead-driven, hazard-adjusted)",Simulated historical trend (see SOURCES.md for base-value citations)
26-07-2026,LCD,Maharashtra,Pune,20.98,per kg,19.3,22.66,False,Derived (Composition Model - Aluminium-driven),Simulated historical trend (see SOURCES.md for base-value citations)
25-07-2026,Copper,Punjab,Ludhiana,577.63,per kg,531.42,623.84,False,Derived (Formula from Metals.Dev API - MCX/LME-linked),Simulated historical trend (see SOURCES.md for base-value citations)
25-07-2026,Aluminium,Punjab,Ludhiana,139.69,per kg,128.51,150.87,False,Derived (Formula from Metals.Dev API - MCX/LME-linked),Simulated historical trend (see SOURCES.md for base-value citations)
25-07-2026,Iron,Punjab,Ludhiana,35.94,per kg,33.06,38.82,False,Derived (Formula from Metals.Dev API - MCX/LME-linked),Simulated historical trend (see SOURCES.md for base-value citations)
25-07-2026,Lead,Punjab,Ludhiana,101.48,per kg,93.36,109.6,False,Derived (Formula from Metals.Dev API - MCX/LME-linked),Simulated historical trend (see SOURCES.md for base-value citations)
25-07-2026,PCB,Punjab,Ludhiana,117.35,per kg,107.96,126.74,False,Derived (Composition Model - Copper-driven),Simulated historical trend (see SOURCES.md for base-value citations)
25-07-2026,Cable,Punjab,Ludhiana,244.31,per kg,224.77,263.85,False,Derived (Composition Model - Copper-driven),Simulated historical trend (see SOURCES.md for base-value citations)
25-07-2026,Motor,Punjab,Ludhiana,45.4,per kg,41.77,49.03,False,Derived (Composition Model - Copper-driven),Simulated historical trend (see SOURCES.md for base-value citations)
25-07-2026,Battery,Punjab,Ludhiana,41.24,per kg,37.94,44.54,False,Derived (Composition Model - Lead-driven),Simulated historical trend (see SOURCES.md for base-value citations)
25-07-2026,CRT,Punjab,Ludhiana,0.0,per kg,0.0,0.0,True,"Derived (Composition Model - Lead-driven, hazard-adjusted)",Simulated historical trend (see SOURCES.md for base-value citations)
25-07-2026,LCD,Punjab,Ludhiana,18.94,per kg,17.42,20.46,False,Derived (Composition Model - Aluminium-driven),Simulated historical trend (see SOURCES.md for base-value citations)
25-07-2026,Copper,Punjab,Amritsar,635.77,per kg,584.91,686.63,False,Derived (Formula from Metals.Dev API - MCX/LME-linked),Simulated historical trend (see SOURCES.md for base-value citations)
25-07-2026,Aluminium,Punjab,Amritsar,141.64,per kg,130.31,152.97,False,Derived (Formula from Metals.Dev API - MCX/LME-linked),Simulated historical trend (see SOURCES.md for base-value citations)
25-07-2026,Iron,Punjab,Amritsar,34.37,per kg,31.62,37.12,False,Derived (Formula from Metals.Dev API - MCX/LME-linked),Simulated historical trend (see SOURCES.md for base-value citations)
25-07-2026,Lead,Punjab,Amritsar,105.36,per kg,96.93,113.79,False,Derived (Formula from Metals.Dev API - MCX/LME-linked),Simulated historical trend (see SOURCES.md for base-value citations)
25-07-2026,PCB,Punjab,Amritsar,120.82,per kg,111.15,130.49,False,Derived (Composition Model - Copper-driven),Simulated historical trend (see SOURCES.md for base-value citations)
25-07-2026,Cable,Punjab,Amritsar,266.4,per kg,245.09,287.71,False,Derived (Composition Model - Copper-driven),Simulated historical trend (see SOURCES.md for base-value citations)
25-07-2026,Motor,Punjab,Amritsar,48.69,per kg,44.79,52.59,False,Derived (Composition Model - Copper-driven),Simulated historical trend (see SOURCES.md for base-value citations)
25-07-2026,Battery,Punjab,Amritsar,39.36,per kg,36.21,42.51,False,Derived (Composition Model - Lead-driven),Simulated historical trend (see SOURCES.md for base-value citations)
25-07-2026,CRT,Punjab,Amritsar,0.0,per kg,0.0,0.0,True,"Derived (Composition Model - Lead-driven, hazard-adjusted)",Simulated historical trend (see SOURCES.md for base-value citations)
25-07-2026,LCD,Punjab,Amritsar,22.55,per kg,20.75,24.35,False,Derived (Composition Model - Aluminium-driven),Simulated historical trend (see SOURCES.md for base-value citations)
25-07-2026,Copper,Punjab,Jalandhar,576.74,per kg,530.6,622.88,False,Derived (Formula from Metals.Dev API - MCX/LME-linked),Simulated historical trend (see SOURCES.md for base-value citations)
25-07-2026,Aluminium,Punjab,Jalandhar,149.83,per kg,137.84,161.82,False,Derived (Formula from Metals.Dev API - MCX/LME-linked),Simulated historical trend (see SOURCES.md for base-value citations)
25-07-2026,Iron,Punjab,Jalandhar,31.36,per kg,28.85,33.87,False,Derived (Formula from Metals.Dev API - MCX/LME-linked),Simulated historical trend (see SOURCES.md for base-value citations)
25-07-2026,Lead,Punjab,Jalandhar,86.38,per kg,79.47,93.29,False,Derived (Formula from Metals.Dev API - MCX/LME-linked),Simulated historical trend (see SOURCES.md for base-value citations)
25-07-2026,PCB,Punjab,Jalandhar,99.11,per kg,91.18,107.04,False,Derived (Composition Model - Copper-driven),Simulated historical trend (see SOURCES.md for base-value citations)
25-07-2026,Cable,Punjab,Jalandhar,238.73,per kg,219.63,257.83,False,Derived (Composition Model - Copper-driven),Simulated historical trend (see SOURCES.md for base-value citations)
25-07-2026,Motor,Punjab,Jalandhar,41.36,per kg,38.05,44.67,False,Derived (Composition Model - Copper-driven),Simulated historical trend (see SOURCES.md for base-value citations)
25-07-2026,Battery,Punjab,Jalandhar,42.08,per kg,38.71,45.45,False,Derived (Composition Model - Lead-driven),Simulated historical trend (see SOURCES.md for base-value citations)
25-07-2026,CRT,Punjab,Jalandhar,0.0,per kg,0.0,0.0,True,"Derived (Composition Model - Lead-driven, hazard-adjusted)",Simulated historical trend (see SOURCES.md for base-value citations)
25-07-2026,LCD,Punjab,Jalandhar,20.42,per kg,18.79,22.05,False,Derived (Composition Model - Aluminium-driven),Simulated historical trend (see SOURCES.md for base-value citations)
25-07-2026,Copper,Maharashtra,Mumbai,611.72,per kg,562.78,660.66,False,Derived (Formula from Metals.Dev API - MCX/LME-linked),Simulated historical trend (see SOURCES.md for base-value citations)
25-07-2026,Aluminium,Maharashtra,Mumbai,169.48,per kg,155.92,183.04,False,Derived (Formula from Metals.Dev API - MCX/LME-linked),Simulated historical trend (see SOURCES.md for base-value citations)
25-07-2026,Iron,Maharashtra,Mumbai,40.28,per kg,37.06,43.5,False,Derived (Formula from Metals.Dev API - MCX/LME-linked),Simulated historical trend (see SOURCES.md for base-value citations)
25-07-2026,Lead,Maharashtra,Mumbai,110.85,per kg,101.98,119.72,False,Derived (Formula from Metals.Dev API - MCX/LME-linked),Simulated historical trend (see SOURCES.md for base-value citations)
25-07-2026,PCB,Maharashtra,Mumbai,125.0,per kg,115.0,135.0,False,Derived (Composition Model - Copper-driven),Simulated historical trend (see SOURCES.md for base-value citations)
25-07-2026,Cable,Maharashtra,Mumbai,279.12,per kg,256.79,301.45,False,Derived (Composition Model - Copper-driven),Simulated historical trend (see SOURCES.md for base-value citations)
25-07-2026,Motor,Maharashtra,Mumbai,47.3,per kg,43.52,51.08,False,Derived (Composition Model - Copper-driven),Simulated historical trend (see SOURCES.md for base-value citations)
25-07-2026,Battery,Maharashtra,Mumbai,42.03,per kg,38.67,45.39,False,Derived (Composition Model - Lead-driven),Simulated historical trend (see SOURCES.md for base-value citations)
25-07-2026,CRT,Maharashtra,Mumbai,0.0,per kg,0.0,0.0,True,"Derived (Composition Model - Lead-driven, hazard-adjusted)",Simulated historical trend (see SOURCES.md for base-value citations)
25-07-2026,LCD,Maharashtra,Mumbai,22.49,per kg,20.69,24.29,False,Derived (Composition Model - Aluminium-driven),Simulated historical trend (see SOURCES.md for base-value citations)
25-07-2026,Copper,Maharashtra,Pune,644.83,per kg,593.24,696.42,False,Derived (Formula from Metals.Dev API - MCX/LME-linked),Simulated historical trend (see SOURCES.md for base-value citations)
25-07-2026,Aluminium,Maharashtra,Pune,154.25,per kg,141.91,166.59,False,Derived (Formula from Metals.Dev API - MCX/LME-linked),Simulated historical trend (see SOURCES.md for base-value citations)
25-07-2026,Iron,Maharashtra,Pune,34.3,per kg,31.56,37.04,False,Derived (Formula from Metals.Dev API - MCX/LME-linked),Simulated historical trend (see SOURCES.md for base-value citations)
25-07-2026,Lead,Maharashtra,Pune,92.62,per kg,85.21,100.03,False,Derived (Formula from Metals.Dev API - MCX/LME-linked),Simulated historical trend (see SOURCES.md for base-value citations)
25-07-2026,PCB,Maharashtra,Pune,100.9,per kg,92.83,108.97,False,Derived (Composition Model - Copper-driven),Simulated historical trend (see SOURCES.md for base-value citations)
25-07-2026,Cable,Maharashtra,Pune,248.55,per kg,228.67,268.43,False,Derived (Composition Model - Copper-driven),Simulated historical trend (see SOURCES.md for base-value citations)
25-07-2026,Motor,Maharashtra,Pune,45.0,per kg,41.4,48.6,False,Derived (Composition Model - Copper-driven),Simulated historical trend (see SOURCES.md for base-value citations)
25-07-2026,Battery,Maharashtra,Pune,43.31,per kg,39.85,46.77,False,Derived (Composition Model - Lead-driven),Simulated historical trend (see SOURCES.md for base-value citations)
25-07-2026,CRT,Maharashtra,Pune,0.0,per kg,0.0,0.0,True,"Derived (Composition Model - Lead-driven, hazard-adjusted)",Simulated historical trend (see SOURCES.md for base-value citations)
25-07-2026,LCD,Maharashtra,Pune,21.55,per kg,19.83,23.27,False,Derived (Composition Model - Aluminium-driven),Simulated historical trend (see SOURCES.md for base-value citations)
24-07-2026,Copper,Punjab,Ludhiana,634.82,per kg,584.03,685.61,False,Derived (Formula from Metals.Dev API - MCX/LME-linked),Simulated historical trend (see SOURCES.md for base-value citations)
24-07-2026,Aluminium,Punjab,Ludhiana,148.81,per kg,136.91,160.71,False,Derived (Formula from Metals.Dev API - MCX/LME-linked),Simulated historical trend (see SOURCES.md for base-value citations)
24-07-2026,Iron,Punjab,Ludhiana,34.82,per kg,32.03,37.61,False,Derived (Formula from Metals.Dev API - MCX/LME-linked),Simulated historical trend (see SOURCES.md for base-value citations)
24-07-2026,Lead,Punjab,Ludhiana,104.91,per kg,96.52,113.3,False,Derived (Formula from Metals.Dev API - MCX/LME-linked),Simulated historical trend (see SOURCES.md for base-value citations)
24-07-2026,PCB,Punjab,Ludhiana,107.18,per kg,98.61,115.75,False,Derived (Composition Model - Copper-driven),Simulated historical trend (see SOURCES.md for base-value citations)
24-07-2026,Cable,Punjab,Ludhiana,230.85,per kg,212.38,249.32,False,Derived (Composition Model - Copper-driven),Simulated historical trend (see SOURCES.md for base-value citations)
24-07-2026,Motor,Punjab,Ludhiana,49.75,per kg,45.77,53.73,False,Derived (Composition Model - Copper-driven),Simulated historical trend (see SOURCES.md for base-value citations)
24-07-2026,Battery,Punjab,Ludhiana,38.33,per kg,35.26,41.4,False,Derived (Composition Model - Lead-driven),Simulated historical trend (see SOURCES.md for base-value citations)
24-07-2026,CRT,Punjab,Ludhiana,0.0,per kg,0.0,0.0,True,"Derived (Composition Model - Lead-driven, hazard-adjusted)",Simulated historical trend (see SOURCES.md for base-value citations)
24-07-2026,LCD,Punjab,Ludhiana,19.9,per kg,18.31,21.49,False,Derived (Composition Model - Aluminium-driven),Simulated historical trend (see SOURCES.md for base-value citations)
24-07-2026,Copper,Punjab,Amritsar,690.66,per kg,635.41,745.91,False,Derived (Formula from Metals.Dev API - MCX/LME-linked),Simulated historical trend (see SOURCES.md for base-value citations)
24-07-2026,Aluminium,Punjab,Amritsar,145.37,per kg,133.74,157.0,False,Derived (Formula from Metals.Dev API - MCX/LME-linked),Simulated historical trend (see SOURCES.md for base-value citations)
24-07-2026,Iron,Punjab,Amritsar,33.34,per kg,30.67,36.01,False,Derived (Formula from Metals.Dev API - MCX/LME-linked),Simulated historical trend (see SOURCES.md for base-value citations)
24-07-2026,Lead,Punjab,Amritsar,92.29,per kg,84.91,99.67,False,Derived (Formula from Metals.Dev API - MCX/LME-linked),Simulated historical trend (see SOURCES.md for base-value citations)
24-07-2026,PCB,Punjab,Amritsar,108.63,per kg,99.94,117.32,False,Derived (Composition Model - Copper-driven),Simulated historical trend (see SOURCES.md for base-value citations)
24-07-2026,Cable,Punjab,Amritsar,258.56,per kg,237.88,279.24,False,Derived (Composition Model - Copper-driven),Simulated historical trend (see SOURCES.md for base-value citations)
24-07-2026,Motor,Punjab,Amritsar,49.39,per kg,45.44,53.34,False,Derived (Composition Model - Copper-driven),Simulated historical trend (see SOURCES.md for base-value citations)
24-07-2026,Battery,Punjab,Amritsar,43.29,per kg,39.83,46.75,False,Derived (Composition Model - Lead-driven),Simulated historical trend (see SOURCES.md for base-value citations)
24-07-2026,CRT,Punjab,Amritsar,0.0,per kg,0.0,0.0,True,"Derived (Composition Model - Lead-driven, hazard-adjusted)",Simulated historical trend (see SOURCES.md for base-value citations)
24-07-2026,LCD,Punjab,Amritsar,21.27,per kg,19.57,22.97,False,Derived (Composition Model - Aluminium-driven),Simulated historical trend (see SOURCES.md for base-value citations)
24-07-2026,Copper,Punjab,Jalandhar,606.46,per kg,557.94,654.98,False,Derived (Formula from Metals.Dev API - MCX/LME-linked),Simulated historical trend (see SOURCES.md for base-value citations)
24-07-2026,Aluminium,Punjab,Jalandhar,134.28,per kg,123.54,145.02,False,Derived (Formula from Metals.Dev API - MCX/LME-linked),Simulated historical trend (see SOURCES.md for base-value citations)
24-07-2026,Iron,Punjab,Jalandhar,33.58,per kg,30.89,36.27,False,Derived (Formula from Metals.Dev API - MCX/LME-linked),Simulated historical trend (see SOURCES.md for base-value citations)
24-07-2026,Lead,Punjab,Jalandhar,89.27,per kg,82.13,96.41,False,Derived (Formula from Metals.Dev API - MCX/LME-linked),Simulated historical trend (see SOURCES.md for base-value citations)
24-07-2026,PCB,Punjab,Jalandhar,113.17,per kg,104.12,122.22,False,Derived (Composition Model - Copper-driven),Simulated historical trend (see SOURCES.md for base-value citations)
24-07-2026,Cable,Punjab,Jalandhar,225.22,per kg,207.2,243.24,False,Derived (Composition Model - Copper-driven),Simulated historical trend (see SOURCES.md for base-value citations)
24-07-2026,Motor,Punjab,Jalandhar,41.86,per kg,38.51,45.21,False,Derived (Composition Model - Copper-driven),Simulated historical trend (see SOURCES.md for base-value citations)
24-07-2026,Battery,Punjab,Jalandhar,39.78,per kg,36.6,42.96,False,Derived (Composition Model - Lead-driven),Simulated historical trend (see SOURCES.md for base-value citations)
24-07-2026,CRT,Punjab,Jalandhar,0.0,per kg,0.0,0.0,True,"Derived (Composition Model - Lead-driven, hazard-adjusted)",Simulated historical trend (see SOURCES.md for base-value citations)
24-07-2026,LCD,Punjab,Jalandhar,18.2,per kg,16.74,19.66,False,Derived (Composition Model - Aluminium-driven),Simulated historical trend (see SOURCES.md for base-value citations)
24-07-2026,Copper,Maharashtra,Mumbai,603.76,per kg,555.46,652.06,False,Derived (Formula from Metals.Dev API - MCX/LME-linked),Simulated historical trend (see SOURCES.md for base-value citations)
24-07-2026,Aluminium,Maharashtra,Mumbai,141.76,per kg,130.42,153.1,False,Derived (Formula from Metals.Dev API - MCX/LME-linked),Simulated historical trend (see SOURCES.md for base-value citations)
24-07-2026,Iron,Maharashtra,Mumbai,35.07,per kg,32.26,37.88,False,Derived (Formula from Metals.Dev API - MCX/LME-linked),Simulated historical trend (see SOURCES.md for base-value citations)
24-07-2026,Lead,Maharashtra,Mumbai,108.84,per kg,100.13,117.55,False,Derived (Formula from Metals.Dev API - MCX/LME-linked),Simulated historical trend (see SOURCES.md for base-value citations)
24-07-2026,PCB,Maharashtra,Mumbai,117.34,per kg,107.95,126.73,False,Derived (Composition Model - Copper-driven),Simulated historical trend (see SOURCES.md for base-value citations)
24-07-2026,Cable,Maharashtra,Mumbai,241.78,per kg,222.44,261.12,False,Derived (Composition Model - Copper-driven),Simulated historical trend (see SOURCES.md for base-value citations)
24-07-2026,Motor,Maharashtra,Mumbai,49.63,per kg,45.66,53.6,False,Derived (Composition Model - Copper-driven),Simulated historical trend (see SOURCES.md for base-value citations)
24-07-2026,Battery,Maharashtra,Mumbai,40.52,per kg,37.28,43.76,False,Derived (Composition Model - Lead-driven),Simulated historical trend (see SOURCES.md for base-value citations)
24-07-2026,CRT,Maharashtra,Mumbai,0.0,per kg,0.0,0.0,True,"Derived (Composition Model - Lead-driven, hazard-adjusted)",Simulated historical trend (see SOURCES.md for base-value citations)
24-07-2026,LCD,Maharashtra,Mumbai,23.3,per kg,21.44,25.16,False,Derived (Composition Model - Aluminium-driven),Simulated historical trend (see SOURCES.md for base-value citations)
24-07-2026,Copper,Maharashtra,Pune,622.28,per kg,572.5,672.06,False,Derived (Formula from Metals.Dev API - MCX/LME-linked),Simulated historical trend (see SOURCES.md for base-value citations)
24-07-2026,Aluminium,Maharashtra,Pune,165.92,per kg,152.65,179.19,False,Derived (Formula from Metals.Dev API - MCX/LME-linked),Simulated historical trend (see SOURCES.md for base-value citations)
24-07-2026,Iron,Maharashtra,Pune,37.82,per kg,34.79,40.85,False,Derived (Formula from Metals.Dev API - MCX/LME-linked),Simulated historical trend (see SOURCES.md for base-value citations)
24-07-2026,Lead,Maharashtra,Pune,102.19,per kg,94.01,110.37,False,Derived (Formula from Metals.Dev API - MCX/LME-linked),Simulated historical trend (see SOURCES.md for base-value citations)
24-07-2026,PCB,Maharashtra,Pune,106.59,per kg,98.06,115.12,False,Derived (Composition Model - Copper-driven),Simulated historical trend (see SOURCES.md for base-value citations)
24-07-2026,Cable,Maharashtra,Pune,267.59,per kg,246.18,289.0,False,Derived (Composition Model - Copper-driven),Simulated historical trend (see SOURCES.md for base-value citations)
24-07-2026,Motor,Maharashtra,Pune,50.88,per kg,46.81,54.95,False,Derived (Composition Model - Copper-driven),Simulated historical trend (see SOURCES.md for base-value citations)
24-07-2026,Battery,Maharashtra,Pune,47.13,per kg,43.36,50.9,False,Derived (Composition Model - Lead-driven),Simulated historical trend (see SOURCES.md for base-value citations)
24-07-2026,CRT,Maharashtra,Pune,0.0,per kg,0.0,0.0,True,"Derived (Composition Model - Lead-driven, hazard-adjusted)",Simulated historical trend (see SOURCES.md for base-value citations)
24-07-2026,LCD,Maharashtra,Pune,19.21,per kg,17.67,20.75,False,Derived (Composition Model - Aluminium-driven),Simulated historical trend (see SOURCES.md for base-value citations)
23-07-2026,Copper,Punjab,Ludhiana,583.54,per kg,536.86,630.22,False,Derived (Formula from Metals.Dev API - MCX/LME-linked),Simulated historical trend (see SOURCES.md for base-value citations)
23-07-2026,Aluminium,Punjab,Ludhiana,155.28,per kg,142.86,167.7,False,Derived (Formula from Metals.Dev API - MCX/LME-linked),Simulated historical trend (see SOURCES.md for base-value citations)
23-07-2026,Iron,Punjab,Ludhiana,32.84,per kg,30.21,35.47,False,Derived (Formula from Metals.Dev API - MCX/LME-linked),Simulated historical trend (see SOURCES.md for base-value citations)
23-07-2026,Lead,Punjab,Ludhiana,108.5,per kg,99.82,117.18,False,Derived (Formula from Metals.Dev API - MCX/LME-linked),Simulated historical trend (see SOURCES.md for base-value citations)
23-07-2026,PCB,Punjab,Ludhiana,118.2,per kg,108.74,127.66,False,Derived (Composition Model - Copper-driven),Simulated historical trend (see SOURCES.md for base-value citations)
23-07-2026,Cable,Punjab,Ludhiana,266.93,per kg,245.58,288.28,False,Derived (Composition Model - Copper-driven),Simulated historical trend (see SOURCES.md for base-value citations)
23-07-2026,Motor,Punjab,Ludhiana,45.13,per kg,41.52,48.74,False,Derived (Composition Model - Copper-driven),Simulated historical trend (see SOURCES.md for base-value citations)
23-07-2026,Battery,Punjab,Ludhiana,42.36,per kg,38.97,45.75,False,Derived (Composition Model - Lead-driven),Simulated historical trend (see SOURCES.md for base-value citations)
23-07-2026,CRT,Punjab,Ludhiana,0.0,per kg,0.0,0.0,True,"Derived (Composition Model - Lead-driven, hazard-adjusted)",Simulated historical trend (see SOURCES.md for base-value citations)
23-07-2026,LCD,Punjab,Ludhiana,22.26,per kg,20.48,24.04,False,Derived (Composition Model - Aluminium-driven),Simulated historical trend (see SOURCES.md for base-value citations)
23-07-2026,Copper,Punjab,Amritsar,665.43,per kg,612.2,718.66,False,Derived (Formula from Metals.Dev API - MCX/LME-linked),Simulated historical trend (see SOURCES.md for base-value citations)
23-07-2026,Aluminium,Punjab,Amritsar,155.58,per kg,143.13,168.03,False,Derived (Formula from Metals.Dev API - MCX/LME-linked),Simulated historical trend (see SOURCES.md for base-value citations)
23-07-2026,Iron,Punjab,Amritsar,35.93,per kg,33.06,38.8,False,Derived (Formula from Metals.Dev API - MCX/LME-linked),Simulated historical trend (see SOURCES.md for base-value citations)
23-07-2026,Lead,Punjab,Amritsar,109.64,per kg,100.87,118.41,False,Derived (Formula from Metals.Dev API - MCX/LME-linked),Simulated historical trend (see SOURCES.md for base-value citations)
23-07-2026,PCB,Punjab,Amritsar,110.8,per kg,101.94,119.66,False,Derived (Composition Model - Copper-driven),Simulated historical trend (see SOURCES.md for base-value citations)
23-07-2026,Cable,Punjab,Amritsar,228.45,per kg,210.17,246.73,False,Derived (Composition Model - Copper-driven),Simulated historical trend (see SOURCES.md for base-value citations)
23-07-2026,Motor,Punjab,Amritsar,44.62,per kg,41.05,48.19,False,Derived (Composition Model - Copper-driven),Simulated historical trend (see SOURCES.md for base-value citations)
23-07-2026,Battery,Punjab,Amritsar,41.31,per kg,38.01,44.61,False,Derived (Composition Model - Lead-driven),Simulated historical trend (see SOURCES.md for base-value citations)
23-07-2026,CRT,Punjab,Amritsar,0.0,per kg,0.0,0.0,True,"Derived (Composition Model - Lead-driven, hazard-adjusted)",Simulated historical trend (see SOURCES.md for base-value citations)
23-07-2026,LCD,Punjab,Amritsar,21.31,per kg,19.61,23.01,False,Derived (Composition Model - Aluminium-driven),Simulated historical trend (see SOURCES.md for base-value citations)
23-07-2026,Copper,Punjab,Jalandhar,648.19,per kg,596.33,700.05,False,Derived (Formula from Metals.Dev API - MCX/LME-linked),Simulated historical trend (see SOURCES.md for base-value citations)
23-07-2026,Aluminium,Punjab,Jalandhar,140.63,per kg,129.38,151.88,False,Derived (Formula from Metals.Dev API - MCX/LME-linked),Simulated historical trend (see SOURCES.md for base-value citations)
23-07-2026,Iron,Punjab,Jalandhar,33.29,per kg,30.63,35.95,False,Derived (Formula from Metals.Dev API - MCX/LME-linked),Simulated historical trend (see SOURCES.md for base-value citations)
23-07-2026,Lead,Punjab,Jalandhar,95.69,per kg,88.03,103.35,False,Derived (Formula from Metals.Dev API - MCX/LME-linked),Simulated historical trend (see SOURCES.md for base-value citations)
23-07-2026,PCB,Punjab,Jalandhar,106.85,per kg,98.3,115.4,False,Derived (Composition Model - Copper-driven),Simulated historical trend (see SOURCES.md for base-value citations)
23-07-2026,Cable,Punjab,Jalandhar,230.35,per kg,211.92,248.78,False,Derived (Composition Model - Copper-driven),Simulated historical trend (see SOURCES.md for base-value citations)
23-07-2026,Motor,Punjab,Jalandhar,42.76,per kg,39.34,46.18,False,Derived (Composition Model - Copper-driven),Simulated historical trend (see SOURCES.md for base-value citations)
23-07-2026,Battery,Punjab,Jalandhar,37.71,per kg,34.69,40.73,False,Derived (Composition Model - Lead-driven),Simulated historical trend (see SOURCES.md for base-value citations)
23-07-2026,CRT,Punjab,Jalandhar,0.0,per kg,0.0,0.0,True,"Derived (Composition Model - Lead-driven, hazard-adjusted)",Simulated historical trend (see SOURCES.md for base-value citations)
23-07-2026,LCD,Punjab,Jalandhar,21.37,per kg,19.66,23.08,False,Derived (Composition Model - Aluminium-driven),Simulated historical trend (see SOURCES.md for base-value citations)
23-07-2026,Copper,Maharashtra,Mumbai,645.62,per kg,593.97,697.27,False,Derived (Formula from Metals.Dev API - MCX/LME-linked),Simulated historical trend (see SOURCES.md for base-value citations)
23-07-2026,Aluminium,Maharashtra,Mumbai,144.43,per kg,132.88,155.98,False,Derived (Formula from Metals.Dev API - MCX/LME-linked),Simulated historical trend (see SOURCES.md for base-value citations)
23-07-2026,Iron,Maharashtra,Mumbai,34.93,per kg,32.14,37.72,False,Derived (Formula from Metals.Dev API - MCX/LME-linked),Simulated historical trend (see SOURCES.md for base-value citations)
23-07-2026,Lead,Maharashtra,Mumbai,113.16,per kg,104.11,122.21,False,Derived (Formula from Metals.Dev API - MCX/LME-linked),Simulated historical trend (see SOURCES.md for base-value citations)
23-07-2026,PCB,Maharashtra,Mumbai,109.34,per kg,100.59,118.09,False,Derived (Composition Model - Copper-driven),Simulated historical trend (see SOURCES.md for base-value citations)
23-07-2026,Cable,Maharashtra,Mumbai,277.06,per kg,254.9,299.22,False,Derived (Composition Model - Copper-driven),Simulated historical trend (see SOURCES.md for base-value citations)
23-07-2026,Motor,Maharashtra,Mumbai,52.4,per kg,48.21,56.59,False,Derived (Composition Model - Copper-driven),Simulated historical trend (see SOURCES.md for base-value citations)
23-07-2026,Battery,Maharashtra,Mumbai,42.02,per kg,38.66,45.38,False,Derived (Composition Model - Lead-driven),Simulated historical trend (see SOURCES.md for base-value citations)
23-07-2026,CRT,Maharashtra,Mumbai,0.0,per kg,0.0,0.0,True,"Derived (Composition Model - Lead-driven, hazard-adjusted)",Simulated historical trend (see SOURCES.md for base-value citations)
23-07-2026,LCD,Maharashtra,Mumbai,22.05,per kg,20.29,23.81,False,Derived (Composition Model - Aluminium-driven),Simulated historical trend (see SOURCES.md for base-value citations)
23-07-2026,Copper,Maharashtra,Pune,672.47,per kg,618.67,726.27,False,Derived (Formula from Metals.Dev API - MCX/LME-linked),Simulated historical trend (see SOURCES.md for base-value citations)
23-07-2026,Aluminium,Maharashtra,Pune,149.14,per kg,137.21,161.07,False,Derived (Formula from Metals.Dev API - MCX/LME-linked),Simulated historical trend (see SOURCES.md for base-value citations)
23-07-2026,Iron,Maharashtra,Pune,34.83,per kg,32.04,37.62,False,Derived (Formula from Metals.Dev API - MCX/LME-linked),Simulated historical trend (see SOURCES.md for base-value citations)
23-07-2026,Lead,Maharashtra,Pune,107.87,per kg,99.24,116.5,False,Derived (Formula from Metals.Dev API - MCX/LME-linked),Simulated historical trend (see SOURCES.md for base-value citations)
23-07-2026,PCB,Maharashtra,Pune,115.64,per kg,106.39,124.89,False,Derived (Composition Model - Copper-driven),Simulated historical trend (see SOURCES.md for base-value citations)
23-07-2026,Cable,Maharashtra,Pune,259.77,per kg,238.99,280.55,False,Derived (Composition Model - Copper-driven),Simulated historical trend (see SOURCES.md for base-value citations)
23-07-2026,Motor,Maharashtra,Pune,44.5,per kg,40.94,48.06,False,Derived (Composition Model - Copper-driven),Simulated historical trend (see SOURCES.md for base-value citations)
23-07-2026,Battery,Maharashtra,Pune,41.71,per kg,38.37,45.05,False,Derived (Composition Model - Lead-driven),Simulated historical trend (see SOURCES.md for base-value citations)
23-07-2026,CRT,Maharashtra,Pune,0.0,per kg,0.0,0.0,True,"Derived (Composition Model - Lead-driven, hazard-adjusted)",Simulated historical trend (see SOURCES.md for base-value citations)
23-07-2026,LCD,Maharashtra,Pune,18.74,per kg,17.24,20.24,False,Derived (Composition Model - Aluminium-driven),Simulated historical trend (see SOURCES.md for base-value citations)
22-07-2026,Copper,Punjab,Ludhiana,608.71,per kg,560.01,657.41,False,Derived (Formula from Metals.Dev API - MCX/LME-linked),Simulated historical trend (see SOURCES.md for base-value citations)
22-07-2026,Aluminium,Punjab,Ludhiana,153.43,per kg,141.16,165.7,False,Derived (Formula from Metals.Dev API - MCX/LME-linked),Simulated historical trend (see SOURCES.md for base-value citations)
22-07-2026,Iron,Punjab,Ludhiana,32.31,per kg,29.73,34.89,False,Derived (Formula from Metals.Dev API - MCX/LME-linked),Simulated historical trend (see SOURCES.md for base-value citations)
22-07-2026,Lead,Punjab,Ludhiana,108.84,per kg,100.13,117.55,False,Derived (Formula from Metals.Dev API - MCX/LME-linked),Simulated historical trend (see SOURCES.md for base-value citations)
22-07-2026,PCB,Punjab,Ludhiana,111.54,per kg,102.62,120.46,False,Derived (Composition Model - Copper-driven),Simulated historical trend (see SOURCES.md for base-value citations)
22-07-2026,Cable,Punjab,Ludhiana,238.16,per kg,219.11,257.21,False,Derived (Composition Model - Copper-driven),Simulated historical trend (see SOURCES.md for base-value citations)
22-07-2026,Motor,Punjab,Ludhiana,44.96,per kg,41.36,48.56,False,Derived (Composition Model - Copper-driven),Simulated historical trend (see SOURCES.md for base-value citations)
22-07-2026,Battery,Punjab,Ludhiana,46.43,per kg,42.72,50.14,False,Derived (Composition Model - Lead-driven),Simulated historical trend (see SOURCES.md for base-value citations)
22-07-2026,CRT,Punjab,Ludhiana,0.0,per kg,0.0,0.0,True,"Derived (Composition Model - Lead-driven, hazard-adjusted)",Simulated historical trend (see SOURCES.md for base-value citations)
22-07-2026,LCD,Punjab,Ludhiana,20.59,per kg,18.94,22.24,False,Derived (Composition Model - Aluminium-driven),Simulated historical trend (see SOURCES.md for base-value citations)
22-07-2026,Copper,Punjab,Amritsar,639.56,per kg,588.4,690.72,False,Derived (Formula from Metals.Dev API - MCX/LME-linked),Simulated historical trend (see SOURCES.md for base-value citations)
22-07-2026,Aluminium,Punjab,Amritsar,151.96,per kg,139.8,164.12,False,Derived (Formula from Metals.Dev API - MCX/LME-linked),Simulated historical trend (see SOURCES.md for base-value citations)
22-07-2026,Iron,Punjab,Amritsar,33.25,per kg,30.59,35.91,False,Derived (Formula from Metals.Dev API - MCX/LME-linked),Simulated historical trend (see SOURCES.md for base-value citations)
22-07-2026,Lead,Punjab,Amritsar,104.26,per kg,95.92,112.6,False,Derived (Formula from Metals.Dev API - MCX/LME-linked),Simulated historical trend (see SOURCES.md for base-value citations)
22-07-2026,PCB,Punjab,Amritsar,114.14,per kg,105.01,123.27,False,Derived (Composition Model - Copper-driven),Simulated historical trend (see SOURCES.md for base-value citations)
22-07-2026,Cable,Punjab,Amritsar,226.97,per kg,208.81,245.13,False,Derived (Composition Model - Copper-driven),Simulated historical trend (see SOURCES.md for base-value citations)
22-07-2026,Motor,Punjab,Amritsar,47.66,per kg,43.85,51.47,False,Derived (Composition Model - Copper-driven),Simulated historical trend (see SOURCES.md for base-value citations)
22-07-2026,Battery,Punjab,Amritsar,39.85,per kg,36.66,43.04,False,Derived (Composition Model - Lead-driven),Simulated historical trend (see SOURCES.md for base-value citations)
22-07-2026,CRT,Punjab,Amritsar,0.0,per kg,0.0,0.0,True,"Derived (Composition Model - Lead-driven, hazard-adjusted)",Simulated historical trend (see SOURCES.md for base-value citations)
22-07-2026,LCD,Punjab,Amritsar,22.42,per kg,20.63,24.21,False,Derived (Composition Model - Aluminium-driven),Simulated historical trend (see SOURCES.md for base-value citations)
22-07-2026,Copper,Punjab,Jalandhar,616.34,per kg,567.03,665.65,False,Derived (Formula from Metals.Dev API - MCX/LME-linked),Simulated historical trend (see SOURCES.md for base-value citations)
22-07-2026,Aluminium,Punjab,Jalandhar,141.05,per kg,129.77,152.33,False,Derived (Formula from Metals.Dev API - MCX/LME-linked),Simulated historical trend (see SOURCES.md for base-value citations)
22-07-2026,Iron,Punjab,Jalandhar,32.79,per kg,30.17,35.41,False,Derived (Formula from Metals.Dev API - MCX/LME-linked),Simulated historical trend (see SOURCES.md for base-value citations)
22-07-2026,Lead,Punjab,Jalandhar,85.89,per kg,79.02,92.76,False,Derived (Formula from Metals.Dev API - MCX/LME-linked),Simulated historical trend (see SOURCES.md for base-value citations)
22-07-2026,PCB,Punjab,Jalandhar,105.04,per kg,96.64,113.44,False,Derived (Composition Model - Copper-driven),Simulated historical trend (see SOURCES.md for base-value citations)
22-07-2026,Cable,Punjab,Jalandhar,246.55,per kg,226.83,266.27,False,Derived (Composition Model - Copper-driven),Simulated historical trend (see SOURCES.md for base-value citations)
22-07-2026,Motor,Punjab,Jalandhar,49.42,per kg,45.47,53.37,False,Derived (Composition Model - Copper-driven),Simulated historical trend (see SOURCES.md for base-value citations)
22-07-2026,Battery,Punjab,Jalandhar,40.3,per kg,37.08,43.52,False,Derived (Composition Model - Lead-driven),Simulated historical trend (see SOURCES.md for base-value citations)
22-07-2026,CRT,Punjab,Jalandhar,0.0,per kg,0.0,0.0,True,"Derived (Composition Model - Lead-driven, hazard-adjusted)",Simulated historical trend (see SOURCES.md for base-value citations)
22-07-2026,LCD,Punjab,Jalandhar,20.31,per kg,18.69,21.93,False,Derived (Composition Model - Aluminium-driven),Simulated historical trend (see SOURCES.md for base-value citations)
22-07-2026,Copper,Maharashtra,Mumbai,616.16,per kg,566.87,665.45,False,Derived (Formula from Metals.Dev API - MCX/LME-linked),Simulated historical trend (see SOURCES.md for base-value citations)
22-07-2026,Aluminium,Maharashtra,Mumbai,161.44,per kg,148.52,174.36,False,Derived (Formula from Metals.Dev API - MCX/LME-linked),Simulated historical trend (see SOURCES.md for base-value citations)
22-07-2026,Iron,Maharashtra,Mumbai,39.41,per kg,36.26,42.56,False,Derived (Formula from Metals.Dev API - MCX/LME-linked),Simulated historical trend (see SOURCES.md for base-value citations)
22-07-2026,Lead,Maharashtra,Mumbai,107.29,per kg,98.71,115.87,False,Derived (Formula from Metals.Dev API - MCX/LME-linked),Simulated historical trend (see SOURCES.md for base-value citations)
22-07-2026,PCB,Maharashtra,Mumbai,108.89,per kg,100.18,117.6,False,Derived (Composition Model - Copper-driven),Simulated historical trend (see SOURCES.md for base-value citations)
22-07-2026,Cable,Maharashtra,Mumbai,246.41,per kg,226.7,266.12,False,Derived (Composition Model - Copper-driven),Simulated historical trend (see SOURCES.md for base-value citations)
22-07-2026,Motor,Maharashtra,Mumbai,46.79,per kg,43.05,50.53,False,Derived (Composition Model - Copper-driven),Simulated historical trend (see SOURCES.md for base-value citations)
22-07-2026,Battery,Maharashtra,Mumbai,46.43,per kg,42.72,50.14,False,Derived (Composition Model - Lead-driven),Simulated historical trend (see SOURCES.md for base-value citations)
22-07-2026,CRT,Maharashtra,Mumbai,0.0,per kg,0.0,0.0,True,"Derived (Composition Model - Lead-driven, hazard-adjusted)",Simulated historical trend (see SOURCES.md for base-value citations)
22-07-2026,LCD,Maharashtra,Mumbai,22.35,per kg,20.56,24.14,False,Derived (Composition Model - Aluminium-driven),Simulated historical trend (see SOURCES.md for base-value citations)
22-07-2026,Copper,Maharashtra,Pune,602.85,per kg,554.62,651.08,False,Derived (Formula from Metals.Dev API - MCX/LME-linked),Simulated historical trend (see SOURCES.md for base-value citations)
22-07-2026,Aluminium,Maharashtra,Pune,164.55,per kg,151.39,177.71,False,Derived (Formula from Metals.Dev API - MCX/LME-linked),Simulated historical trend (see SOURCES.md for base-value citations)
22-07-2026,Iron,Maharashtra,Pune,39.17,per kg,36.04,42.3,False,Derived (Formula from Metals.Dev API - MCX/LME-linked),Simulated historical trend (see SOURCES.md for base-value citations)
22-07-2026,Lead,Maharashtra,Pune,100.88,per kg,92.81,108.95,False,Derived (Formula from Metals.Dev API - MCX/LME-linked),Simulated historical trend (see SOURCES.md for base-value citations)
22-07-2026,PCB,Maharashtra,Pune,120.19,per kg,110.57,129.81,False,Derived (Composition Model - Copper-driven),Simulated historical trend (see SOURCES.md for base-value citations)
22-07-2026,Cable,Maharashtra,Pune,260.22,per kg,239.4,281.04,False,Derived (Composition Model - Copper-driven),Simulated historical trend (see SOURCES.md for base-value citations)
22-07-2026,Motor,Maharashtra,Pune,48.54,per kg,44.66,52.42,False,Derived (Composition Model - Copper-driven),Simulated historical trend (see SOURCES.md for base-value citations)
22-07-2026,Battery,Maharashtra,Pune,42.97,per kg,39.53,46.41,False,Derived (Composition Model - Lead-driven),Simulated historical trend (see SOURCES.md for base-value citations)
22-07-2026,CRT,Maharashtra,Pune,0.0,per kg,0.0,0.0,True,"Derived (Composition Model - Lead-driven, hazard-adjusted)",Simulated historical trend (see SOURCES.md for base-value citations)
22-07-2026,LCD,Maharashtra,Pune,21.63,per kg,19.9,23.36,False,Derived (Composition Model - Aluminium-driven),Simulated historical trend (see SOURCES.md for base-value citations)
21-07-2026,Copper,Punjab,Ludhiana,660.93,per kg,608.06,713.8,False,Derived (Formula from Metals.Dev API - MCX/LME-linked),Simulated historical trend (see SOURCES.md for base-value citations)
21-07-2026,Aluminium,Punjab,Ludhiana,157.41,per kg,144.82,170.0,False,Derived (Formula from Metals.Dev API - MCX/LME-linked),Simulated historical trend (see SOURCES.md for base-value citations)
21-07-2026,Iron,Punjab,Ludhiana,38.53,per kg,35.45,41.61,False,Derived (Formula from Metals.Dev API - MCX/LME-linked),Simulated historical trend (see SOURCES.md for base-value citations)
21-07-2026,Lead,Punjab,Ludhiana,108.01,per kg,99.37,116.65,False,Derived (Formula from Metals.Dev API - MCX/LME-linked),Simulated historical trend (see SOURCES.md for base-value citations)
21-07-2026,PCB,Punjab,Ludhiana,115.63,per kg,106.38,124.88,False,Derived (Composition Model - Copper-driven),Simulated historical trend (see SOURCES.md for base-value citations)
21-07-2026,Cable,Punjab,Ludhiana,259.06,per kg,238.34,279.78,False,Derived (Composition Model - Copper-driven),Simulated historical trend (see SOURCES.md for base-value citations)
21-07-2026,Motor,Punjab,Ludhiana,51.97,per kg,47.81,56.13,False,Derived (Composition Model - Copper-driven),Simulated historical trend (see SOURCES.md for base-value citations)
21-07-2026,Battery,Punjab,Ludhiana,41.34,per kg,38.03,44.65,False,Derived (Composition Model - Lead-driven),Simulated historical trend (see SOURCES.md for base-value citations)
21-07-2026,CRT,Punjab,Ludhiana,0.0,per kg,0.0,0.0,True,"Derived (Composition Model - Lead-driven, hazard-adjusted)",Simulated historical trend (see SOURCES.md for base-value citations)
21-07-2026,LCD,Punjab,Ludhiana,19.98,per kg,18.38,21.58,False,Derived (Composition Model - Aluminium-driven),Simulated historical trend (see SOURCES.md for base-value citations)
21-07-2026,Copper,Punjab,Amritsar,579.23,per kg,532.89,625.57,False,Derived (Formula from Metals.Dev API - MCX/LME-linked),Simulated historical trend (see SOURCES.md for base-value citations)
21-07-2026,Aluminium,Punjab,Amritsar,151.71,per kg,139.57,163.85,False,Derived (Formula from Metals.Dev API - MCX/LME-linked),Simulated historical trend (see SOURCES.md for base-value citations)
21-07-2026,Iron,Punjab,Amritsar,33.17,per kg,30.52,35.82,False,Derived (Formula from Metals.Dev API - MCX/LME-linked),Simulated historical trend (see SOURCES.md for base-value citations)
21-07-2026,Lead,Punjab,Amritsar,102.91,per kg,94.68,111.14,False,Derived (Formula from Metals.Dev API - MCX/LME-linked),Simulated historical trend (see SOURCES.md for base-value citations)
21-07-2026,PCB,Punjab,Amritsar,107.23,per kg,98.65,115.81,False,Derived (Composition Model - Copper-driven),Simulated historical trend (see SOURCES.md for base-value citations)
21-07-2026,Cable,Punjab,Amritsar,257.19,per kg,236.61,277.77,False,Derived (Composition Model - Copper-driven),Simulated historical trend (see SOURCES.md for base-value citations)
21-07-2026,Motor,Punjab,Amritsar,50.57,per kg,46.52,54.62,False,Derived (Composition Model - Copper-driven),Simulated historical trend (see SOURCES.md for base-value citations)
21-07-2026,Battery,Punjab,Amritsar,47.13,per kg,43.36,50.9,False,Derived (Composition Model - Lead-driven),Simulated historical trend (see SOURCES.md for base-value citations)
21-07-2026,CRT,Punjab,Amritsar,0.0,per kg,0.0,0.0,True,"Derived (Composition Model - Lead-driven, hazard-adjusted)",Simulated historical trend (see SOURCES.md for base-value citations)
21-07-2026,LCD,Punjab,Amritsar,22.64,per kg,20.83,24.45,False,Derived (Composition Model - Aluminium-driven),Simulated historical trend (see SOURCES.md for base-value citations)
21-07-2026,Copper,Punjab,Jalandhar,615.86,per kg,566.59,665.13,False,Derived (Formula from Metals.Dev API - MCX/LME-linked),Simulated historical trend (see SOURCES.md for base-value citations)
21-07-2026,Aluminium,Punjab,Jalandhar,142.07,per kg,130.7,153.44,False,Derived (Formula from Metals.Dev API - MCX/LME-linked),Simulated historical trend (see SOURCES.md for base-value citations)
21-07-2026,Iron,Punjab,Jalandhar,36.39,per kg,33.48,39.3,False,Derived (Formula from Metals.Dev API - MCX/LME-linked),Simulated historical trend (see SOURCES.md for base-value citations)
21-07-2026,Lead,Punjab,Jalandhar,99.85,per kg,91.86,107.84,False,Derived (Formula from Metals.Dev API - MCX/LME-linked),Simulated historical trend (see SOURCES.md for base-value citations)
21-07-2026,PCB,Punjab,Jalandhar,98.87,per kg,90.96,106.78,False,Derived (Composition Model - Copper-driven),Simulated historical trend (see SOURCES.md for base-value citations)
21-07-2026,Cable,Punjab,Jalandhar,252.31,per kg,232.13,272.49,False,Derived (Composition Model - Copper-driven),Simulated historical trend (see SOURCES.md for base-value citations)
21-07-2026,Motor,Punjab,Jalandhar,47.45,per kg,43.65,51.25,False,Derived (Composition Model - Copper-driven),Simulated historical trend (see SOURCES.md for base-value citations)
21-07-2026,Battery,Punjab,Jalandhar,38.53,per kg,35.45,41.61,False,Derived (Composition Model - Lead-driven),Simulated historical trend (see SOURCES.md for base-value citations)
21-07-2026,CRT,Punjab,Jalandhar,0.0,per kg,0.0,0.0,True,"Derived (Composition Model - Lead-driven, hazard-adjusted)",Simulated historical trend (see SOURCES.md for base-value citations)
21-07-2026,LCD,Punjab,Jalandhar,18.7,per kg,17.2,20.2,False,Derived (Composition Model - Aluminium-driven),Simulated historical trend (see SOURCES.md for base-value citations)
21-07-2026,Copper,Maharashtra,Mumbai,636.64,per kg,585.71,687.57,False,Derived (Formula from Metals.Dev API - MCX/LME-linked),Simulated historical trend (see SOURCES.md for base-value citations)
21-07-2026,Aluminium,Maharashtra,Mumbai,141.69,per kg,130.35,153.03,False,Derived (Formula from Metals.Dev API - MCX/LME-linked),Simulated historical trend (see SOURCES.md for base-value citations)
21-07-2026,Iron,Maharashtra,Mumbai,40.09,per kg,36.88,43.3,False,Derived (Formula from Metals.Dev API - MCX/LME-linked),Simulated historical trend (see SOURCES.md for base-value citations)
21-07-2026,Lead,Maharashtra,Mumbai,100.74,per kg,92.68,108.8,False,Derived (Formula from Metals.Dev API - MCX/LME-linked),Simulated historical trend (see SOURCES.md for base-value citations)
21-07-2026,PCB,Maharashtra,Mumbai,118.49,per kg,109.01,127.97,False,Derived (Composition Model - Copper-driven),Simulated historical trend (see SOURCES.md for base-value citations)
21-07-2026,Cable,Maharashtra,Mumbai,264.13,per kg,243.0,285.26,False,Derived (Composition Model - Copper-driven),Simulated historical trend (see SOURCES.md for base-value citations)
21-07-2026,Motor,Maharashtra,Mumbai,48.76,per kg,44.86,52.66,False,Derived (Composition Model - Copper-driven),Simulated historical trend (see SOURCES.md for base-value citations)
21-07-2026,Battery,Maharashtra,Mumbai,42.13,per kg,38.76,45.5,False,Derived (Composition Model - Lead-driven),Simulated historical trend (see SOURCES.md for base-value citations)
21-07-2026,CRT,Maharashtra,Mumbai,0.0,per kg,0.0,0.0,True,"Derived (Composition Model - Lead-driven, hazard-adjusted)",Simulated historical trend (see SOURCES.md for base-value citations)
21-07-2026,LCD,Maharashtra,Mumbai,23.1,per kg,21.25,24.95,False,Derived (Composition Model - Aluminium-driven),Simulated historical trend (see SOURCES.md for base-value citations)
21-07-2026,Copper,Maharashtra,Pune,599.23,per kg,551.29,647.17,False,Derived (Formula from Metals.Dev API - MCX/LME-linked),Simulated historical trend (see SOURCES.md for base-value citations)
21-07-2026,Aluminium,Maharashtra,Pune,145.51,per kg,133.87,157.15,False,Derived (Formula from Metals.Dev API - MCX/LME-linked),Simulated historical trend (see SOURCES.md for base-value citations)
21-07-2026,Iron,Maharashtra,Pune,35.79,per kg,32.93,38.65,False,Derived (Formula from Metals.Dev API - MCX/LME-linked),Simulated historical trend (see SOURCES.md for base-value citations)
21-07-2026,Lead,Maharashtra,Pune,104.78,per kg,96.4,113.16,False,Derived (Formula from Metals.Dev API - MCX/LME-linked),Simulated historical trend (see SOURCES.md for base-value citations)
21-07-2026,PCB,Maharashtra,Pune,109.5,per kg,100.74,118.26,False,Derived (Composition Model - Copper-driven),Simulated historical trend (see SOURCES.md for base-value citations)
21-07-2026,Cable,Maharashtra,Pune,266.62,per kg,245.29,287.95,False,Derived (Composition Model - Copper-driven),Simulated historical trend (see SOURCES.md for base-value citations)
21-07-2026,Motor,Maharashtra,Pune,49.6,per kg,45.63,53.57,False,Derived (Composition Model - Copper-driven),Simulated historical trend (see SOURCES.md for base-value citations)
21-07-2026,Battery,Maharashtra,Pune,41.47,per kg,38.15,44.79,False,Derived (Composition Model - Lead-driven),Simulated historical trend (see SOURCES.md for base-value citations)
21-07-2026,CRT,Maharashtra,Pune,0.0,per kg,0.0,0.0,True,"Derived (Composition Model - Lead-driven, hazard-adjusted)",Simulated historical trend (see SOURCES.md for base-value citations)
21-07-2026,LCD,Maharashtra,Pune,21.77,per kg,20.03,23.51,False,Derived (Composition Model - Aluminium-driven),Simulated historical trend (see SOURCES.md for base-value citations)
20-07-2026,Copper,Punjab,Ludhiana,635.05,per kg,584.25,685.85,False,Derived (Formula from Metals.Dev API - MCX/LME-linked),Simulated historical trend (see SOURCES.md for base-value citations)
20-07-2026,Aluminium,Punjab,Ludhiana,161.8,per kg,148.86,174.74,False,Derived (Formula from Metals.Dev API - MCX/LME-linked),Simulated historical trend (see SOURCES.md for base-value citations)
20-07-2026,Iron,Punjab,Ludhiana,34.82,per kg,32.03,37.61,False,Derived (Formula from Metals.Dev API - MCX/LME-linked),Simulated historical trend (see SOURCES.md for base-value citations)
20-07-2026,Lead,Punjab,Ludhiana,105.49,per kg,97.05,113.93,False,Derived (Formula from Metals.Dev API - MCX/LME-linked),Simulated historical trend (see SOURCES.md for base-value citations)
20-07-2026,PCB,Punjab,Ludhiana,115.89,per kg,106.62,125.16,False,Derived (Composition Model - Copper-driven),Simulated historical trend (see SOURCES.md for base-value citations)
20-07-2026,Cable,Punjab,Ludhiana,235.39,per kg,216.56,254.22,False,Derived (Composition Model - Copper-driven),Simulated historical trend (see SOURCES.md for base-value citations)
20-07-2026,Motor,Punjab,Ludhiana,45.55,per kg,41.91,49.19,False,Derived (Composition Model - Copper-driven),Simulated historical trend (see SOURCES.md for base-value citations)
20-07-2026,Battery,Punjab,Ludhiana,39.23,per kg,36.09,42.37,False,Derived (Composition Model - Lead-driven),Simulated historical trend (see SOURCES.md for base-value citations)
20-07-2026,CRT,Punjab,Ludhiana,0.0,per kg,0.0,0.0,True,"Derived (Composition Model - Lead-driven, hazard-adjusted)",Simulated historical trend (see SOURCES.md for base-value citations)
20-07-2026,LCD,Punjab,Ludhiana,19.36,per kg,17.81,20.91,False,Derived (Composition Model - Aluminium-driven),Simulated historical trend (see SOURCES.md for base-value citations)
20-07-2026,Copper,Punjab,Amritsar,613.13,per kg,564.08,662.18,False,Derived (Formula from Metals.Dev API - MCX/LME-linked),Simulated historical trend (see SOURCES.md for base-value citations)
20-07-2026,Aluminium,Punjab,Amritsar,161.25,per kg,148.35,174.15,False,Derived (Formula from Metals.Dev API - MCX/LME-linked),Simulated historical trend (see SOURCES.md for base-value citations)
20-07-2026,Iron,Punjab,Amritsar,34.15,per kg,31.42,36.88,False,Derived (Formula from Metals.Dev API - MCX/LME-linked),Simulated historical trend (see SOURCES.md for base-value citations)
20-07-2026,Lead,Punjab,Amritsar,94.62,per kg,87.05,102.19,False,Derived (Formula from Metals.Dev API - MCX/LME-linked),Simulated historical trend (see SOURCES.md for base-value citations)
20-07-2026,PCB,Punjab,Amritsar,114.25,per kg,105.11,123.39,False,Derived (Composition Model - Copper-driven),Simulated historical trend (see SOURCES.md for base-value citations)
20-07-2026,Cable,Punjab,Amritsar,234.18,per kg,215.45,252.91,False,Derived (Composition Model - Copper-driven),Simulated historical trend (see SOURCES.md for base-value citations)
20-07-2026,Motor,Punjab,Amritsar,49.17,per kg,45.24,53.1,False,Derived (Composition Model - Copper-driven),Simulated historical trend (see SOURCES.md for base-value citations)
20-07-2026,Battery,Punjab,Amritsar,47.19,per kg,43.41,50.97,False,Derived (Composition Model - Lead-driven),Simulated historical trend (see SOURCES.md for base-value citations)
20-07-2026,CRT,Punjab,Amritsar,0.0,per kg,0.0,0.0,True,"Derived (Composition Model - Lead-driven, hazard-adjusted)",Simulated historical trend (see SOURCES.md for base-value citations)
20-07-2026,LCD,Punjab,Amritsar,22.59,per kg,20.78,24.4,False,Derived (Composition Model - Aluminium-driven),Simulated historical trend (see SOURCES.md for base-value citations)
20-07-2026,Copper,Punjab,Jalandhar,591.39,per kg,544.08,638.7,False,Derived (Formula from Metals.Dev API - MCX/LME-linked),Simulated historical trend (see SOURCES.md for base-value citations)
20-07-2026,Aluminium,Punjab,Jalandhar,143.47,per kg,131.99,154.95,False,Derived (Formula from Metals.Dev API - MCX/LME-linked),Simulated historical trend (see SOURCES.md for base-value citations)
20-07-2026,Iron,Punjab,Jalandhar,35.22,per kg,32.4,38.04,False,Derived (Formula from Metals.Dev API - MCX/LME-linked),Simulated historical trend (see SOURCES.md for base-value citations)
20-07-2026,Lead,Punjab,Jalandhar,87.65,per kg,80.64,94.66,False,Derived (Formula from Metals.Dev API - MCX/LME-linked),Simulated historical trend (see SOURCES.md for base-value citations)
20-07-2026,PCB,Punjab,Jalandhar,113.38,per kg,104.31,122.45,False,Derived (Composition Model - Copper-driven),Simulated historical trend (see SOURCES.md for base-value citations)
20-07-2026,Cable,Punjab,Jalandhar,230.43,per kg,212.0,248.86,False,Derived (Composition Model - Copper-driven),Simulated historical trend (see SOURCES.md for base-value citations)
20-07-2026,Motor,Punjab,Jalandhar,50.04,per kg,46.04,54.04,False,Derived (Composition Model - Copper-driven),Simulated historical trend (see SOURCES.md for base-value citations)
20-07-2026,Battery,Punjab,Jalandhar,42.11,per kg,38.74,45.48,False,Derived (Composition Model - Lead-driven),Simulated historical trend (see SOURCES.md for base-value citations)
20-07-2026,CRT,Punjab,Jalandhar,0.0,per kg,0.0,0.0,True,"Derived (Composition Model - Lead-driven, hazard-adjusted)",Simulated historical trend (see SOURCES.md for base-value citations)
20-07-2026,LCD,Punjab,Jalandhar,18.97,per kg,17.45,20.49,False,Derived (Composition Model - Aluminium-driven),Simulated historical trend (see SOURCES.md for base-value citations)
20-07-2026,Copper,Maharashtra,Mumbai,602.02,per kg,553.86,650.18,False,Derived (Formula from Metals.Dev API - MCX/LME-linked),Simulated historical trend (see SOURCES.md for base-value citations)
20-07-2026,Aluminium,Maharashtra,Mumbai,155.11,per kg,142.7,167.52,False,Derived (Formula from Metals.Dev API - MCX/LME-linked),Simulated historical trend (see SOURCES.md for base-value citations)
20-07-2026,Iron,Maharashtra,Mumbai,39.31,per kg,36.17,42.45,False,Derived (Formula from Metals.Dev API - MCX/LME-linked),Simulated historical trend (see SOURCES.md for base-value citations)
20-07-2026,Lead,Maharashtra,Mumbai,108.19,per kg,99.53,116.85,False,Derived (Formula from Metals.Dev API - MCX/LME-linked),Simulated historical trend (see SOURCES.md for base-value citations)
20-07-2026,PCB,Maharashtra,Mumbai,126.13,per kg,116.04,136.22,False,Derived (Composition Model - Copper-driven),Simulated historical trend (see SOURCES.md for base-value citations)
20-07-2026,Cable,Maharashtra,Mumbai,243.05,per kg,223.61,262.49,False,Derived (Composition Model - Copper-driven),Simulated historical trend (see SOURCES.md for base-value citations)
20-07-2026,Motor,Maharashtra,Mumbai,45.84,per kg,42.17,49.51,False,Derived (Composition Model - Copper-driven),Simulated historical trend (see SOURCES.md for base-value citations)
20-07-2026,Battery,Maharashtra,Mumbai,46.84,per kg,43.09,50.59,False,Derived (Composition Model - Lead-driven),Simulated historical trend (see SOURCES.md for base-value citations)
20-07-2026,CRT,Maharashtra,Mumbai,0.0,per kg,0.0,0.0,True,"Derived (Composition Model - Lead-driven, hazard-adjusted)",Simulated historical trend (see SOURCES.md for base-value citations)
20-07-2026,LCD,Maharashtra,Mumbai,20.63,per kg,18.98,22.28,False,Derived (Composition Model - Aluminium-driven),Simulated historical trend (see SOURCES.md for base-value citations)
20-07-2026,Copper,Maharashtra,Pune,638.86,per kg,587.75,689.97,False,Derived (Formula from Metals.Dev API - MCX/LME-linked),Simulated historical trend (see SOURCES.md for base-value citations)
20-07-2026,Aluminium,Maharashtra,Pune,159.42,per kg,146.67,172.17,False,Derived (Formula from Metals.Dev API - MCX/LME-linked),Simulated historical trend (see SOURCES.md for base-value citations)
20-07-2026,Iron,Maharashtra,Pune,33.93,per kg,31.22,36.64,False,Derived (Formula from Metals.Dev API - MCX/LME-linked),Simulated historical trend (see SOURCES.md for base-value citations)
20-07-2026,Lead,Maharashtra,Pune,105.56,per kg,97.12,114.0,False,Derived (Formula from Metals.Dev API - MCX/LME-linked),Simulated historical trend (see SOURCES.md for base-value citations)
20-07-2026,PCB,Maharashtra,Pune,112.31,per kg,103.33,121.29,False,Derived (Composition Model - Copper-driven),Simulated historical trend (see SOURCES.md for base-value citations)
20-07-2026,Cable,Maharashtra,Pune,271.97,per kg,250.21,293.73,False,Derived (Composition Model - Copper-driven),Simulated historical trend (see SOURCES.md for base-value citations)
20-07-2026,Motor,Maharashtra,Pune,44.31,per kg,40.77,47.85,False,Derived (Composition Model - Copper-driven),Simulated historical trend (see SOURCES.md for base-value citations)
20-07-2026,Battery,Maharashtra,Pune,41.75,per kg,38.41,45.09,False,Derived (Composition Model - Lead-driven),Simulated historical trend (see SOURCES.md for base-value citations)
20-07-2026,CRT,Maharashtra,Pune,0.0,per kg,0.0,0.0,True,"Derived (Composition Model - Lead-driven, hazard-adjusted)",Simulated historical trend (see SOURCES.md for base-value citations)
20-07-2026,LCD,Maharashtra,Pune,19.87,per kg,18.28,21.46,False,Derived (Composition Model - Aluminium-driven),Simulated historical trend (see SOURCES.md for base-value citations)
19-07-2026,Copper,Punjab,Ludhiana,684.14,per kg,629.41,738.87,False,Derived (Formula from Metals.Dev API - MCX/LME-linked),Simulated historical trend (see SOURCES.md for base-value citations)
19-07-2026,Aluminium,Punjab,Ludhiana,140.85,per kg,129.58,152.12,False,Derived (Formula from Metals.Dev API - MCX/LME-linked),Simulated historical trend (see SOURCES.md for base-value citations)
19-07-2026,Iron,Punjab,Ludhiana,33.41,per kg,30.74,36.08,False,Derived (Formula from Metals.Dev API - MCX/LME-linked),Simulated historical trend (see SOURCES.md for base-value citations)
19-07-2026,Lead,Punjab,Ludhiana,104.7,per kg,96.32,113.08,False,Derived (Formula from Metals.Dev API - MCX/LME-linked),Simulated historical trend (see SOURCES.md for base-value citations)
19-07-2026,PCB,Punjab,Ludhiana,104.12,per kg,95.79,112.45,False,Derived (Composition Model - Copper-driven),Simulated historical trend (see SOURCES.md for base-value citations)
19-07-2026,Cable,Punjab,Ludhiana,243.28,per kg,223.82,262.74,False,Derived (Composition Model - Copper-driven),Simulated historical trend (see SOURCES.md for base-value citations)
19-07-2026,Motor,Punjab,Ludhiana,50.21,per kg,46.19,54.23,False,Derived (Composition Model - Copper-driven),Simulated historical trend (see SOURCES.md for base-value citations)
19-07-2026,Battery,Punjab,Ludhiana,43.84,per kg,40.33,47.35,False,Derived (Composition Model - Lead-driven),Simulated historical trend (see SOURCES.md for base-value citations)
19-07-2026,CRT,Punjab,Ludhiana,0.0,per kg,0.0,0.0,True,"Derived (Composition Model - Lead-driven, hazard-adjusted)",Simulated historical trend (see SOURCES.md for base-value citations)
19-07-2026,LCD,Punjab,Ludhiana,19.91,per kg,18.32,21.5,False,Derived (Composition Model - Aluminium-driven),Simulated historical trend (see SOURCES.md for base-value citations)
19-07-2026,Copper,Punjab,Amritsar,609.23,per kg,560.49,657.97,False,Derived (Formula from Metals.Dev API - MCX/LME-linked),Simulated historical trend (see SOURCES.md for base-value citations)
19-07-2026,Aluminium,Punjab,Amritsar,142.41,per kg,131.02,153.8,False,Derived (Formula from Metals.Dev API - MCX/LME-linked),Simulated historical trend (see SOURCES.md for base-value citations)
19-07-2026,Iron,Punjab,Amritsar,33.15,per kg,30.5,35.8,False,Derived (Formula from Metals.Dev API - MCX/LME-linked),Simulated historical trend (see SOURCES.md for base-value citations)
19-07-2026,Lead,Punjab,Amritsar,106.38,per kg,97.87,114.89,False,Derived (Formula from Metals.Dev API - MCX/LME-linked),Simulated historical trend (see SOURCES.md for base-value citations)
19-07-2026,PCB,Punjab,Amritsar,120.07,per kg,110.46,129.68,False,Derived (Composition Model - Copper-driven),Simulated historical trend (see SOURCES.md for base-value citations)
19-07-2026,Cable,Punjab,Amritsar,243.85,per kg,224.34,263.36,False,Derived (Composition Model - Copper-driven),Simulated historical trend (see SOURCES.md for base-value citations)
19-07-2026,Motor,Punjab,Amritsar,44.45,per kg,40.89,48.01,False,Derived (Composition Model - Copper-driven),Simulated historical trend (see SOURCES.md for base-value citations)
19-07-2026,Battery,Punjab,Amritsar,45.09,per kg,41.48,48.7,False,Derived (Composition Model - Lead-driven),Simulated historical trend (see SOURCES.md for base-value citations)
19-07-2026,CRT,Punjab,Amritsar,0.0,per kg,0.0,0.0,True,"Derived (Composition Model - Lead-driven, hazard-adjusted)",Simulated historical trend (see SOURCES.md for base-value citations)
19-07-2026,LCD,Punjab,Amritsar,21.12,per kg,19.43,22.81,False,Derived (Composition Model - Aluminium-driven),Simulated historical trend (see SOURCES.md for base-value citations)
19-07-2026,Copper,Punjab,Jalandhar,641.85,per kg,590.5,693.2,False,Derived (Formula from Metals.Dev API - MCX/LME-linked),Simulated historical trend (see SOURCES.md for base-value citations)
19-07-2026,Aluminium,Punjab,Jalandhar,149.4,per kg,137.45,161.35,False,Derived (Formula from Metals.Dev API - MCX/LME-linked),Simulated historical trend (see SOURCES.md for base-value citations)
19-07-2026,Iron,Punjab,Jalandhar,35.64,per kg,32.79,38.49,False,Derived (Formula from Metals.Dev API - MCX/LME-linked),Simulated historical trend (see SOURCES.md for base-value citations)
19-07-2026,Lead,Punjab,Jalandhar,99.7,per kg,91.72,107.68,False,Derived (Formula from Metals.Dev API - MCX/LME-linked),Simulated historical trend (see SOURCES.md for base-value citations)
19-07-2026,PCB,Punjab,Jalandhar,105.07,per kg,96.66,113.48,False,Derived (Composition Model - Copper-driven),Simulated historical trend (see SOURCES.md for base-value citations)
19-07-2026,Cable,Punjab,Jalandhar,222.97,per kg,205.13,240.81,False,Derived (Composition Model - Copper-driven),Simulated historical trend (see SOURCES.md for base-value citations)
19-07-2026,Motor,Punjab,Jalandhar,48.53,per kg,44.65,52.41,False,Derived (Composition Model - Copper-driven),Simulated historical trend (see SOURCES.md for base-value citations)
19-07-2026,Battery,Punjab,Jalandhar,42.34,per kg,38.95,45.73,False,Derived (Composition Model - Lead-driven),Simulated historical trend (see SOURCES.md for base-value citations)
19-07-2026,CRT,Punjab,Jalandhar,0.0,per kg,0.0,0.0,True,"Derived (Composition Model - Lead-driven, hazard-adjusted)",Simulated historical trend (see SOURCES.md for base-value citations)
19-07-2026,LCD,Punjab,Jalandhar,20.54,per kg,18.9,22.18,False,Derived (Composition Model - Aluminium-driven),Simulated historical trend (see SOURCES.md for base-value citations)
19-07-2026,Copper,Maharashtra,Mumbai,651.98,per kg,599.82,704.14,False,Derived (Formula from Metals.Dev API - MCX/LME-linked),Simulated historical trend (see SOURCES.md for base-value citations)
19-07-2026,Aluminium,Maharashtra,Mumbai,165.1,per kg,151.89,178.31,False,Derived (Formula from Metals.Dev API - MCX/LME-linked),Simulated historical trend (see SOURCES.md for base-value citations)
19-07-2026,Iron,Maharashtra,Mumbai,41.0,per kg,37.72,44.28,False,Derived (Formula from Metals.Dev API - MCX/LME-linked),Simulated historical trend (see SOURCES.md for base-value citations)
19-07-2026,Lead,Maharashtra,Mumbai,103.48,per kg,95.2,111.76,False,Derived (Formula from Metals.Dev API - MCX/LME-linked),Simulated historical trend (see SOURCES.md for base-value citations)
19-07-2026,PCB,Maharashtra,Mumbai,117.98,per kg,108.54,127.42,False,Derived (Composition Model - Copper-driven),Simulated historical trend (see SOURCES.md for base-value citations)
19-07-2026,Cable,Maharashtra,Mumbai,241.17,per kg,221.88,260.46,False,Derived (Composition Model - Copper-driven),Simulated historical trend (see SOURCES.md for base-value citations)
19-07-2026,Motor,Maharashtra,Mumbai,50.45,per kg,46.41,54.49,False,Derived (Composition Model - Copper-driven),Simulated historical trend (see SOURCES.md for base-value citations)
19-07-2026,Battery,Maharashtra,Mumbai,44.41,per kg,40.86,47.96,False,Derived (Composition Model - Lead-driven),Simulated historical trend (see SOURCES.md for base-value citations)
19-07-2026,CRT,Maharashtra,Mumbai,0.0,per kg,0.0,0.0,True,"Derived (Composition Model - Lead-driven, hazard-adjusted)",Simulated historical trend (see SOURCES.md for base-value citations)
19-07-2026,LCD,Maharashtra,Mumbai,19.87,per kg,18.28,21.46,False,Derived (Composition Model - Aluminium-driven),Simulated historical trend (see SOURCES.md for base-value citations)
19-07-2026,Copper,Maharashtra,Pune,614.3,per kg,565.16,663.44,False,Derived (Formula from Metals.Dev API - MCX/LME-linked),Simulated historical trend (see SOURCES.md for base-value citations)
19-07-2026,Aluminium,Maharashtra,Pune,154.56,per kg,142.2,166.92,False,Derived (Formula from Metals.Dev API - MCX/LME-linked),Simulated historical trend (see SOURCES.md for base-value citations)
19-07-2026,Iron,Maharashtra,Pune,39.95,per kg,36.75,43.15,False,Derived (Formula from Metals.Dev API - MCX/LME-linked),Simulated historical trend (see SOURCES.md for base-value citations)
19-07-2026,Lead,Maharashtra,Pune,108.44,per kg,99.76,117.12,False,Derived (Formula from Metals.Dev API - MCX/LME-linked),Simulated historical trend (see SOURCES.md for base-value citations)
19-07-2026,PCB,Maharashtra,Pune,110.8,per kg,101.94,119.66,False,Derived (Composition Model - Copper-driven),Simulated historical trend (see SOURCES.md for base-value citations)
19-07-2026,Cable,Maharashtra,Pune,261.92,per kg,240.97,282.87,False,Derived (Composition Model - Copper-driven),Simulated historical trend (see SOURCES.md for base-value citations)
19-07-2026,Motor,Maharashtra,Pune,47.15,per kg,43.38,50.92,False,Derived (Composition Model - Copper-driven),Simulated historical trend (see SOURCES.md for base-value citations)
19-07-2026,Battery,Maharashtra,Pune,44.81,per kg,41.23,48.39,False,Derived (Composition Model - Lead-driven),Simulated historical trend (see SOURCES.md for base-value citations)
19-07-2026,CRT,Maharashtra,Pune,0.0,per kg,0.0,0.0,True,"Derived (Composition Model - Lead-driven, hazard-adjusted)",Simulated historical trend (see SOURCES.md for base-value citations)
19-07-2026,LCD,Maharashtra,Pune,21.89,per kg,20.14,23.64,False,Derived (Composition Model - Aluminium-driven),Simulated historical trend (see SOURCES.md for base-value citations)
18-07-2026,Copper,Punjab,Ludhiana,617.48,per kg,568.08,666.88,False,Derived (Formula from Metals.Dev API - MCX/LME-linked),Simulated historical trend (see SOURCES.md for base-value citations)
18-07-2026,Aluminium,Punjab,Ludhiana,141.33,per kg,130.02,152.64,False,Derived (Formula from Metals.Dev API - MCX/LME-linked),Simulated historical trend (see SOURCES.md for base-value citations)
18-07-2026,Iron,Punjab,Ludhiana,38.54,per kg,35.46,41.62,False,Derived (Formula from Metals.Dev API - MCX/LME-linked),Simulated historical trend (see SOURCES.md for base-value citations)
18-07-2026,Lead,Punjab,Ludhiana,91.17,per kg,83.88,98.46,False,Derived (Formula from Metals.Dev API - MCX/LME-linked),Simulated historical trend (see SOURCES.md for base-value citations)
18-07-2026,PCB,Punjab,Ludhiana,107.15,per kg,98.58,115.72,False,Derived (Composition Model - Copper-driven),Simulated historical trend (see SOURCES.md for base-value citations)
18-07-2026,Cable,Punjab,Ludhiana,230.86,per kg,212.39,249.33,False,Derived (Composition Model - Copper-driven),Simulated historical trend (see SOURCES.md for base-value citations)
18-07-2026,Motor,Punjab,Ludhiana,45.81,per kg,42.15,49.47,False,Derived (Composition Model - Copper-driven),Simulated historical trend (see SOURCES.md for base-value citations)
18-07-2026,Battery,Punjab,Ludhiana,45.33,per kg,41.7,48.96,False,Derived (Composition Model - Lead-driven),Simulated historical trend (see SOURCES.md for base-value citations)
18-07-2026,CRT,Punjab,Ludhiana,0.0,per kg,0.0,0.0,True,"Derived (Composition Model - Lead-driven, hazard-adjusted)",Simulated historical trend (see SOURCES.md for base-value citations)
18-07-2026,LCD,Punjab,Ludhiana,22.2,per kg,20.42,23.98,False,Derived (Composition Model - Aluminium-driven),Simulated historical trend (see SOURCES.md for base-value citations)
18-07-2026,Copper,Punjab,Amritsar,601.04,per kg,552.96,649.12,False,Derived (Formula from Metals.Dev API - MCX/LME-linked),Simulated historical trend (see SOURCES.md for base-value citations)
18-07-2026,Aluminium,Punjab,Amritsar,142.42,per kg,131.03,153.81,False,Derived (Formula from Metals.Dev API - MCX/LME-linked),Simulated historical trend (see SOURCES.md for base-value citations)
18-07-2026,Iron,Punjab,Amritsar,35.59,per kg,32.74,38.44,False,Derived (Formula from Metals.Dev API - MCX/LME-linked),Simulated historical trend (see SOURCES.md for base-value citations)
18-07-2026,Lead,Punjab,Amritsar,103.44,per kg,95.16,111.72,False,Derived (Formula from Metals.Dev API - MCX/LME-linked),Simulated historical trend (see SOURCES.md for base-value citations)
18-07-2026,PCB,Punjab,Amritsar,105.69,per kg,97.23,114.15,False,Derived (Composition Model - Copper-driven),Simulated historical trend (see SOURCES.md for base-value citations)
18-07-2026,Cable,Punjab,Amritsar,252.16,per kg,231.99,272.33,False,Derived (Composition Model - Copper-driven),Simulated historical trend (see SOURCES.md for base-value citations)
18-07-2026,Motor,Punjab,Amritsar,46.34,per kg,42.63,50.05,False,Derived (Composition Model - Copper-driven),Simulated historical trend (see SOURCES.md for base-value citations)
18-07-2026,Battery,Punjab,Amritsar,44.54,per kg,40.98,48.1,False,Derived (Composition Model - Lead-driven),Simulated historical trend (see SOURCES.md for base-value citations)
18-07-2026,CRT,Punjab,Amritsar,0.0,per kg,0.0,0.0,True,"Derived (Composition Model - Lead-driven, hazard-adjusted)",Simulated historical trend (see SOURCES.md for base-value citations)
18-07-2026,LCD,Punjab,Amritsar,19.47,per kg,17.91,21.03,False,Derived (Composition Model - Aluminium-driven),Simulated historical trend (see SOURCES.md for base-value citations)
18-07-2026,Copper,Punjab,Jalandhar,553.08,per kg,508.83,597.33,False,Derived (Formula from Metals.Dev API - MCX/LME-linked),Simulated historical trend (see SOURCES.md for base-value citations)
18-07-2026,Aluminium,Punjab,Jalandhar,156.93,per kg,144.38,169.48,False,Derived (Formula from Metals.Dev API - MCX/LME-linked),Simulated historical trend (see SOURCES.md for base-value citations)
18-07-2026,Iron,Punjab,Jalandhar,34.28,per kg,31.54,37.02,False,Derived (Formula from Metals.Dev API - MCX/LME-linked),Simulated historical trend (see SOURCES.md for base-value citations)
18-07-2026,Lead,Punjab,Jalandhar,95.7,per kg,88.04,103.36,False,Derived (Formula from Metals.Dev API - MCX/LME-linked),Simulated historical trend (see SOURCES.md for base-value citations)
18-07-2026,PCB,Punjab,Jalandhar,113.69,per kg,104.59,122.79,False,Derived (Composition Model - Copper-driven),Simulated historical trend (see SOURCES.md for base-value citations)
18-07-2026,Cable,Punjab,Jalandhar,228.89,per kg,210.58,247.2,False,Derived (Composition Model - Copper-driven),Simulated historical trend (see SOURCES.md for base-value citations)
18-07-2026,Motor,Punjab,Jalandhar,44.12,per kg,40.59,47.65,False,Derived (Composition Model - Copper-driven),Simulated historical trend (see SOURCES.md for base-value citations)
18-07-2026,Battery,Punjab,Jalandhar,41.22,per kg,37.92,44.52,False,Derived (Composition Model - Lead-driven),Simulated historical trend (see SOURCES.md for base-value citations)
18-07-2026,CRT,Punjab,Jalandhar,0.0,per kg,0.0,0.0,True,"Derived (Composition Model - Lead-driven, hazard-adjusted)",Simulated historical trend (see SOURCES.md for base-value citations)
18-07-2026,LCD,Punjab,Jalandhar,18.48,per kg,17.0,19.96,False,Derived (Composition Model - Aluminium-driven),Simulated historical trend (see SOURCES.md for base-value citations)
18-07-2026,Copper,Maharashtra,Mumbai,665.71,per kg,612.45,718.97,False,Derived (Formula from Metals.Dev API - MCX/LME-linked),Simulated historical trend (see SOURCES.md for base-value citations)
18-07-2026,Aluminium,Maharashtra,Mumbai,154.19,per kg,141.85,166.53,False,Derived (Formula from Metals.Dev API - MCX/LME-linked),Simulated historical trend (see SOURCES.md for base-value citations)
18-07-2026,Iron,Maharashtra,Mumbai,34.51,per kg,31.75,37.27,False,Derived (Formula from Metals.Dev API - MCX/LME-linked),Simulated historical trend (see SOURCES.md for base-value citations)
18-07-2026,Lead,Maharashtra,Mumbai,112.22,per kg,103.24,121.2,False,Derived (Formula from Metals.Dev API - MCX/LME-linked),Simulated historical trend (see SOURCES.md for base-value citations)
18-07-2026,PCB,Maharashtra,Mumbai,125.69,per kg,115.63,135.75,False,Derived (Composition Model - Copper-driven),Simulated historical trend (see SOURCES.md for base-value citations)
18-07-2026,Cable,Maharashtra,Mumbai,267.79,per kg,246.37,289.21,False,Derived (Composition Model - Copper-driven),Simulated historical trend (see SOURCES.md for base-value citations)
18-07-2026,Motor,Maharashtra,Mumbai,53.36,per kg,49.09,57.63,False,Derived (Composition Model - Copper-driven),Simulated historical trend (see SOURCES.md for base-value citations)
18-07-2026,Battery,Maharashtra,Mumbai,41.97,per kg,38.61,45.33,False,Derived (Composition Model - Lead-driven),Simulated historical trend (see SOURCES.md for base-value citations)
18-07-2026,CRT,Maharashtra,Mumbai,0.0,per kg,0.0,0.0,True,"Derived (Composition Model - Lead-driven, hazard-adjusted)",Simulated historical trend (see SOURCES.md for base-value citations)
18-07-2026,LCD,Maharashtra,Mumbai,20.93,per kg,19.26,22.6,False,Derived (Composition Model - Aluminium-driven),Simulated historical trend (see SOURCES.md for base-value citations)
18-07-2026,Copper,Maharashtra,Pune,652.89,per kg,600.66,705.12,False,Derived (Formula from Metals.Dev API - MCX/LME-linked),Simulated historical trend (see SOURCES.md for base-value citations)
18-07-2026,Aluminium,Maharashtra,Pune,164.03,per kg,150.91,177.15,False,Derived (Formula from Metals.Dev API - MCX/LME-linked),Simulated historical trend (see SOURCES.md for base-value citations)
18-07-2026,Iron,Maharashtra,Pune,36.83,per kg,33.88,39.78,False,Derived (Formula from Metals.Dev API - MCX/LME-linked),Simulated historical trend (see SOURCES.md for base-value citations)
18-07-2026,Lead,Maharashtra,Pune,107.11,per kg,98.54,115.68,False,Derived (Formula from Metals.Dev API - MCX/LME-linked),Simulated historical trend (see SOURCES.md for base-value citations)
18-07-2026,PCB,Maharashtra,Pune,116.17,per kg,106.88,125.46,False,Derived (Composition Model - Copper-driven),Simulated historical trend (see SOURCES.md for base-value citations)
18-07-2026,Cable,Maharashtra,Pune,264.67,per kg,243.5,285.84,False,Derived (Composition Model - Copper-driven),Simulated historical trend (see SOURCES.md for base-value citations)
18-07-2026,Motor,Maharashtra,Pune,46.03,per kg,42.35,49.71,False,Derived (Composition Model - Copper-driven),Simulated historical trend (see SOURCES.md for base-value citations)
18-07-2026,Battery,Maharashtra,Pune,41.05,per kg,37.77,44.33,False,Derived (Composition Model - Lead-driven),Simulated historical trend (see SOURCES.md for base-value citations)
18-07-2026,CRT,Maharashtra,Pune,0.0,per kg,0.0,0.0,True,"Derived (Composition Model - Lead-driven, hazard-adjusted)",Simulated historical trend (see SOURCES.md for base-value citations)
18-07-2026,LCD,Maharashtra,Pune,21.76,per kg,20.02,23.5,False,Derived (Composition Model - Aluminium-driven),Simulated historical trend (see SOURCES.md for base-value citations)
17-07-2026,Copper,Punjab,Ludhiana,688.43,per kg,633.36,743.5,False,Derived (Formula from Metals.Dev API - MCX/LME-linked),Simulated historical trend (see SOURCES.md for base-value citations)
17-07-2026,Aluminium,Punjab,Ludhiana,155.64,per kg,143.19,168.09,False,Derived (Formula from Metals.Dev API - MCX/LME-linked),Simulated historical trend (see SOURCES.md for base-value citations)
17-07-2026,Iron,Punjab,Ludhiana,33.86,per kg,31.15,36.57,False,Derived (Formula from Metals.Dev API - MCX/LME-linked),Simulated historical trend (see SOURCES.md for base-value citations)
17-07-2026,Lead,Punjab,Ludhiana,104.6,per kg,96.23,112.97,False,Derived (Formula from Metals.Dev API - MCX/LME-linked),Simulated historical trend (see SOURCES.md for base-value citations)
17-07-2026,PCB,Punjab,Ludhiana,109.05,per kg,100.33,117.77,False,Derived (Composition Model - Copper-driven),Simulated historical trend (see SOURCES.md for base-value citations)
17-07-2026,Cable,Punjab,Ludhiana,246.68,per kg,226.95,266.41,False,Derived (Composition Model - Copper-driven),Simulated historical trend (see SOURCES.md for base-value citations)
17-07-2026,Motor,Punjab,Ludhiana,44.1,per kg,40.57,47.63,False,Derived (Composition Model - Copper-driven),Simulated historical trend (see SOURCES.md for base-value citations)
17-07-2026,Battery,Punjab,Ludhiana,42.44,per kg,39.04,45.84,False,Derived (Composition Model - Lead-driven),Simulated historical trend (see SOURCES.md for base-value citations)
17-07-2026,CRT,Punjab,Ludhiana,0.0,per kg,0.0,0.0,True,"Derived (Composition Model - Lead-driven, hazard-adjusted)",Simulated historical trend (see SOURCES.md for base-value citations)
17-07-2026,LCD,Punjab,Ludhiana,22.05,per kg,20.29,23.81,False,Derived (Composition Model - Aluminium-driven),Simulated historical trend (see SOURCES.md for base-value citations)
17-07-2026,Copper,Punjab,Amritsar,595.59,per kg,547.94,643.24,False,Derived (Formula from Metals.Dev API - MCX/LME-linked),Simulated historical trend (see SOURCES.md for base-value citations)
17-07-2026,Aluminium,Punjab,Amritsar,164.21,per kg,151.07,177.35,False,Derived (Formula from Metals.Dev API - MCX/LME-linked),Simulated historical trend (see SOURCES.md for base-value citations)
17-07-2026,Iron,Punjab,Amritsar,39.45,per kg,36.29,42.61,False,Derived (Formula from Metals.Dev API - MCX/LME-linked),Simulated historical trend (see SOURCES.md for base-value citations)
17-07-2026,Lead,Punjab,Amritsar,109.6,per kg,100.83,118.37,False,Derived (Formula from Metals.Dev API - MCX/LME-linked),Simulated historical trend (see SOURCES.md for base-value citations)
17-07-2026,PCB,Punjab,Amritsar,109.83,per kg,101.04,118.62,False,Derived (Composition Model - Copper-driven),Simulated historical trend (see SOURCES.md for base-value citations)
17-07-2026,Cable,Punjab,Amritsar,241.76,per kg,222.42,261.1,False,Derived (Composition Model - Copper-driven),Simulated historical trend (see SOURCES.md for base-value citations)
17-07-2026,Motor,Punjab,Amritsar,52.16,per kg,47.99,56.33,False,Derived (Composition Model - Copper-driven),Simulated historical trend (see SOURCES.md for base-value citations)
17-07-2026,Battery,Punjab,Amritsar,44.49,per kg,40.93,48.05,False,Derived (Composition Model - Lead-driven),Simulated historical trend (see SOURCES.md for base-value citations)
17-07-2026,CRT,Punjab,Amritsar,0.0,per kg,0.0,0.0,True,"Derived (Composition Model - Lead-driven, hazard-adjusted)",Simulated historical trend (see SOURCES.md for base-value citations)
17-07-2026,LCD,Punjab,Amritsar,19.33,per kg,17.78,20.88,False,Derived (Composition Model - Aluminium-driven),Simulated historical trend (see SOURCES.md for base-value citations)
17-07-2026,Copper,Punjab,Jalandhar,550.43,per kg,506.4,594.46,False,Derived (Formula from Metals.Dev API - MCX/LME-linked),Simulated historical trend (see SOURCES.md for base-value citations)
17-07-2026,Aluminium,Punjab,Jalandhar,137.33,per kg,126.34,148.32,False,Derived (Formula from Metals.Dev API - MCX/LME-linked),Simulated historical trend (see SOURCES.md for base-value citations)
17-07-2026,Iron,Punjab,Jalandhar,31.29,per kg,28.79,33.79,False,Derived (Formula from Metals.Dev API - MCX/LME-linked),Simulated historical trend (see SOURCES.md for base-value citations)
17-07-2026,Lead,Punjab,Jalandhar,90.04,per kg,82.84,97.24,False,Derived (Formula from Metals.Dev API - MCX/LME-linked),Simulated historical trend (see SOURCES.md for base-value citations)
17-07-2026,PCB,Punjab,Jalandhar,104.85,per kg,96.46,113.24,False,Derived (Composition Model - Copper-driven),Simulated historical trend (see SOURCES.md for base-value citations)
17-07-2026,Cable,Punjab,Jalandhar,250.34,per kg,230.31,270.37,False,Derived (Composition Model - Copper-driven),Simulated historical trend (see SOURCES.md for base-value citations)
17-07-2026,Motor,Punjab,Jalandhar,44.7,per kg,41.12,48.28,False,Derived (Composition Model - Copper-driven),Simulated historical trend (see SOURCES.md for base-value citations)
17-07-2026,Battery,Punjab,Jalandhar,42.04,per kg,38.68,45.4,False,Derived (Composition Model - Lead-driven),Simulated historical trend (see SOURCES.md for base-value citations)
17-07-2026,CRT,Punjab,Jalandhar,0.0,per kg,0.0,0.0,True,"Derived (Composition Model - Lead-driven, hazard-adjusted)",Simulated historical trend (see SOURCES.md for base-value citations)
17-07-2026,LCD,Punjab,Jalandhar,17.9,per kg,16.47,19.33,False,Derived (Composition Model - Aluminium-driven),Simulated historical trend (see SOURCES.md for base-value citations)
17-07-2026,Copper,Maharashtra,Mumbai,639.19,per kg,588.05,690.33,False,Derived (Formula from Metals.Dev API - MCX/LME-linked),Simulated historical trend (see SOURCES.md for base-value citations)
17-07-2026,Aluminium,Maharashtra,Mumbai,167.55,per kg,154.15,180.95,False,Derived (Formula from Metals.Dev API - MCX/LME-linked),Simulated historical trend (see SOURCES.md for base-value citations)
17-07-2026,Iron,Maharashtra,Mumbai,40.33,per kg,37.1,43.56,False,Derived (Formula from Metals.Dev API - MCX/LME-linked),Simulated historical trend (see SOURCES.md for base-value citations)
17-07-2026,Lead,Maharashtra,Mumbai,114.19,per kg,105.05,123.33,False,Derived (Formula from Metals.Dev API - MCX/LME-linked),Simulated historical trend (see SOURCES.md for base-value citations)
17-07-2026,PCB,Maharashtra,Mumbai,118.59,per kg,109.1,128.08,False,Derived (Composition Model - Copper-driven),Simulated historical trend (see SOURCES.md for base-value citations)
17-07-2026,Cable,Maharashtra,Mumbai,242.98,per kg,223.54,262.42,False,Derived (Composition Model - Copper-driven),Simulated historical trend (see SOURCES.md for base-value citations)
17-07-2026,Motor,Maharashtra,Mumbai,47.1,per kg,43.33,50.87,False,Derived (Composition Model - Copper-driven),Simulated historical trend (see SOURCES.md for base-value citations)
17-07-2026,Battery,Maharashtra,Mumbai,45.04,per kg,41.44,48.64,False,Derived (Composition Model - Lead-driven),Simulated historical trend (see SOURCES.md for base-value citations)
17-07-2026,CRT,Maharashtra,Mumbai,0.0,per kg,0.0,0.0,True,"Derived (Composition Model - Lead-driven, hazard-adjusted)",Simulated historical trend (see SOURCES.md for base-value citations)
17-07-2026,LCD,Maharashtra,Mumbai,22.9,per kg,21.07,24.73,False,Derived (Composition Model - Aluminium-driven),Simulated historical trend (see SOURCES.md for base-value citations)
17-07-2026,Copper,Maharashtra,Pune,646.55,per kg,594.83,698.27,False,Derived (Formula from Metals.Dev API - MCX/LME-linked),Simulated historical trend (see SOURCES.md for base-value citations)
17-07-2026,Aluminium,Maharashtra,Pune,137.66,per kg,126.65,148.67,False,Derived (Formula from Metals.Dev API - MCX/LME-linked),Simulated historical trend (see SOURCES.md for base-value citations)
17-07-2026,Iron,Maharashtra,Pune,37.14,per kg,34.17,40.11,False,Derived (Formula from Metals.Dev API - MCX/LME-linked),Simulated historical trend (see SOURCES.md for base-value citations)
17-07-2026,Lead,Maharashtra,Pune,94.88,per kg,87.29,102.47,False,Derived (Formula from Metals.Dev API - MCX/LME-linked),Simulated historical trend (see SOURCES.md for base-value citations)
17-07-2026,PCB,Maharashtra,Pune,117.34,per kg,107.95,126.73,False,Derived (Composition Model - Copper-driven),Simulated historical trend (see SOURCES.md for base-value citations)
17-07-2026,Cable,Maharashtra,Pune,256.68,per kg,236.15,277.21,False,Derived (Composition Model - Copper-driven),Simulated historical trend (see SOURCES.md for base-value citations)
17-07-2026,Motor,Maharashtra,Pune,51.35,per kg,47.24,55.46,False,Derived (Composition Model - Copper-driven),Simulated historical trend (see SOURCES.md for base-value citations)
17-07-2026,Battery,Maharashtra,Pune,43.71,per kg,40.21,47.21,False,Derived (Composition Model - Lead-driven),Simulated historical trend (see SOURCES.md for base-value citations)
17-07-2026,CRT,Maharashtra,Pune,0.0,per kg,0.0,0.0,True,"Derived (Composition Model - Lead-driven, hazard-adjusted)",Simulated historical trend (see SOURCES.md for base-value citations)
17-07-2026,LCD,Maharashtra,Pune,22.5,per kg,20.7,24.3,False,Derived (Composition Model - Aluminium-driven),Simulated historical trend (see SOURCES.md for base-value citations)
16-07-2026,Copper,Punjab,Ludhiana,629.45,per kg,579.09,679.81,False,Derived (Formula from Metals.Dev API - MCX/LME-linked),Simulated historical trend (see SOURCES.md for base-value citations)
16-07-2026,Aluminium,Punjab,Ludhiana,158.16,per kg,145.51,170.81,False,Derived (Formula from Metals.Dev API - MCX/LME-linked),Simulated historical trend (see SOURCES.md for base-value citations)
16-07-2026,Iron,Punjab,Ludhiana,33.51,per kg,30.83,36.19,False,Derived (Formula from Metals.Dev API - MCX/LME-linked),Simulated historical trend (see SOURCES.md for base-value citations)
16-07-2026,Lead,Punjab,Ludhiana,106.15,per kg,97.66,114.64,False,Derived (Formula from Metals.Dev API - MCX/LME-linked),Simulated historical trend (see SOURCES.md for base-value citations)
16-07-2026,PCB,Punjab,Ludhiana,115.09,per kg,105.88,124.3,False,Derived (Composition Model - Copper-driven),Simulated historical trend (see SOURCES.md for base-value citations)
16-07-2026,Cable,Punjab,Ludhiana,235.72,per kg,216.86,254.58,False,Derived (Composition Model - Copper-driven),Simulated historical trend (see SOURCES.md for base-value citations)
16-07-2026,Motor,Punjab,Ludhiana,51.88,per kg,47.73,56.03,False,Derived (Composition Model - Copper-driven),Simulated historical trend (see SOURCES.md for base-value citations)
16-07-2026,Battery,Punjab,Ludhiana,42.61,per kg,39.2,46.02,False,Derived (Composition Model - Lead-driven),Simulated historical trend (see SOURCES.md for base-value citations)
16-07-2026,CRT,Punjab,Ludhiana,0.0,per kg,0.0,0.0,True,"Derived (Composition Model - Lead-driven, hazard-adjusted)",Simulated historical trend (see SOURCES.md for base-value citations)
16-07-2026,LCD,Punjab,Ludhiana,18.83,per kg,17.32,20.34,False,Derived (Composition Model - Aluminium-driven),Simulated historical trend (see SOURCES.md for base-value citations)
16-07-2026,Copper,Punjab,Amritsar,632.04,per kg,581.48,682.6,False,Derived (Formula from Metals.Dev API - MCX/LME-linked),Simulated historical trend (see SOURCES.md for base-value citations)
16-07-2026,Aluminium,Punjab,Amritsar,154.47,per kg,142.11,166.83,False,Derived (Formula from Metals.Dev API - MCX/LME-linked),Simulated historical trend (see SOURCES.md for base-value citations)
16-07-2026,Iron,Punjab,Amritsar,39.89,per kg,36.7,43.08,False,Derived (Formula from Metals.Dev API - MCX/LME-linked),Simulated historical trend (see SOURCES.md for base-value citations)
16-07-2026,Lead,Punjab,Amritsar,102.52,per kg,94.32,110.72,False,Derived (Formula from Metals.Dev API - MCX/LME-linked),Simulated historical trend (see SOURCES.md for base-value citations)
16-07-2026,PCB,Punjab,Amritsar,103.61,per kg,95.32,111.9,False,Derived (Composition Model - Copper-driven),Simulated historical trend (see SOURCES.md for base-value citations)
16-07-2026,Cable,Punjab,Amritsar,258.55,per kg,237.87,279.23,False,Derived (Composition Model - Copper-driven),Simulated historical trend (see SOURCES.md for base-value citations)
16-07-2026,Motor,Punjab,Amritsar,48.99,per kg,45.07,52.91,False,Derived (Composition Model - Copper-driven),Simulated historical trend (see SOURCES.md for base-value citations)
16-07-2026,Battery,Punjab,Amritsar,40.91,per kg,37.64,44.18,False,Derived (Composition Model - Lead-driven),Simulated historical trend (see SOURCES.md for base-value citations)
16-07-2026,CRT,Punjab,Amritsar,0.0,per kg,0.0,0.0,True,"Derived (Composition Model - Lead-driven, hazard-adjusted)",Simulated historical trend (see SOURCES.md for base-value citations)
16-07-2026,LCD,Punjab,Amritsar,21.29,per kg,19.59,22.99,False,Derived (Composition Model - Aluminium-driven),Simulated historical trend (see SOURCES.md for base-value citations)
16-07-2026,Copper,Punjab,Jalandhar,610.98,per kg,562.1,659.86,False,Derived (Formula from Metals.Dev API - MCX/LME-linked),Simulated historical trend (see SOURCES.md for base-value citations)
16-07-2026,Aluminium,Punjab,Jalandhar,152.98,per kg,140.74,165.22,False,Derived (Formula from Metals.Dev API - MCX/LME-linked),Simulated historical trend (see SOURCES.md for base-value citations)
16-07-2026,Iron,Punjab,Jalandhar,36.89,per kg,33.94,39.84,False,Derived (Formula from Metals.Dev API - MCX/LME-linked),Simulated historical trend (see SOURCES.md for base-value citations)
16-07-2026,Lead,Punjab,Jalandhar,89.39,per kg,82.24,96.54,False,Derived (Formula from Metals.Dev API - MCX/LME-linked),Simulated historical trend (see SOURCES.md for base-value citations)
16-07-2026,PCB,Punjab,Jalandhar,101.95,per kg,93.79,110.11,False,Derived (Composition Model - Copper-driven),Simulated historical trend (see SOURCES.md for base-value citations)
16-07-2026,Cable,Punjab,Jalandhar,229.64,per kg,211.27,248.01,False,Derived (Composition Model - Copper-driven),Simulated historical trend (see SOURCES.md for base-value citations)
16-07-2026,Motor,Punjab,Jalandhar,49.33,per kg,45.38,53.28,False,Derived (Composition Model - Copper-driven),Simulated historical trend (see SOURCES.md for base-value citations)
16-07-2026,Battery,Punjab,Jalandhar,38.69,per kg,35.59,41.79,False,Derived (Composition Model - Lead-driven),Simulated historical trend (see SOURCES.md for base-value citations)
16-07-2026,CRT,Punjab,Jalandhar,0.0,per kg,0.0,0.0,True,"Derived (Composition Model - Lead-driven, hazard-adjusted)",Simulated historical trend (see SOURCES.md for base-value citations)
16-07-2026,LCD,Punjab,Jalandhar,18.49,per kg,17.01,19.97,False,Derived (Composition Model - Aluminium-driven),Simulated historical trend (see SOURCES.md for base-value citations)
16-07-2026,Copper,Maharashtra,Mumbai,607.56,per kg,558.96,656.16,False,Derived (Formula from Metals.Dev API - MCX/LME-linked),Simulated historical trend (see SOURCES.md for base-value citations)
16-07-2026,Aluminium,Maharashtra,Mumbai,151.76,per kg,139.62,163.9,False,Derived (Formula from Metals.Dev API - MCX/LME-linked),Simulated historical trend (see SOURCES.md for base-value citations)
16-07-2026,Iron,Maharashtra,Mumbai,40.47,per kg,37.23,43.71,False,Derived (Formula from Metals.Dev API - MCX/LME-linked),Simulated historical trend (see SOURCES.md for base-value citations)
16-07-2026,Lead,Maharashtra,Mumbai,111.56,per kg,102.64,120.48,False,Derived (Formula from Metals.Dev API - MCX/LME-linked),Simulated historical trend (see SOURCES.md for base-value citations)
16-07-2026,PCB,Maharashtra,Mumbai,119.36,per kg,109.81,128.91,False,Derived (Composition Model - Copper-driven),Simulated historical trend (see SOURCES.md for base-value citations)
16-07-2026,Cable,Maharashtra,Mumbai,238.77,per kg,219.67,257.87,False,Derived (Composition Model - Copper-driven),Simulated historical trend (see SOURCES.md for base-value citations)
16-07-2026,Motor,Maharashtra,Mumbai,45.22,per kg,41.6,48.84,False,Derived (Composition Model - Copper-driven),Simulated historical trend (see SOURCES.md for base-value citations)
16-07-2026,Battery,Maharashtra,Mumbai,40.96,per kg,37.68,44.24,False,Derived (Composition Model - Lead-driven),Simulated historical trend (see SOURCES.md for base-value citations)
16-07-2026,CRT,Maharashtra,Mumbai,0.0,per kg,0.0,0.0,True,"Derived (Composition Model - Lead-driven, hazard-adjusted)",Simulated historical trend (see SOURCES.md for base-value citations)
16-07-2026,LCD,Maharashtra,Mumbai,19.27,per kg,17.73,20.81,False,Derived (Composition Model - Aluminium-driven),Simulated historical trend (see SOURCES.md for base-value citations)
16-07-2026,Copper,Maharashtra,Pune,603.64,per kg,555.35,651.93,False,Derived (Formula from Metals.Dev API - MCX/LME-linked),Simulated historical trend (see SOURCES.md for base-value citations)
16-07-2026,Aluminium,Maharashtra,Pune,141.34,per kg,130.03,152.65,False,Derived (Formula from Metals.Dev API - MCX/LME-linked),Simulated historical trend (see SOURCES.md for base-value citations)
16-07-2026,Iron,Maharashtra,Pune,38.94,per kg,35.82,42.06,False,Derived (Formula from Metals.Dev API - MCX/LME-linked),Simulated historical trend (see SOURCES.md for base-value citations)
16-07-2026,Lead,Maharashtra,Pune,105.05,per kg,96.65,113.45,False,Derived (Formula from Metals.Dev API - MCX/LME-linked),Simulated historical trend (see SOURCES.md for base-value citations)
16-07-2026,PCB,Maharashtra,Pune,102.03,per kg,93.87,110.19,False,Derived (Composition Model - Copper-driven),Simulated historical trend (see SOURCES.md for base-value citations)
16-07-2026,Cable,Maharashtra,Pune,245.96,per kg,226.28,265.64,False,Derived (Composition Model - Copper-driven),Simulated historical trend (see SOURCES.md for base-value citations)
16-07-2026,Motor,Maharashtra,Pune,44.26,per kg,40.72,47.8,False,Derived (Composition Model - Copper-driven),Simulated historical trend (see SOURCES.md for base-value citations)
16-07-2026,Battery,Maharashtra,Pune,43.08,per kg,39.63,46.53,False,Derived (Composition Model - Lead-driven),Simulated historical trend (see SOURCES.md for base-value citations)
16-07-2026,CRT,Maharashtra,Pune,0.0,per kg,0.0,0.0,True,"Derived (Composition Model - Lead-driven, hazard-adjusted)",Simulated historical trend (see SOURCES.md for base-value citations)
16-07-2026,LCD,Maharashtra,Pune,20.67,per kg,19.02,22.32,False,Derived (Composition Model - Aluminium-driven),Simulated historical trend (see SOURCES.md for base-value citations)
15-07-2026,Copper,Punjab,Ludhiana,661.51,per kg,608.59,714.43,False,Derived (Formula from Metals.Dev API - MCX/LME-linked),Simulated historical trend (see SOURCES.md for base-value citations)
15-07-2026,Aluminium,Punjab,Ludhiana,134.26,per kg,123.52,145.0,False,Derived (Formula from Metals.Dev API - MCX/LME-linked),Simulated historical trend (see SOURCES.md for base-value citations)
15-07-2026,Iron,Punjab,Ludhiana,34.9,per kg,32.11,37.69,False,Derived (Formula from Metals.Dev API - MCX/LME-linked),Simulated historical trend (see SOURCES.md for base-value citations)
15-07-2026,Lead,Punjab,Ludhiana,102.47,per kg,94.27,110.67,False,Derived (Formula from Metals.Dev API - MCX/LME-linked),Simulated historical trend (see SOURCES.md for base-value citations)
15-07-2026,PCB,Punjab,Ludhiana,103.26,per kg,95.0,111.52,False,Derived (Composition Model - Copper-driven),Simulated historical trend (see SOURCES.md for base-value citations)
15-07-2026,Cable,Punjab,Ludhiana,248.67,per kg,228.78,268.56,False,Derived (Composition Model - Copper-driven),Simulated historical trend (see SOURCES.md for base-value citations)
15-07-2026,Motor,Punjab,Ludhiana,52.12,per kg,47.95,56.29,False,Derived (Composition Model - Copper-driven),Simulated historical trend (see SOURCES.md for base-value citations)
15-07-2026,Battery,Punjab,Ludhiana,41.77,per kg,38.43,45.11,False,Derived (Composition Model - Lead-driven),Simulated historical trend (see SOURCES.md for base-value citations)
15-07-2026,CRT,Punjab,Ludhiana,0.0,per kg,0.0,0.0,True,"Derived (Composition Model - Lead-driven, hazard-adjusted)",Simulated historical trend (see SOURCES.md for base-value citations)
15-07-2026,LCD,Punjab,Ludhiana,20.06,per kg,18.46,21.66,False,Derived (Composition Model - Aluminium-driven),Simulated historical trend (see SOURCES.md for base-value citations)
15-07-2026,Copper,Punjab,Amritsar,686.22,per kg,631.32,741.12,False,Derived (Formula from Metals.Dev API - MCX/LME-linked),Simulated historical trend (see SOURCES.md for base-value citations)
15-07-2026,Aluminium,Punjab,Amritsar,154.4,per kg,142.05,166.75,False,Derived (Formula from Metals.Dev API - MCX/LME-linked),Simulated historical trend (see SOURCES.md for base-value citations)
15-07-2026,Iron,Punjab,Amritsar,34.18,per kg,31.45,36.91,False,Derived (Formula from Metals.Dev API - MCX/LME-linked),Simulated historical trend (see SOURCES.md for base-value citations)
15-07-2026,Lead,Punjab,Amritsar,106.9,per kg,98.35,115.45,False,Derived (Formula from Metals.Dev API - MCX/LME-linked),Simulated historical trend (see SOURCES.md for base-value citations)
15-07-2026,PCB,Punjab,Amritsar,116.61,per kg,107.28,125.94,False,Derived (Composition Model - Copper-driven),Simulated historical trend (see SOURCES.md for base-value citations)
15-07-2026,Cable,Punjab,Amritsar,255.48,per kg,235.04,275.92,False,Derived (Composition Model - Copper-driven),Simulated historical trend (see SOURCES.md for base-value citations)
15-07-2026,Motor,Punjab,Amritsar,51.3,per kg,47.2,55.4,False,Derived (Composition Model - Copper-driven),Simulated historical trend (see SOURCES.md for base-value citations)
15-07-2026,Battery,Punjab,Amritsar,41.85,per kg,38.5,45.2,False,Derived (Composition Model - Lead-driven),Simulated historical trend (see SOURCES.md for base-value citations)
15-07-2026,CRT,Punjab,Amritsar,0.0,per kg,0.0,0.0,True,"Derived (Composition Model - Lead-driven, hazard-adjusted)",Simulated historical trend (see SOURCES.md for base-value citations)
15-07-2026,LCD,Punjab,Amritsar,19.22,per kg,17.68,20.76,False,Derived (Composition Model - Aluminium-driven),Simulated historical trend (see SOURCES.md for base-value citations)
15-07-2026,Copper,Punjab,Jalandhar,557.81,per kg,513.19,602.43,False,Derived (Formula from Metals.Dev API - MCX/LME-linked),Simulated historical trend (see SOURCES.md for base-value citations)
15-07-2026,Aluminium,Punjab,Jalandhar,141.08,per kg,129.79,152.37,False,Derived (Formula from Metals.Dev API - MCX/LME-linked),Simulated historical trend (see SOURCES.md for base-value citations)
15-07-2026,Iron,Punjab,Jalandhar,36.84,per kg,33.89,39.79,False,Derived (Formula from Metals.Dev API - MCX/LME-linked),Simulated historical trend (see SOURCES.md for base-value citations)
15-07-2026,Lead,Punjab,Jalandhar,89.44,per kg,82.28,96.6,False,Derived (Formula from Metals.Dev API - MCX/LME-linked),Simulated historical trend (see SOURCES.md for base-value citations)
15-07-2026,PCB,Punjab,Jalandhar,108.34,per kg,99.67,117.01,False,Derived (Composition Model - Copper-driven),Simulated historical trend (see SOURCES.md for base-value citations)
15-07-2026,Cable,Punjab,Jalandhar,225.33,per kg,207.3,243.36,False,Derived (Composition Model - Copper-driven),Simulated historical trend (see SOURCES.md for base-value citations)
15-07-2026,Motor,Punjab,Jalandhar,45.17,per kg,41.56,48.78,False,Derived (Composition Model - Copper-driven),Simulated historical trend (see SOURCES.md for base-value citations)
15-07-2026,Battery,Punjab,Jalandhar,39.79,per kg,36.61,42.97,False,Derived (Composition Model - Lead-driven),Simulated historical trend (see SOURCES.md for base-value citations)
15-07-2026,CRT,Punjab,Jalandhar,0.0,per kg,0.0,0.0,True,"Derived (Composition Model - Lead-driven, hazard-adjusted)",Simulated historical trend (see SOURCES.md for base-value citations)
15-07-2026,LCD,Punjab,Jalandhar,20.37,per kg,18.74,22.0,False,Derived (Composition Model - Aluminium-driven),Simulated historical trend (see SOURCES.md for base-value citations)
15-07-2026,Copper,Maharashtra,Mumbai,708.03,per kg,651.39,764.67,False,Derived (Formula from Metals.Dev API - MCX/LME-linked),Simulated historical trend (see SOURCES.md for base-value citations)
15-07-2026,Aluminium,Maharashtra,Mumbai,165.6,per kg,152.35,178.85,False,Derived (Formula from Metals.Dev API - MCX/LME-linked),Simulated historical trend (see SOURCES.md for base-value citations)
15-07-2026,Iron,Maharashtra,Mumbai,41.25,per kg,37.95,44.55,False,Derived (Formula from Metals.Dev API - MCX/LME-linked),Simulated historical trend (see SOURCES.md for base-value citations)
15-07-2026,Lead,Maharashtra,Mumbai,97.18,per kg,89.41,104.95,False,Derived (Formula from Metals.Dev API - MCX/LME-linked),Simulated historical trend (see SOURCES.md for base-value citations)
15-07-2026,PCB,Maharashtra,Mumbai,116.01,per kg,106.73,125.29,False,Derived (Composition Model - Copper-driven),Simulated historical trend (see SOURCES.md for base-value citations)
15-07-2026,Cable,Maharashtra,Mumbai,271.97,per kg,250.21,293.73,False,Derived (Composition Model - Copper-driven),Simulated historical trend (see SOURCES.md for base-value citations)
15-07-2026,Motor,Maharashtra,Mumbai,53.37,per kg,49.1,57.64,False,Derived (Composition Model - Copper-driven),Simulated historical trend (see SOURCES.md for base-value citations)
15-07-2026,Battery,Maharashtra,Mumbai,41.9,per kg,38.55,45.25,False,Derived (Composition Model - Lead-driven),Simulated historical trend (see SOURCES.md for base-value citations)
15-07-2026,CRT,Maharashtra,Mumbai,0.0,per kg,0.0,0.0,True,"Derived (Composition Model - Lead-driven, hazard-adjusted)",Simulated historical trend (see SOURCES.md for base-value citations)
15-07-2026,LCD,Maharashtra,Mumbai,22.38,per kg,20.59,24.17,False,Derived (Composition Model - Aluminium-driven),Simulated historical trend (see SOURCES.md for base-value citations)
15-07-2026,Copper,Maharashtra,Pune,608.05,per kg,559.41,656.69,False,Derived (Formula from Metals.Dev API - MCX/LME-linked),Simulated historical trend (see SOURCES.md for base-value citations)
15-07-2026,Aluminium,Maharashtra,Pune,149.26,per kg,137.32,161.2,False,Derived (Formula from Metals.Dev API - MCX/LME-linked),Simulated historical trend (see SOURCES.md for base-value citations)
15-07-2026,Iron,Maharashtra,Pune,36.44,per kg,33.52,39.36,False,Derived (Formula from Metals.Dev API - MCX/LME-linked),Simulated historical trend (see SOURCES.md for base-value citations)
15-07-2026,Lead,Maharashtra,Pune,107.07,per kg,98.5,115.64,False,Derived (Formula from Metals.Dev API - MCX/LME-linked),Simulated historical trend (see SOURCES.md for base-value citations)
15-07-2026,PCB,Maharashtra,Pune,121.11,per kg,111.42,130.8,False,Derived (Composition Model - Copper-driven),Simulated historical trend (see SOURCES.md for base-value citations)
15-07-2026,Cable,Maharashtra,Pune,265.97,per kg,244.69,287.25,False,Derived (Composition Model - Copper-driven),Simulated historical trend (see SOURCES.md for base-value citations)
15-07-2026,Motor,Maharashtra,Pune,51.58,per kg,47.45,55.71,False,Derived (Composition Model - Copper-driven),Simulated historical trend (see SOURCES.md for base-value citations)
15-07-2026,Battery,Maharashtra,Pune,43.04,per kg,39.6,46.48,False,Derived (Composition Model - Lead-driven),Simulated historical trend (see SOURCES.md for base-value citations)
15-07-2026,CRT,Maharashtra,Pune,0.0,per kg,0.0,0.0,True,"Derived (Composition Model - Lead-driven, hazard-adjusted)",Simulated historical trend (see SOURCES.md for base-value citations)
15-07-2026,LCD,Maharashtra,Pune,20.52,per kg,18.88,22.16,False,Derived (Composition Model - Aluminium-driven),Simulated historical trend (see SOURCES.md for base-value citations)
14-07-2026,Copper,Punjab,Ludhiana,624.75,per kg,574.77,674.73,False,Derived (Formula from Metals.Dev API - MCX/LME-linked),Simulated historical trend (see SOURCES.md for base-value citations)
14-07-2026,Aluminium,Punjab,Ludhiana,150.95,per kg,138.87,163.03,False,Derived (Formula from Metals.Dev API - MCX/LME-linked),Simulated historical trend (see SOURCES.md for base-value citations)
14-07-2026,Iron,Punjab,Ludhiana,33.1,per kg,30.45,35.75,False,Derived (Formula from Metals.Dev API - MCX/LME-linked),Simulated historical trend (see SOURCES.md for base-value citations)
14-07-2026,Lead,Punjab,Ludhiana,106.67,per kg,98.14,115.2,False,Derived (Formula from Metals.Dev API - MCX/LME-linked),Simulated historical trend (see SOURCES.md for base-value citations)
14-07-2026,PCB,Punjab,Ludhiana,119.46,per kg,109.9,129.02,False,Derived (Composition Model - Copper-driven),Simulated historical trend (see SOURCES.md for base-value citations)
14-07-2026,Cable,Punjab,Ludhiana,258.61,per kg,237.92,279.3,False,Derived (Composition Model - Copper-driven),Simulated historical trend (see SOURCES.md for base-value citations)
14-07-2026,Motor,Punjab,Ludhiana,44.65,per kg,41.08,48.22,False,Derived (Composition Model - Copper-driven),Simulated historical trend (see SOURCES.md for base-value citations)
14-07-2026,Battery,Punjab,Ludhiana,41.47,per kg,38.15,44.79,False,Derived (Composition Model - Lead-driven),Simulated historical trend (see SOURCES.md for base-value citations)
14-07-2026,CRT,Punjab,Ludhiana,0.0,per kg,0.0,0.0,True,"Derived (Composition Model - Lead-driven, hazard-adjusted)",Simulated historical trend (see SOURCES.md for base-value citations)
14-07-2026,LCD,Punjab,Ludhiana,20.4,per kg,18.77,22.03,False,Derived (Composition Model - Aluminium-driven),Simulated historical trend (see SOURCES.md for base-value citations)
14-07-2026,Copper,Punjab,Amritsar,618.35,per kg,568.88,667.82,False,Derived (Formula from Metals.Dev API - MCX/LME-linked),Simulated historical trend (see SOURCES.md for base-value citations)
14-07-2026,Aluminium,Punjab,Amritsar,137.61,per kg,126.6,148.62,False,Derived (Formula from Metals.Dev API - MCX/LME-linked),Simulated historical trend (see SOURCES.md for base-value citations)
14-07-2026,Iron,Punjab,Amritsar,39.05,per kg,35.93,42.17,False,Derived (Formula from Metals.Dev API - MCX/LME-linked),Simulated historical trend (see SOURCES.md for base-value citations)
14-07-2026,Lead,Punjab,Amritsar,103.36,per kg,95.09,111.63,False,Derived (Formula from Metals.Dev API - MCX/LME-linked),Simulated historical trend (see SOURCES.md for base-value citations)
14-07-2026,PCB,Punjab,Amritsar,117.53,per kg,108.13,126.93,False,Derived (Composition Model - Copper-driven),Simulated historical trend (see SOURCES.md for base-value citations)
14-07-2026,Cable,Punjab,Amritsar,276.42,per kg,254.31,298.53,False,Derived (Composition Model - Copper-driven),Simulated historical trend (see SOURCES.md for base-value citations)
14-07-2026,Motor,Punjab,Amritsar,51.33,per kg,47.22,55.44,False,Derived (Composition Model - Copper-driven),Simulated historical trend (see SOURCES.md for base-value citations)
14-07-2026,Battery,Punjab,Amritsar,43.58,per kg,40.09,47.07,False,Derived (Composition Model - Lead-driven),Simulated historical trend (see SOURCES.md for base-value citations)
14-07-2026,CRT,Punjab,Amritsar,0.0,per kg,0.0,0.0,True,"Derived (Composition Model - Lead-driven, hazard-adjusted)",Simulated historical trend (see SOURCES.md for base-value citations)
14-07-2026,LCD,Punjab,Amritsar,21.2,per kg,19.5,22.9,False,Derived (Composition Model - Aluminium-driven),Simulated historical trend (see SOURCES.md for base-value citations)
14-07-2026,Copper,Punjab,Jalandhar,658.81,per kg,606.11,711.51,False,Derived (Formula from Metals.Dev API - MCX/LME-linked),Simulated historical trend (see SOURCES.md for base-value citations)
14-07-2026,Aluminium,Punjab,Jalandhar,129.55,per kg,119.19,139.91,False,Derived (Formula from Metals.Dev API - MCX/LME-linked),Simulated historical trend (see SOURCES.md for base-value citations)
14-07-2026,Iron,Punjab,Jalandhar,36.32,per kg,33.41,39.23,False,Derived (Formula from Metals.Dev API - MCX/LME-linked),Simulated historical trend (see SOURCES.md for base-value citations)
14-07-2026,Lead,Punjab,Jalandhar,92.47,per kg,85.07,99.87,False,Derived (Formula from Metals.Dev API - MCX/LME-linked),Simulated historical trend (see SOURCES.md for base-value citations)
14-07-2026,PCB,Punjab,Jalandhar,115.28,per kg,106.06,124.5,False,Derived (Composition Model - Copper-driven),Simulated historical trend (see SOURCES.md for base-value citations)
14-07-2026,Cable,Punjab,Jalandhar,223.78,per kg,205.88,241.68,False,Derived (Composition Model - Copper-driven),Simulated historical trend (see SOURCES.md for base-value citations)
14-07-2026,Motor,Punjab,Jalandhar,48.13,per kg,44.28,51.98,False,Derived (Composition Model - Copper-driven),Simulated historical trend (see SOURCES.md for base-value citations)
14-07-2026,Battery,Punjab,Jalandhar,37.43,per kg,34.44,40.42,False,Derived (Composition Model - Lead-driven),Simulated historical trend (see SOURCES.md for base-value citations)
14-07-2026,CRT,Punjab,Jalandhar,0.0,per kg,0.0,0.0,True,"Derived (Composition Model - Lead-driven, hazard-adjusted)",Simulated historical trend (see SOURCES.md for base-value citations)
14-07-2026,LCD,Punjab,Jalandhar,17.75,per kg,16.33,19.17,False,Derived (Composition Model - Aluminium-driven),Simulated historical trend (see SOURCES.md for base-value citations)
14-07-2026,Copper,Maharashtra,Mumbai,610.98,per kg,562.1,659.86,False,Derived (Formula from Metals.Dev API - MCX/LME-linked),Simulated historical trend (see SOURCES.md for base-value citations)
14-07-2026,Aluminium,Maharashtra,Mumbai,147.38,per kg,135.59,159.17,False,Derived (Formula from Metals.Dev API - MCX/LME-linked),Simulated historical trend (see SOURCES.md for base-value citations)
14-07-2026,Iron,Maharashtra,Mumbai,38.8,per kg,35.7,41.9,False,Derived (Formula from Metals.Dev API - MCX/LME-linked),Simulated historical trend (see SOURCES.md for base-value citations)
14-07-2026,Lead,Maharashtra,Mumbai,99.77,per kg,91.79,107.75,False,Derived (Formula from Metals.Dev API - MCX/LME-linked),Simulated historical trend (see SOURCES.md for base-value citations)
14-07-2026,PCB,Maharashtra,Mumbai,110.98,per kg,102.1,119.86,False,Derived (Composition Model - Copper-driven),Simulated historical trend (see SOURCES.md for base-value citations)
14-07-2026,Cable,Maharashtra,Mumbai,268.54,per kg,247.06,290.02,False,Derived (Composition Model - Copper-driven),Simulated historical trend (see SOURCES.md for base-value citations)
14-07-2026,Motor,Maharashtra,Mumbai,48.79,per kg,44.89,52.69,False,Derived (Composition Model - Copper-driven),Simulated historical trend (see SOURCES.md for base-value citations)
14-07-2026,Battery,Maharashtra,Mumbai,45.65,per kg,42.0,49.3,False,Derived (Composition Model - Lead-driven),Simulated historical trend (see SOURCES.md for base-value citations)
14-07-2026,CRT,Maharashtra,Mumbai,0.0,per kg,0.0,0.0,True,"Derived (Composition Model - Lead-driven, hazard-adjusted)",Simulated historical trend (see SOURCES.md for base-value citations)
14-07-2026,LCD,Maharashtra,Mumbai,21.72,per kg,19.98,23.46,False,Derived (Composition Model - Aluminium-driven),Simulated historical trend (see SOURCES.md for base-value citations)
14-07-2026,Copper,Maharashtra,Pune,618.58,per kg,569.09,668.07,False,Derived (Formula from Metals.Dev API - MCX/LME-linked),Simulated historical trend (see SOURCES.md for base-value citations)
14-07-2026,Aluminium,Maharashtra,Pune,141.22,per kg,129.92,152.52,False,Derived (Formula from Metals.Dev API - MCX/LME-linked),Simulated historical trend (see SOURCES.md for base-value citations)
14-07-2026,Iron,Maharashtra,Pune,35.53,per kg,32.69,38.37,False,Derived (Formula from Metals.Dev API - MCX/LME-linked),Simulated historical trend (see SOURCES.md for base-value citations)
14-07-2026,Lead,Maharashtra,Pune,98.12,per kg,90.27,105.97,False,Derived (Formula from Metals.Dev API - MCX/LME-linked),Simulated historical trend (see SOURCES.md for base-value citations)
14-07-2026,PCB,Maharashtra,Pune,121.13,per kg,111.44,130.82,False,Derived (Composition Model - Copper-driven),Simulated historical trend (see SOURCES.md for base-value citations)
14-07-2026,Cable,Maharashtra,Pune,242.8,per kg,223.38,262.22,False,Derived (Composition Model - Copper-driven),Simulated historical trend (see SOURCES.md for base-value citations)
14-07-2026,Motor,Maharashtra,Pune,52.35,per kg,48.16,56.54,False,Derived (Composition Model - Copper-driven),Simulated historical trend (see SOURCES.md for base-value citations)
14-07-2026,Battery,Maharashtra,Pune,40.89,per kg,37.62,44.16,False,Derived (Composition Model - Lead-driven),Simulated historical trend (see SOURCES.md for base-value citations)
14-07-2026,CRT,Maharashtra,Pune,0.0,per kg,0.0,0.0,True,"Derived (Composition Model - Lead-driven, hazard-adjusted)",Simulated historical trend (see SOURCES.md for base-value citations)
14-07-2026,LCD,Maharashtra,Pune,19.25,per kg,17.71,20.79,False,Derived (Composition Model - Aluminium-driven),Simulated historical trend (see SOURCES.md for base-value citations)
13-07-2026,Copper,Punjab,Ludhiana,643.88,per kg,592.37,695.39,False,Derived (Formula from Metals.Dev API - MCX/LME-linked),Simulated historical trend (see SOURCES.md for base-value citations)
13-07-2026,Aluminium,Punjab,Ludhiana,152.98,per kg,140.74,165.22,False,Derived (Formula from Metals.Dev API - MCX/LME-linked),Simulated historical trend (see SOURCES.md for base-value citations)
13-07-2026,Iron,Punjab,Ludhiana,37.17,per kg,34.2,40.14,False,Derived (Formula from Metals.Dev API - MCX/LME-linked),Simulated historical trend (see SOURCES.md for base-value citations)
13-07-2026,Lead,Punjab,Ludhiana,96.55,per kg,88.83,104.27,False,Derived (Formula from Metals.Dev API - MCX/LME-linked),Simulated historical trend (see SOURCES.md for base-value citations)
13-07-2026,PCB,Punjab,Ludhiana,105.65,per kg,97.2,114.1,False,Derived (Composition Model - Copper-driven),Simulated historical trend (see SOURCES.md for base-value citations)
13-07-2026,Cable,Punjab,Ludhiana,228.68,per kg,210.39,246.97,False,Derived (Composition Model - Copper-driven),Simulated historical trend (see SOURCES.md for base-value citations)
13-07-2026,Motor,Punjab,Ludhiana,50.28,per kg,46.26,54.3,False,Derived (Composition Model - Copper-driven),Simulated historical trend (see SOURCES.md for base-value citations)
13-07-2026,Battery,Punjab,Ludhiana,45.46,per kg,41.82,49.1,False,Derived (Composition Model - Lead-driven),Simulated historical trend (see SOURCES.md for base-value citations)
13-07-2026,CRT,Punjab,Ludhiana,0.0,per kg,0.0,0.0,True,"Derived (Composition Model - Lead-driven, hazard-adjusted)",Simulated historical trend (see SOURCES.md for base-value citations)
13-07-2026,LCD,Punjab,Ludhiana,18.32,per kg,16.85,19.79,False,Derived (Composition Model - Aluminium-driven),Simulated historical trend (see SOURCES.md for base-value citations)
13-07-2026,Copper,Punjab,Amritsar,589.67,per kg,542.5,636.84,False,Derived (Formula from Metals.Dev API - MCX/LME-linked),Simulated historical trend (see SOURCES.md for base-value citations)
13-07-2026,Aluminium,Punjab,Amritsar,163.74,per kg,150.64,176.84,False,Derived (Formula from Metals.Dev API - MCX/LME-linked),Simulated historical trend (see SOURCES.md for base-value citations)
13-07-2026,Iron,Punjab,Amritsar,39.34,per kg,36.19,42.49,False,Derived (Formula from Metals.Dev API - MCX/LME-linked),Simulated historical trend (see SOURCES.md for base-value citations)
13-07-2026,Lead,Punjab,Amritsar,98.5,per kg,90.62,106.38,False,Derived (Formula from Metals.Dev API - MCX/LME-linked),Simulated historical trend (see SOURCES.md for base-value citations)
13-07-2026,PCB,Punjab,Amritsar,103.0,per kg,94.76,111.24,False,Derived (Composition Model - Copper-driven),Simulated historical trend (see SOURCES.md for base-value citations)
13-07-2026,Cable,Punjab,Amritsar,248.36,per kg,228.49,268.23,False,Derived (Composition Model - Copper-driven),Simulated historical trend (see SOURCES.md for base-value citations)
13-07-2026,Motor,Punjab,Amritsar,47.63,per kg,43.82,51.44,False,Derived (Composition Model - Copper-driven),Simulated historical trend (see SOURCES.md for base-value citations)
13-07-2026,Battery,Punjab,Amritsar,40.41,per kg,37.18,43.64,False,Derived (Composition Model - Lead-driven),Simulated historical trend (see SOURCES.md for base-value citations)
13-07-2026,CRT,Punjab,Amritsar,0.0,per kg,0.0,0.0,True,"Derived (Composition Model - Lead-driven, hazard-adjusted)",Simulated historical trend (see SOURCES.md for base-value citations)
13-07-2026,LCD,Punjab,Amritsar,20.82,per kg,19.15,22.49,False,Derived (Composition Model - Aluminium-driven),Simulated historical trend (see SOURCES.md for base-value citations)
13-07-2026,Copper,Punjab,Jalandhar,607.37,per kg,558.78,655.96,False,Derived (Formula from Metals.Dev API - MCX/LME-linked),Simulated historical trend (see SOURCES.md for base-value citations)
13-07-2026,Aluminium,Punjab,Jalandhar,134.8,per kg,124.02,145.58,False,Derived (Formula from Metals.Dev API - MCX/LME-linked),Simulated historical trend (see SOURCES.md for base-value citations)
13-07-2026,Iron,Punjab,Jalandhar,35.76,per kg,32.9,38.62,False,Derived (Formula from Metals.Dev API - MCX/LME-linked),Simulated historical trend (see SOURCES.md for base-value citations)
13-07-2026,Lead,Punjab,Jalandhar,101.95,per kg,93.79,110.11,False,Derived (Formula from Metals.Dev API - MCX/LME-linked),Simulated historical trend (see SOURCES.md for base-value citations)
13-07-2026,PCB,Punjab,Jalandhar,105.36,per kg,96.93,113.79,False,Derived (Composition Model - Copper-driven),Simulated historical trend (see SOURCES.md for base-value citations)
13-07-2026,Cable,Punjab,Jalandhar,220.32,per kg,202.69,237.95,False,Derived (Composition Model - Copper-driven),Simulated historical trend (see SOURCES.md for base-value citations)
13-07-2026,Motor,Punjab,Jalandhar,46.78,per kg,43.04,50.52,False,Derived (Composition Model - Copper-driven),Simulated historical trend (see SOURCES.md for base-value citations)
13-07-2026,Battery,Punjab,Jalandhar,44.6,per kg,41.03,48.17,False,Derived (Composition Model - Lead-driven),Simulated historical trend (see SOURCES.md for base-value citations)
13-07-2026,CRT,Punjab,Jalandhar,0.0,per kg,0.0,0.0,True,"Derived (Composition Model - Lead-driven, hazard-adjusted)",Simulated historical trend (see SOURCES.md for base-value citations)
13-07-2026,LCD,Punjab,Jalandhar,18.38,per kg,16.91,19.85,False,Derived (Composition Model - Aluminium-driven),Simulated historical trend (see SOURCES.md for base-value citations)
13-07-2026,Copper,Maharashtra,Mumbai,679.77,per kg,625.39,734.15,False,Derived (Formula from Metals.Dev API - MCX/LME-linked),Simulated historical trend (see SOURCES.md for base-value citations)
13-07-2026,Aluminium,Maharashtra,Mumbai,158.27,per kg,145.61,170.93,False,Derived (Formula from Metals.Dev API - MCX/LME-linked),Simulated historical trend (see SOURCES.md for base-value citations)
13-07-2026,Iron,Maharashtra,Mumbai,35.82,per kg,32.95,38.69,False,Derived (Formula from Metals.Dev API - MCX/LME-linked),Simulated historical trend (see SOURCES.md for base-value citations)
13-07-2026,Lead,Maharashtra,Mumbai,98.72,per kg,90.82,106.62,False,Derived (Formula from Metals.Dev API - MCX/LME-linked),Simulated historical trend (see SOURCES.md for base-value citations)
13-07-2026,PCB,Maharashtra,Mumbai,123.68,per kg,113.79,133.57,False,Derived (Composition Model - Copper-driven),Simulated historical trend (see SOURCES.md for base-value citations)
13-07-2026,Cable,Maharashtra,Mumbai,233.65,per kg,214.96,252.34,False,Derived (Composition Model - Copper-driven),Simulated historical trend (see SOURCES.md for base-value citations)
13-07-2026,Motor,Maharashtra,Mumbai,48.3,per kg,44.44,52.16,False,Derived (Composition Model - Copper-driven),Simulated historical trend (see SOURCES.md for base-value citations)
13-07-2026,Battery,Maharashtra,Mumbai,44.28,per kg,40.74,47.82,False,Derived (Composition Model - Lead-driven),Simulated historical trend (see SOURCES.md for base-value citations)
13-07-2026,CRT,Maharashtra,Mumbai,0.0,per kg,0.0,0.0,True,"Derived (Composition Model - Lead-driven, hazard-adjusted)",Simulated historical trend (see SOURCES.md for base-value citations)
13-07-2026,LCD,Maharashtra,Mumbai,19.58,per kg,18.01,21.15,False,Derived (Composition Model - Aluminium-driven),Simulated historical trend (see SOURCES.md for base-value citations)
13-07-2026,Copper,Maharashtra,Pune,626.65,per kg,576.52,676.78,False,Derived (Formula from Metals.Dev API - MCX/LME-linked),Simulated historical trend (see SOURCES.md for base-value citations)
13-07-2026,Aluminium,Maharashtra,Pune,138.43,per kg,127.36,149.5,False,Derived (Formula from Metals.Dev API - MCX/LME-linked),Simulated historical trend (see SOURCES.md for base-value citations)
13-07-2026,Iron,Maharashtra,Pune,37.1,per kg,34.13,40.07,False,Derived (Formula from Metals.Dev API - MCX/LME-linked),Simulated historical trend (see SOURCES.md for base-value citations)
13-07-2026,Lead,Maharashtra,Pune,99.2,per kg,91.26,107.14,False,Derived (Formula from Metals.Dev API - MCX/LME-linked),Simulated historical trend (see SOURCES.md for base-value citations)
13-07-2026,PCB,Maharashtra,Pune,121.92,per kg,112.17,131.67,False,Derived (Composition Model - Copper-driven),Simulated historical trend (see SOURCES.md for base-value citations)
13-07-2026,Cable,Maharashtra,Pune,277.23,per kg,255.05,299.41,False,Derived (Composition Model - Copper-driven),Simulated historical trend (see SOURCES.md for base-value citations)
13-07-2026,Motor,Maharashtra,Pune,50.42,per kg,46.39,54.45,False,Derived (Composition Model - Copper-driven),Simulated historical trend (see SOURCES.md for base-value citations)
13-07-2026,Battery,Maharashtra,Pune,40.22,per kg,37.0,43.44,False,Derived (Composition Model - Lead-driven),Simulated historical trend (see SOURCES.md for base-value citations)
13-07-2026,CRT,Maharashtra,Pune,0.0,per kg,0.0,0.0,True,"Derived (Composition Model - Lead-driven, hazard-adjusted)",Simulated historical trend (see SOURCES.md for base-value citations)
13-07-2026,LCD,Maharashtra,Pune,22.71,per kg,20.89,24.53,False,Derived (Composition Model - Aluminium-driven),Simulated historical trend (see SOURCES.md for base-value citations)
12-07-2026,Copper,Punjab,Ludhiana,610.48,per kg,561.64,659.32,False,Derived (Formula from Metals.Dev API - MCX/LME-linked),Simulated historical trend (see SOURCES.md for base-value citations)
12-07-2026,Aluminium,Punjab,Ludhiana,156.25,per kg,143.75,168.75,False,Derived (Formula from Metals.Dev API - MCX/LME-linked),Simulated historical trend (see SOURCES.md for base-value citations)
12-07-2026,Iron,Punjab,Ludhiana,38.08,per kg,35.03,41.13,False,Derived (Formula from Metals.Dev API - MCX/LME-linked),Simulated historical trend (see SOURCES.md for base-value citations)
12-07-2026,Lead,Punjab,Ludhiana,95.42,per kg,87.79,103.05,False,Derived (Formula from Metals.Dev API - MCX/LME-linked),Simulated historical trend (see SOURCES.md for base-value citations)
12-07-2026,PCB,Punjab,Ludhiana,108.09,per kg,99.44,116.74,False,Derived (Composition Model - Copper-driven),Simulated historical trend (see SOURCES.md for base-value citations)
12-07-2026,Cable,Punjab,Ludhiana,270.31,per kg,248.69,291.93,False,Derived (Composition Model - Copper-driven),Simulated historical trend (see SOURCES.md for base-value citations)
12-07-2026,Motor,Punjab,Ludhiana,51.21,per kg,47.11,55.31,False,Derived (Composition Model - Copper-driven),Simulated historical trend (see SOURCES.md for base-value citations)
12-07-2026,Battery,Punjab,Ludhiana,43.26,per kg,39.8,46.72,False,Derived (Composition Model - Lead-driven),Simulated historical trend (see SOURCES.md for base-value citations)
12-07-2026,CRT,Punjab,Ludhiana,0.0,per kg,0.0,0.0,True,"Derived (Composition Model - Lead-driven, hazard-adjusted)",Simulated historical trend (see SOURCES.md for base-value citations)
12-07-2026,LCD,Punjab,Ludhiana,22.34,per kg,20.55,24.13,False,Derived (Composition Model - Aluminium-driven),Simulated historical trend (see SOURCES.md for base-value citations)
12-07-2026,Copper,Punjab,Amritsar,683.79,per kg,629.09,738.49,False,Derived (Formula from Metals.Dev API - MCX/LME-linked),Simulated historical trend (see SOURCES.md for base-value citations)
12-07-2026,Aluminium,Punjab,Amritsar,164.31,per kg,151.17,177.45,False,Derived (Formula from Metals.Dev API - MCX/LME-linked),Simulated historical trend (see SOURCES.md for base-value citations)
12-07-2026,Iron,Punjab,Amritsar,38.28,per kg,35.22,41.34,False,Derived (Formula from Metals.Dev API - MCX/LME-linked),Simulated historical trend (see SOURCES.md for base-value citations)
12-07-2026,Lead,Punjab,Amritsar,96.69,per kg,88.95,104.43,False,Derived (Formula from Metals.Dev API - MCX/LME-linked),Simulated historical trend (see SOURCES.md for base-value citations)
12-07-2026,PCB,Punjab,Amritsar,114.01,per kg,104.89,123.13,False,Derived (Composition Model - Copper-driven),Simulated historical trend (see SOURCES.md for base-value citations)
12-07-2026,Cable,Punjab,Amritsar,247.45,per kg,227.65,267.25,False,Derived (Composition Model - Copper-driven),Simulated historical trend (see SOURCES.md for base-value citations)
12-07-2026,Motor,Punjab,Amritsar,45.04,per kg,41.44,48.64,False,Derived (Composition Model - Copper-driven),Simulated historical trend (see SOURCES.md for base-value citations)
12-07-2026,Battery,Punjab,Amritsar,39.99,per kg,36.79,43.19,False,Derived (Composition Model - Lead-driven),Simulated historical trend (see SOURCES.md for base-value citations)
12-07-2026,CRT,Punjab,Amritsar,0.0,per kg,0.0,0.0,True,"Derived (Composition Model - Lead-driven, hazard-adjusted)",Simulated historical trend (see SOURCES.md for base-value citations)
12-07-2026,LCD,Punjab,Amritsar,20.06,per kg,18.46,21.66,False,Derived (Composition Model - Aluminium-driven),Simulated historical trend (see SOURCES.md for base-value citations)
12-07-2026,Copper,Punjab,Jalandhar,627.41,per kg,577.22,677.6,False,Derived (Formula from Metals.Dev API - MCX/LME-linked),Simulated historical trend (see SOURCES.md for base-value citations)
12-07-2026,Aluminium,Punjab,Jalandhar,140.87,per kg,129.6,152.14,False,Derived (Formula from Metals.Dev API - MCX/LME-linked),Simulated historical trend (see SOURCES.md for base-value citations)
12-07-2026,Iron,Punjab,Jalandhar,35.87,per kg,33.0,38.74,False,Derived (Formula from Metals.Dev API - MCX/LME-linked),Simulated historical trend (see SOURCES.md for base-value citations)
12-07-2026,Lead,Punjab,Jalandhar,91.38,per kg,84.07,98.69,False,Derived (Formula from Metals.Dev API - MCX/LME-linked),Simulated historical trend (see SOURCES.md for base-value citations)
12-07-2026,PCB,Punjab,Jalandhar,112.76,per kg,103.74,121.78,False,Derived (Composition Model - Copper-driven),Simulated historical trend (see SOURCES.md for base-value citations)
12-07-2026,Cable,Punjab,Jalandhar,250.25,per kg,230.23,270.27,False,Derived (Composition Model - Copper-driven),Simulated historical trend (see SOURCES.md for base-value citations)
12-07-2026,Motor,Punjab,Jalandhar,45.09,per kg,41.48,48.7,False,Derived (Composition Model - Copper-driven),Simulated historical trend (see SOURCES.md for base-value citations)
12-07-2026,Battery,Punjab,Jalandhar,39.62,per kg,36.45,42.79,False,Derived (Composition Model - Lead-driven),Simulated historical trend (see SOURCES.md for base-value citations)
12-07-2026,CRT,Punjab,Jalandhar,0.0,per kg,0.0,0.0,True,"Derived (Composition Model - Lead-driven, hazard-adjusted)",Simulated historical trend (see SOURCES.md for base-value citations)
12-07-2026,LCD,Punjab,Jalandhar,20.97,per kg,19.29,22.65,False,Derived (Composition Model - Aluminium-driven),Simulated historical trend (see SOURCES.md for base-value citations)
12-07-2026,Copper,Maharashtra,Mumbai,613.46,per kg,564.38,662.54,False,Derived (Formula from Metals.Dev API - MCX/LME-linked),Simulated historical trend (see SOURCES.md for base-value citations)
12-07-2026,Aluminium,Maharashtra,Mumbai,146.4,per kg,134.69,158.11,False,Derived (Formula from Metals.Dev API - MCX/LME-linked),Simulated historical trend (see SOURCES.md for base-value citations)
12-07-2026,Iron,Maharashtra,Mumbai,37.39,per kg,34.4,40.38,False,Derived (Formula from Metals.Dev API - MCX/LME-linked),Simulated historical trend (see SOURCES.md for base-value citations)
12-07-2026,Lead,Maharashtra,Mumbai,101.11,per kg,93.02,109.2,False,Derived (Formula from Metals.Dev API - MCX/LME-linked),Simulated historical trend (see SOURCES.md for base-value citations)
12-07-2026,PCB,Maharashtra,Mumbai,121.47,per kg,111.75,131.19,False,Derived (Composition Model - Copper-driven),Simulated historical trend (see SOURCES.md for base-value citations)
12-07-2026,Cable,Maharashtra,Mumbai,272.91,per kg,251.08,294.74,False,Derived (Composition Model - Copper-driven),Simulated historical trend (see SOURCES.md for base-value citations)
12-07-2026,Motor,Maharashtra,Mumbai,53.77,per kg,49.47,58.07,False,Derived (Composition Model - Copper-driven),Simulated historical trend (see SOURCES.md for base-value citations)
12-07-2026,Battery,Maharashtra,Mumbai,44.94,per kg,41.34,48.54,False,Derived (Composition Model - Lead-driven),Simulated historical trend (see SOURCES.md for base-value citations)
12-07-2026,CRT,Maharashtra,Mumbai,0.0,per kg,0.0,0.0,True,"Derived (Composition Model - Lead-driven, hazard-adjusted)",Simulated historical trend (see SOURCES.md for base-value citations)
12-07-2026,LCD,Maharashtra,Mumbai,21.71,per kg,19.97,23.45,False,Derived (Composition Model - Aluminium-driven),Simulated historical trend (see SOURCES.md for base-value citations)
12-07-2026,Copper,Maharashtra,Pune,594.44,per kg,546.88,642.0,False,Derived (Formula from Metals.Dev API - MCX/LME-linked),Simulated historical trend (see SOURCES.md for base-value citations)
12-07-2026,Aluminium,Maharashtra,Pune,148.69,per kg,136.79,160.59,False,Derived (Formula from Metals.Dev API - MCX/LME-linked),Simulated historical trend (see SOURCES.md for base-value citations)
12-07-2026,Iron,Maharashtra,Pune,35.91,per kg,33.04,38.78,False,Derived (Formula from Metals.Dev API - MCX/LME-linked),Simulated historical trend (see SOURCES.md for base-value citations)
12-07-2026,Lead,Maharashtra,Pune,96.4,per kg,88.69,104.11,False,Derived (Formula from Metals.Dev API - MCX/LME-linked),Simulated historical trend (see SOURCES.md for base-value citations)
12-07-2026,PCB,Maharashtra,Pune,103.06,per kg,94.82,111.3,False,Derived (Composition Model - Copper-driven),Simulated historical trend (see SOURCES.md for base-value citations)
12-07-2026,Cable,Maharashtra,Pune,230.03,per kg,211.63,248.43,False,Derived (Composition Model - Copper-driven),Simulated historical trend (see SOURCES.md for base-value citations)
12-07-2026,Motor,Maharashtra,Pune,48.44,per kg,44.56,52.32,False,Derived (Composition Model - Copper-driven),Simulated historical trend (see SOURCES.md for base-value citations)
12-07-2026,Battery,Maharashtra,Pune,47.35,per kg,43.56,51.14,False,Derived (Composition Model - Lead-driven),Simulated historical trend (see SOURCES.md for base-value citations)
12-07-2026,CRT,Maharashtra,Pune,0.0,per kg,0.0,0.0,True,"Derived (Composition Model - Lead-driven, hazard-adjusted)",Simulated historical trend (see SOURCES.md for base-value citations)
12-07-2026,LCD,Maharashtra,Pune,21.06,per kg,19.38,22.74,False,Derived (Composition Model - Aluminium-driven),Simulated historical trend (see SOURCES.md for base-value citations)
11-07-2026,Copper,Punjab,Ludhiana,578.33,per kg,532.06,624.6,False,Derived (Formula from Metals.Dev API - MCX/LME-linked),Simulated historical trend (see SOURCES.md for base-value citations)
11-07-2026,Aluminium,Punjab,Ludhiana,153.07,per kg,140.82,165.32,False,Derived (Formula from Metals.Dev API - MCX/LME-linked),Simulated historical trend (see SOURCES.md for base-value citations)
11-07-2026,Iron,Punjab,Ludhiana,35.39,per kg,32.56,38.22,False,Derived (Formula from Metals.Dev API - MCX/LME-linked),Simulated historical trend (see SOURCES.md for base-value citations)
11-07-2026,Lead,Punjab,Ludhiana,107.9,per kg,99.27,116.53,False,Derived (Formula from Metals.Dev API - MCX/LME-linked),Simulated historical trend (see SOURCES.md for base-value citations)
11-07-2026,PCB,Punjab,Ludhiana,101.27,per kg,93.17,109.37,False,Derived (Composition Model - Copper-driven),Simulated historical trend (see SOURCES.md for base-value citations)
11-07-2026,Cable,Punjab,Ludhiana,248.82,per kg,228.91,268.73,False,Derived (Composition Model - Copper-driven),Simulated historical trend (see SOURCES.md for base-value citations)
11-07-2026,Motor,Punjab,Ludhiana,49.46,per kg,45.5,53.42,False,Derived (Composition Model - Copper-driven),Simulated historical trend (see SOURCES.md for base-value citations)
11-07-2026,Battery,Punjab,Ludhiana,45.83,per kg,42.16,49.5,False,Derived (Composition Model - Lead-driven),Simulated historical trend (see SOURCES.md for base-value citations)
11-07-2026,CRT,Punjab,Ludhiana,0.0,per kg,0.0,0.0,True,"Derived (Composition Model - Lead-driven, hazard-adjusted)",Simulated historical trend (see SOURCES.md for base-value citations)
11-07-2026,LCD,Punjab,Ludhiana,19.59,per kg,18.02,21.16,False,Derived (Composition Model - Aluminium-driven),Simulated historical trend (see SOURCES.md for base-value citations)
11-07-2026,Copper,Punjab,Amritsar,656.59,per kg,604.06,709.12,False,Derived (Formula from Metals.Dev API - MCX/LME-linked),Simulated historical trend (see SOURCES.md for base-value citations)
11-07-2026,Aluminium,Punjab,Amritsar,162.73,per kg,149.71,175.75,False,Derived (Formula from Metals.Dev API - MCX/LME-linked),Simulated historical trend (see SOURCES.md for base-value citations)
11-07-2026,Iron,Punjab,Amritsar,36.37,per kg,33.46,39.28,False,Derived (Formula from Metals.Dev API - MCX/LME-linked),Simulated historical trend (see SOURCES.md for base-value citations)
11-07-2026,Lead,Punjab,Amritsar,110.21,per kg,101.39,119.03,False,Derived (Formula from Metals.Dev API - MCX/LME-linked),Simulated historical trend (see SOURCES.md for base-value citations)
11-07-2026,PCB,Punjab,Amritsar,101.68,per kg,93.55,109.81,False,Derived (Composition Model - Copper-driven),Simulated historical trend (see SOURCES.md for base-value citations)
11-07-2026,Cable,Punjab,Amritsar,269.58,per kg,248.01,291.15,False,Derived (Composition Model - Copper-driven),Simulated historical trend (see SOURCES.md for base-value citations)
11-07-2026,Motor,Punjab,Amritsar,44.87,per kg,41.28,48.46,False,Derived (Composition Model - Copper-driven),Simulated historical trend (see SOURCES.md for base-value citations)
11-07-2026,Battery,Punjab,Amritsar,42.61,per kg,39.2,46.02,False,Derived (Composition Model - Lead-driven),Simulated historical trend (see SOURCES.md for base-value citations)
11-07-2026,CRT,Punjab,Amritsar,0.0,per kg,0.0,0.0,True,"Derived (Composition Model - Lead-driven, hazard-adjusted)",Simulated historical trend (see SOURCES.md for base-value citations)
11-07-2026,LCD,Punjab,Amritsar,20.88,per kg,19.21,22.55,False,Derived (Composition Model - Aluminium-driven),Simulated historical trend (see SOURCES.md for base-value citations)
11-07-2026,Copper,Punjab,Jalandhar,648.0,per kg,596.16,699.84,False,Derived (Formula from Metals.Dev API - MCX/LME-linked),Simulated historical trend (see SOURCES.md for base-value citations)
11-07-2026,Aluminium,Punjab,Jalandhar,136.4,per kg,125.49,147.31,False,Derived (Formula from Metals.Dev API - MCX/LME-linked),Simulated historical trend (see SOURCES.md for base-value citations)
11-07-2026,Iron,Punjab,Jalandhar,32.62,per kg,30.01,35.23,False,Derived (Formula from Metals.Dev API - MCX/LME-linked),Simulated historical trend (see SOURCES.md for base-value citations)
11-07-2026,Lead,Punjab,Jalandhar,92.47,per kg,85.07,99.87,False,Derived (Formula from Metals.Dev API - MCX/LME-linked),Simulated historical trend (see SOURCES.md for base-value citations)
11-07-2026,PCB,Punjab,Jalandhar,114.93,per kg,105.74,124.12,False,Derived (Composition Model - Copper-driven),Simulated historical trend (see SOURCES.md for base-value citations)
11-07-2026,Cable,Punjab,Jalandhar,245.58,per kg,225.93,265.23,False,Derived (Composition Model - Copper-driven),Simulated historical trend (see SOURCES.md for base-value citations)
11-07-2026,Motor,Punjab,Jalandhar,42.45,per kg,39.05,45.85,False,Derived (Composition Model - Copper-driven),Simulated historical trend (see SOURCES.md for base-value citations)
11-07-2026,Battery,Punjab,Jalandhar,42.36,per kg,38.97,45.75,False,Derived (Composition Model - Lead-driven),Simulated historical trend (see SOURCES.md for base-value citations)
11-07-2026,CRT,Punjab,Jalandhar,0.0,per kg,0.0,0.0,True,"Derived (Composition Model - Lead-driven, hazard-adjusted)",Simulated historical trend (see SOURCES.md for base-value citations)
11-07-2026,LCD,Punjab,Jalandhar,19.28,per kg,17.74,20.82,False,Derived (Composition Model - Aluminium-driven),Simulated historical trend (see SOURCES.md for base-value citations)
11-07-2026,Copper,Maharashtra,Mumbai,714.76,per kg,657.58,771.94,False,Derived (Formula from Metals.Dev API - MCX/LME-linked),Simulated historical trend (see SOURCES.md for base-value citations)
11-07-2026,Aluminium,Maharashtra,Mumbai,146.03,per kg,134.35,157.71,False,Derived (Formula from Metals.Dev API - MCX/LME-linked),Simulated historical trend (see SOURCES.md for base-value citations)
11-07-2026,Iron,Maharashtra,Mumbai,39.74,per kg,36.56,42.92,False,Derived (Formula from Metals.Dev API - MCX/LME-linked),Simulated historical trend (see SOURCES.md for base-value citations)
11-07-2026,Lead,Maharashtra,Mumbai,109.35,per kg,100.6,118.1,False,Derived (Formula from Metals.Dev API - MCX/LME-linked),Simulated historical trend (see SOURCES.md for base-value citations)
11-07-2026,PCB,Maharashtra,Mumbai,122.5,per kg,112.7,132.3,False,Derived (Composition Model - Copper-driven),Simulated historical trend (see SOURCES.md for base-value citations)
11-07-2026,Cable,Maharashtra,Mumbai,254.85,per kg,234.46,275.24,False,Derived (Composition Model - Copper-driven),Simulated historical trend (see SOURCES.md for base-value citations)
11-07-2026,Motor,Maharashtra,Mumbai,52.78,per kg,48.56,57.0,False,Derived (Composition Model - Copper-driven),Simulated historical trend (see SOURCES.md for base-value citations)
11-07-2026,Battery,Maharashtra,Mumbai,40.72,per kg,37.46,43.98,False,Derived (Composition Model - Lead-driven),Simulated historical trend (see SOURCES.md for base-value citations)
11-07-2026,CRT,Maharashtra,Mumbai,0.0,per kg,0.0,0.0,True,"Derived (Composition Model - Lead-driven, hazard-adjusted)",Simulated historical trend (see SOURCES.md for base-value citations)
11-07-2026,LCD,Maharashtra,Mumbai,22.58,per kg,20.77,24.39,False,Derived (Composition Model - Aluminium-driven),Simulated historical trend (see SOURCES.md for base-value citations)
11-07-2026,Copper,Maharashtra,Pune,594.01,per kg,546.49,641.53,False,Derived (Formula from Metals.Dev API - MCX/LME-linked),Simulated historical trend (see SOURCES.md for base-value citations)
11-07-2026,Aluminium,Maharashtra,Pune,153.49,per kg,141.21,165.77,False,Derived (Formula from Metals.Dev API - MCX/LME-linked),Simulated historical trend (see SOURCES.md for base-value citations)
11-07-2026,Iron,Maharashtra,Pune,39.7,per kg,36.52,42.88,False,Derived (Formula from Metals.Dev API - MCX/LME-linked),Simulated historical trend (see SOURCES.md for base-value citations)
11-07-2026,Lead,Maharashtra,Pune,105.43,per kg,97.0,113.86,False,Derived (Formula from Metals.Dev API - MCX/LME-linked),Simulated historical trend (see SOURCES.md for base-value citations)
11-07-2026,PCB,Maharashtra,Pune,109.29,per kg,100.55,118.03,False,Derived (Composition Model - Copper-driven),Simulated historical trend (see SOURCES.md for base-value citations)
11-07-2026,Cable,Maharashtra,Pune,257.84,per kg,237.21,278.47,False,Derived (Composition Model - Copper-driven),Simulated historical trend (see SOURCES.md for base-value citations)
11-07-2026,Motor,Maharashtra,Pune,44.08,per kg,40.55,47.61,False,Derived (Composition Model - Copper-driven),Simulated historical trend (see SOURCES.md for base-value citations)
11-07-2026,Battery,Maharashtra,Pune,47.19,per kg,43.41,50.97,False,Derived (Composition Model - Lead-driven),Simulated historical trend (see SOURCES.md for base-value citations)
11-07-2026,CRT,Maharashtra,Pune,0.0,per kg,0.0,0.0,True,"Derived (Composition Model - Lead-driven, hazard-adjusted)",Simulated historical trend (see SOURCES.md for base-value citations)
11-07-2026,LCD,Maharashtra,Pune,21.94,per kg,20.18,23.7,False,Derived (Composition Model - Aluminium-driven),Simulated historical trend (see SOURCES.md for base-value citations)
10-07-2026,Copper,Punjab,Ludhiana,692.76,per kg,637.34,748.18,False,Derived (Formula from Metals.Dev API - MCX/LME-linked),Simulated historical trend (see SOURCES.md for base-value citations)
10-07-2026,Aluminium,Punjab,Ludhiana,148.86,per kg,136.95,160.77,False,Derived (Formula from Metals.Dev API - MCX/LME-linked),Simulated historical trend (see SOURCES.md for base-value citations)
10-07-2026,Iron,Punjab,Ludhiana,35.0,per kg,32.2,37.8,False,Derived (Formula from Metals.Dev API - MCX/LME-linked),Simulated historical trend (see SOURCES.md for base-value citations)
10-07-2026,Lead,Punjab,Ludhiana,104.93,per kg,96.54,113.32,False,Derived (Formula from Metals.Dev API - MCX/LME-linked),Simulated historical trend (see SOURCES.md for base-value citations)
10-07-2026,PCB,Punjab,Ludhiana,104.55,per kg,96.19,112.91,False,Derived (Composition Model - Copper-driven),Simulated historical trend (see SOURCES.md for base-value citations)
10-07-2026,Cable,Punjab,Ludhiana,226.36,per kg,208.25,244.47,False,Derived (Composition Model - Copper-driven),Simulated historical trend (see SOURCES.md for base-value citations)
10-07-2026,Motor,Punjab,Ludhiana,48.93,per kg,45.02,52.84,False,Derived (Composition Model - Copper-driven),Simulated historical trend (see SOURCES.md for base-value citations)
10-07-2026,Battery,Punjab,Ludhiana,40.99,per kg,37.71,44.27,False,Derived (Composition Model - Lead-driven),Simulated historical trend (see SOURCES.md for base-value citations)
10-07-2026,CRT,Punjab,Ludhiana,0.0,per kg,0.0,0.0,True,"Derived (Composition Model - Lead-driven, hazard-adjusted)",Simulated historical trend (see SOURCES.md for base-value citations)
10-07-2026,LCD,Punjab,Ludhiana,21.22,per kg,19.52,22.92,False,Derived (Composition Model - Aluminium-driven),Simulated historical trend (see SOURCES.md for base-value citations)
10-07-2026,Copper,Punjab,Amritsar,618.04,per kg,568.6,667.48,False,Derived (Formula from Metals.Dev API - MCX/LME-linked),Simulated historical trend (see SOURCES.md for base-value citations)
10-07-2026,Aluminium,Punjab,Amritsar,150.52,per kg,138.48,162.56,False,Derived (Formula from Metals.Dev API - MCX/LME-linked),Simulated historical trend (see SOURCES.md for base-value citations)
10-07-2026,Iron,Punjab,Amritsar,39.18,per kg,36.05,42.31,False,Derived (Formula from Metals.Dev API - MCX/LME-linked),Simulated historical trend (see SOURCES.md for base-value citations)
10-07-2026,Lead,Punjab,Amritsar,91.98,per kg,84.62,99.34,False,Derived (Formula from Metals.Dev API - MCX/LME-linked),Simulated historical trend (see SOURCES.md for base-value citations)
10-07-2026,PCB,Punjab,Amritsar,112.33,per kg,103.34,121.32,False,Derived (Composition Model - Copper-driven),Simulated historical trend (see SOURCES.md for base-value citations)
10-07-2026,Cable,Punjab,Amritsar,238.06,per kg,219.02,257.1,False,Derived (Composition Model - Copper-driven),Simulated historical trend (see SOURCES.md for base-value citations)
10-07-2026,Motor,Punjab,Amritsar,44.46,per kg,40.9,48.02,False,Derived (Composition Model - Copper-driven),Simulated historical trend (see SOURCES.md for base-value citations)
10-07-2026,Battery,Punjab,Amritsar,40.19,per kg,36.97,43.41,False,Derived (Composition Model - Lead-driven),Simulated historical trend (see SOURCES.md for base-value citations)
10-07-2026,CRT,Punjab,Amritsar,0.0,per kg,0.0,0.0,True,"Derived (Composition Model - Lead-driven, hazard-adjusted)",Simulated historical trend (see SOURCES.md for base-value citations)
10-07-2026,LCD,Punjab,Amritsar,19.53,per kg,17.97,21.09,False,Derived (Composition Model - Aluminium-driven),Simulated historical trend (see SOURCES.md for base-value citations)
10-07-2026,Copper,Punjab,Jalandhar,559.9,per kg,515.11,604.69,False,Derived (Formula from Metals.Dev API - MCX/LME-linked),Simulated historical trend (see SOURCES.md for base-value citations)
10-07-2026,Aluminium,Punjab,Jalandhar,139.08,per kg,127.95,150.21,False,Derived (Formula from Metals.Dev API - MCX/LME-linked),Simulated historical trend (see SOURCES.md for base-value citations)
10-07-2026,Iron,Punjab,Jalandhar,32.06,per kg,29.5,34.62,False,Derived (Formula from Metals.Dev API - MCX/LME-linked),Simulated historical trend (see SOURCES.md for base-value citations)
10-07-2026,Lead,Punjab,Jalandhar,94.62,per kg,87.05,102.19,False,Derived (Formula from Metals.Dev API - MCX/LME-linked),Simulated historical trend (see SOURCES.md for base-value citations)
10-07-2026,PCB,Punjab,Jalandhar,103.82,per kg,95.51,112.13,False,Derived (Composition Model - Copper-driven),Simulated historical trend (see SOURCES.md for base-value citations)
10-07-2026,Cable,Punjab,Jalandhar,243.93,per kg,224.42,263.44,False,Derived (Composition Model - Copper-driven),Simulated historical trend (see SOURCES.md for base-value citations)
10-07-2026,Motor,Punjab,Jalandhar,48.42,per kg,44.55,52.29,False,Derived (Composition Model - Copper-driven),Simulated historical trend (see SOURCES.md for base-value citations)
10-07-2026,Battery,Punjab,Jalandhar,36.85,per kg,33.9,39.8,False,Derived (Composition Model - Lead-driven),Simulated historical trend (see SOURCES.md for base-value citations)
10-07-2026,CRT,Punjab,Jalandhar,0.0,per kg,0.0,0.0,True,"Derived (Composition Model - Lead-driven, hazard-adjusted)",Simulated historical trend (see SOURCES.md for base-value citations)
10-07-2026,LCD,Punjab,Jalandhar,19.85,per kg,18.26,21.44,False,Derived (Composition Model - Aluminium-driven),Simulated historical trend (see SOURCES.md for base-value citations)
10-07-2026,Copper,Maharashtra,Mumbai,694.78,per kg,639.2,750.36,False,Derived (Formula from Metals.Dev API - MCX/LME-linked),Simulated historical trend (see SOURCES.md for base-value citations)
10-07-2026,Aluminium,Maharashtra,Mumbai,154.37,per kg,142.02,166.72,False,Derived (Formula from Metals.Dev API - MCX/LME-linked),Simulated historical trend (see SOURCES.md for base-value citations)
10-07-2026,Iron,Maharashtra,Mumbai,34.92,per kg,32.13,37.71,False,Derived (Formula from Metals.Dev API - MCX/LME-linked),Simulated historical trend (see SOURCES.md for base-value citations)
10-07-2026,Lead,Maharashtra,Mumbai,100.75,per kg,92.69,108.81,False,Derived (Formula from Metals.Dev API - MCX/LME-linked),Simulated historical trend (see SOURCES.md for base-value citations)
10-07-2026,PCB,Maharashtra,Mumbai,123.51,per kg,113.63,133.39,False,Derived (Composition Model - Copper-driven),Simulated historical trend (see SOURCES.md for base-value citations)
10-07-2026,Cable,Maharashtra,Mumbai,243.18,per kg,223.73,262.63,False,Derived (Composition Model - Copper-driven),Simulated historical trend (see SOURCES.md for base-value citations)
10-07-2026,Motor,Maharashtra,Mumbai,49.22,per kg,45.28,53.16,False,Derived (Composition Model - Copper-driven),Simulated historical trend (see SOURCES.md for base-value citations)
10-07-2026,Battery,Maharashtra,Mumbai,47.92,per kg,44.09,51.75,False,Derived (Composition Model - Lead-driven),Simulated historical trend (see SOURCES.md for base-value citations)
10-07-2026,CRT,Maharashtra,Mumbai,0.0,per kg,0.0,0.0,True,"Derived (Composition Model - Lead-driven, hazard-adjusted)",Simulated historical trend (see SOURCES.md for base-value citations)
10-07-2026,LCD,Maharashtra,Mumbai,20.07,per kg,18.46,21.68,False,Derived (Composition Model - Aluminium-driven),Simulated historical trend (see SOURCES.md for base-value citations)
10-07-2026,Copper,Maharashtra,Pune,600.18,per kg,552.17,648.19,False,Derived (Formula from Metals.Dev API - MCX/LME-linked),Simulated historical trend (see SOURCES.md for base-value citations)
10-07-2026,Aluminium,Maharashtra,Pune,145.97,per kg,134.29,157.65,False,Derived (Formula from Metals.Dev API - MCX/LME-linked),Simulated historical trend (see SOURCES.md for base-value citations)
10-07-2026,Iron,Maharashtra,Pune,37.74,per kg,34.72,40.76,False,Derived (Formula from Metals.Dev API - MCX/LME-linked),Simulated historical trend (see SOURCES.md for base-value citations)
10-07-2026,Lead,Maharashtra,Pune,101.49,per kg,93.37,109.61,False,Derived (Formula from Metals.Dev API - MCX/LME-linked),Simulated historical trend (see SOURCES.md for base-value citations)
10-07-2026,PCB,Maharashtra,Pune,101.65,per kg,93.52,109.78,False,Derived (Composition Model - Copper-driven),Simulated historical trend (see SOURCES.md for base-value citations)
10-07-2026,Cable,Maharashtra,Pune,238.91,per kg,219.8,258.02,False,Derived (Composition Model - Copper-driven),Simulated historical trend (see SOURCES.md for base-value citations)
10-07-2026,Motor,Maharashtra,Pune,48.09,per kg,44.24,51.94,False,Derived (Composition Model - Copper-driven),Simulated historical trend (see SOURCES.md for base-value citations)
10-07-2026,Battery,Maharashtra,Pune,47.08,per kg,43.31,50.85,False,Derived (Composition Model - Lead-driven),Simulated historical trend (see SOURCES.md for base-value citations)
10-07-2026,CRT,Maharashtra,Pune,0.0,per kg,0.0,0.0,True,"Derived (Composition Model - Lead-driven, hazard-adjusted)",Simulated historical trend (see SOURCES.md for base-value citations)
10-07-2026,LCD,Maharashtra,Pune,21.56,per kg,19.84,23.28,False,Derived (Composition Model - Aluminium-driven),Simulated historical trend (see SOURCES.md for base-value citations)
09-07-2026,Copper,Punjab,Ludhiana,594.6,per kg,547.03,642.17,False,Derived (Formula from Metals.Dev API - MCX/LME-linked),Simulated historical trend (see SOURCES.md for base-value citations)
09-07-2026,Aluminium,Punjab,Ludhiana,140.56,per kg,129.32,151.8,False,Derived (Formula from Metals.Dev API - MCX/LME-linked),Simulated historical trend (see SOURCES.md for base-value citations)
09-07-2026,Iron,Punjab,Ludhiana,37.28,per kg,34.3,40.26,False,Derived (Formula from Metals.Dev API - MCX/LME-linked),Simulated historical trend (see SOURCES.md for base-value citations)
09-07-2026,Lead,Punjab,Ludhiana,89.32,per kg,82.17,96.47,False,Derived (Formula from Metals.Dev API - MCX/LME-linked),Simulated historical trend (see SOURCES.md for base-value citations)
09-07-2026,PCB,Punjab,Ludhiana,102.43,per kg,94.24,110.62,False,Derived (Composition Model - Copper-driven),Simulated historical trend (see SOURCES.md for base-value citations)
09-07-2026,Cable,Punjab,Ludhiana,262.29,per kg,241.31,283.27,False,Derived (Composition Model - Copper-driven),Simulated historical trend (see SOURCES.md for base-value citations)
09-07-2026,Motor,Punjab,Ludhiana,51.95,per kg,47.79,56.11,False,Derived (Composition Model - Copper-driven),Simulated historical trend (see SOURCES.md for base-value citations)
09-07-2026,Battery,Punjab,Ludhiana,43.83,per kg,40.32,47.34,False,Derived (Composition Model - Lead-driven),Simulated historical trend (see SOURCES.md for base-value citations)
09-07-2026,CRT,Punjab,Ludhiana,0.0,per kg,0.0,0.0,True,"Derived (Composition Model - Lead-driven, hazard-adjusted)",Simulated historical trend (see SOURCES.md for base-value citations)
09-07-2026,LCD,Punjab,Ludhiana,19.28,per kg,17.74,20.82,False,Derived (Composition Model - Aluminium-driven),Simulated historical trend (see SOURCES.md for base-value citations)
09-07-2026,Copper,Punjab,Amritsar,696.57,per kg,640.84,752.3,False,Derived (Formula from Metals.Dev API - MCX/LME-linked),Simulated historical trend (see SOURCES.md for base-value citations)
09-07-2026,Aluminium,Punjab,Amritsar,142.06,per kg,130.7,153.42,False,Derived (Formula from Metals.Dev API - MCX/LME-linked),Simulated historical trend (see SOURCES.md for base-value citations)
09-07-2026,Iron,Punjab,Amritsar,37.48,per kg,34.48,40.48,False,Derived (Formula from Metals.Dev API - MCX/LME-linked),Simulated historical trend (see SOURCES.md for base-value citations)
09-07-2026,Lead,Punjab,Amritsar,94.74,per kg,87.16,102.32,False,Derived (Formula from Metals.Dev API - MCX/LME-linked),Simulated historical trend (see SOURCES.md for base-value citations)
09-07-2026,PCB,Punjab,Amritsar,112.18,per kg,103.21,121.15,False,Derived (Composition Model - Copper-driven),Simulated historical trend (see SOURCES.md for base-value citations)
09-07-2026,Cable,Punjab,Amritsar,234.87,per kg,216.08,253.66,False,Derived (Composition Model - Copper-driven),Simulated historical trend (see SOURCES.md for base-value citations)
09-07-2026,Motor,Punjab,Amritsar,52.63,per kg,48.42,56.84,False,Derived (Composition Model - Copper-driven),Simulated historical trend (see SOURCES.md for base-value citations)
09-07-2026,Battery,Punjab,Amritsar,40.2,per kg,36.98,43.42,False,Derived (Composition Model - Lead-driven),Simulated historical trend (see SOURCES.md for base-value citations)
09-07-2026,CRT,Punjab,Amritsar,0.0,per kg,0.0,0.0,True,"Derived (Composition Model - Lead-driven, hazard-adjusted)",Simulated historical trend (see SOURCES.md for base-value citations)
09-07-2026,LCD,Punjab,Amritsar,19.98,per kg,18.38,21.58,False,Derived (Composition Model - Aluminium-driven),Simulated historical trend (see SOURCES.md for base-value citations)
09-07-2026,Copper,Punjab,Jalandhar,638.91,per kg,587.8,690.02,False,Derived (Formula from Metals.Dev API - MCX/LME-linked),Simulated historical trend (see SOURCES.md for base-value citations)
09-07-2026,Aluminium,Punjab,Jalandhar,145.34,per kg,133.71,156.97,False,Derived (Formula from Metals.Dev API - MCX/LME-linked),Simulated historical trend (see SOURCES.md for base-value citations)
09-07-2026,Iron,Punjab,Jalandhar,33.1,per kg,30.45,35.75,False,Derived (Formula from Metals.Dev API - MCX/LME-linked),Simulated historical trend (see SOURCES.md for base-value citations)
09-07-2026,Lead,Punjab,Jalandhar,91.98,per kg,84.62,99.34,False,Derived (Formula from Metals.Dev API - MCX/LME-linked),Simulated historical trend (see SOURCES.md for base-value citations)
09-07-2026,PCB,Punjab,Jalandhar,111.37,per kg,102.46,120.28,False,Derived (Composition Model - Copper-driven),Simulated historical trend (see SOURCES.md for base-value citations)
09-07-2026,Cable,Punjab,Jalandhar,217.18,per kg,199.81,234.55,False,Derived (Composition Model - Copper-driven),Simulated historical trend (see SOURCES.md for base-value citations)
09-07-2026,Motor,Punjab,Jalandhar,44.41,per kg,40.86,47.96,False,Derived (Composition Model - Copper-driven),Simulated historical trend (see SOURCES.md for base-value citations)
09-07-2026,Battery,Punjab,Jalandhar,43.22,per kg,39.76,46.68,False,Derived (Composition Model - Lead-driven),Simulated historical trend (see SOURCES.md for base-value citations)
09-07-2026,CRT,Punjab,Jalandhar,0.0,per kg,0.0,0.0,True,"Derived (Composition Model - Lead-driven, hazard-adjusted)",Simulated historical trend (see SOURCES.md for base-value citations)
09-07-2026,LCD,Punjab,Jalandhar,20.84,per kg,19.17,22.51,False,Derived (Composition Model - Aluminium-driven),Simulated historical trend (see SOURCES.md for base-value citations)
09-07-2026,Copper,Maharashtra,Mumbai,620.37,per kg,570.74,670.0,False,Derived (Formula from Metals.Dev API - MCX/LME-linked),Simulated historical trend (see SOURCES.md for base-value citations)
09-07-2026,Aluminium,Maharashtra,Mumbai,148.86,per kg,136.95,160.77,False,Derived (Formula from Metals.Dev API - MCX/LME-linked),Simulated historical trend (see SOURCES.md for base-value citations)
09-07-2026,Iron,Maharashtra,Mumbai,39.7,per kg,36.52,42.88,False,Derived (Formula from Metals.Dev API - MCX/LME-linked),Simulated historical trend (see SOURCES.md for base-value citations)
09-07-2026,Lead,Maharashtra,Mumbai,108.5,per kg,99.82,117.18,False,Derived (Formula from Metals.Dev API - MCX/LME-linked),Simulated historical trend (see SOURCES.md for base-value citations)
09-07-2026,PCB,Maharashtra,Mumbai,119.81,per kg,110.23,129.39,False,Derived (Composition Model - Copper-driven),Simulated historical trend (see SOURCES.md for base-value citations)
09-07-2026,Cable,Maharashtra,Mumbai,285.13,per kg,262.32,307.94,False,Derived (Composition Model - Copper-driven),Simulated historical trend (see SOURCES.md for base-value citations)
09-07-2026,Motor,Maharashtra,Mumbai,46.61,per kg,42.88,50.34,False,Derived (Composition Model - Copper-driven),Simulated historical trend (see SOURCES.md for base-value citations)
09-07-2026,Battery,Maharashtra,Mumbai,40.26,per kg,37.04,43.48,False,Derived (Composition Model - Lead-driven),Simulated historical trend (see SOURCES.md for base-value citations)
09-07-2026,CRT,Maharashtra,Mumbai,0.0,per kg,0.0,0.0,True,"Derived (Composition Model - Lead-driven, hazard-adjusted)",Simulated historical trend (see SOURCES.md for base-value citations)
09-07-2026,LCD,Maharashtra,Mumbai,19.66,per kg,18.09,21.23,False,Derived (Composition Model - Aluminium-driven),Simulated historical trend (see SOURCES.md for base-value citations)
09-07-2026,Copper,Maharashtra,Pune,651.78,per kg,599.64,703.92,False,Derived (Formula from Metals.Dev API - MCX/LME-linked),Simulated historical trend (see SOURCES.md for base-value citations)
09-07-2026,Aluminium,Maharashtra,Pune,146.94,per kg,135.18,158.7,False,Derived (Formula from Metals.Dev API - MCX/LME-linked),Simulated historical trend (see SOURCES.md for base-value citations)
09-07-2026,Iron,Maharashtra,Pune,38.7,per kg,35.6,41.8,False,Derived (Formula from Metals.Dev API - MCX/LME-linked),Simulated historical trend (see SOURCES.md for base-value citations)
09-07-2026,Lead,Maharashtra,Pune,109.74,per kg,100.96,118.52,False,Derived (Formula from Metals.Dev API - MCX/LME-linked),Simulated historical trend (see SOURCES.md for base-value citations)
09-07-2026,PCB,Maharashtra,Pune,122.0,per kg,112.24,131.76,False,Derived (Composition Model - Copper-driven),Simulated historical trend (see SOURCES.md for base-value citations)
09-07-2026,Cable,Maharashtra,Pune,257.25,per kg,236.67,277.83,False,Derived (Composition Model - Copper-driven),Simulated historical trend (see SOURCES.md for base-value citations)
09-07-2026,Motor,Maharashtra,Pune,52.97,per kg,48.73,57.21,False,Derived (Composition Model - Copper-driven),Simulated historical trend (see SOURCES.md for base-value citations)
09-07-2026,Battery,Maharashtra,Pune,41.56,per kg,38.24,44.88,False,Derived (Composition Model - Lead-driven),Simulated historical trend (see SOURCES.md for base-value citations)
09-07-2026,CRT,Maharashtra,Pune,0.0,per kg,0.0,0.0,True,"Derived (Composition Model - Lead-driven, hazard-adjusted)",Simulated historical trend (see SOURCES.md for base-value citations)
09-07-2026,LCD,Maharashtra,Pune,19.7,per kg,18.12,21.28,False,Derived (Composition Model - Aluminium-driven),Simulated historical trend (see SOURCES.md for base-value citations)
08-07-2026,Copper,Punjab,Ludhiana,669.66,per kg,616.09,723.23,False,Derived (Formula from Metals.Dev API - MCX/LME-linked),Simulated historical trend (see SOURCES.md for base-value citations)
08-07-2026,Aluminium,Punjab,Ludhiana,144.87,per kg,133.28,156.46,False,Derived (Formula from Metals.Dev API - MCX/LME-linked),Simulated historical trend (see SOURCES.md for base-value citations)
08-07-2026,Iron,Punjab,Ludhiana,37.78,per kg,34.76,40.8,False,Derived (Formula from Metals.Dev API - MCX/LME-linked),Simulated historical trend (see SOURCES.md for base-value citations)
08-07-2026,Lead,Punjab,Ludhiana,95.31,per kg,87.69,102.93,False,Derived (Formula from Metals.Dev API - MCX/LME-linked),Simulated historical trend (see SOURCES.md for base-value citations)
08-07-2026,PCB,Punjab,Ludhiana,110.72,per kg,101.86,119.58,False,Derived (Composition Model - Copper-driven),Simulated historical trend (see SOURCES.md for base-value citations)
08-07-2026,Cable,Punjab,Ludhiana,243.02,per kg,223.58,262.46,False,Derived (Composition Model - Copper-driven),Simulated historical trend (see SOURCES.md for base-value citations)
08-07-2026,Motor,Punjab,Ludhiana,47.35,per kg,43.56,51.14,False,Derived (Composition Model - Copper-driven),Simulated historical trend (see SOURCES.md for base-value citations)
08-07-2026,Battery,Punjab,Ludhiana,39.6,per kg,36.43,42.77,False,Derived (Composition Model - Lead-driven),Simulated historical trend (see SOURCES.md for base-value citations)
08-07-2026,CRT,Punjab,Ludhiana,0.0,per kg,0.0,0.0,True,"Derived (Composition Model - Lead-driven, hazard-adjusted)",Simulated historical trend (see SOURCES.md for base-value citations)
08-07-2026,LCD,Punjab,Ludhiana,21.86,per kg,20.11,23.61,False,Derived (Composition Model - Aluminium-driven),Simulated historical trend (see SOURCES.md for base-value citations)
08-07-2026,Copper,Punjab,Amritsar,676.01,per kg,621.93,730.09,False,Derived (Formula from Metals.Dev API - MCX/LME-linked),Simulated historical trend (see SOURCES.md for base-value citations)
08-07-2026,Aluminium,Punjab,Amritsar,140.09,per kg,128.88,151.3,False,Derived (Formula from Metals.Dev API - MCX/LME-linked),Simulated historical trend (see SOURCES.md for base-value citations)
08-07-2026,Iron,Punjab,Amritsar,33.81,per kg,31.11,36.51,False,Derived (Formula from Metals.Dev API - MCX/LME-linked),Simulated historical trend (see SOURCES.md for base-value citations)
08-07-2026,Lead,Punjab,Amritsar,92.66,per kg,85.25,100.07,False,Derived (Formula from Metals.Dev API - MCX/LME-linked),Simulated historical trend (see SOURCES.md for base-value citations)
08-07-2026,PCB,Punjab,Amritsar,107.25,per kg,98.67,115.83,False,Derived (Composition Model - Copper-driven),Simulated historical trend (see SOURCES.md for base-value citations)
08-07-2026,Cable,Punjab,Amritsar,268.26,per kg,246.8,289.72,False,Derived (Composition Model - Copper-driven),Simulated historical trend (see SOURCES.md for base-value citations)
08-07-2026,Motor,Punjab,Amritsar,45.29,per kg,41.67,48.91,False,Derived (Composition Model - Copper-driven),Simulated historical trend (see SOURCES.md for base-value citations)
08-07-2026,Battery,Punjab,Amritsar,41.72,per kg,38.38,45.06,False,Derived (Composition Model - Lead-driven),Simulated historical trend (see SOURCES.md for base-value citations)
08-07-2026,CRT,Punjab,Amritsar,0.0,per kg,0.0,0.0,True,"Derived (Composition Model - Lead-driven, hazard-adjusted)",Simulated historical trend (see SOURCES.md for base-value citations)
08-07-2026,LCD,Punjab,Amritsar,22.62,per kg,20.81,24.43,False,Derived (Composition Model - Aluminium-driven),Simulated historical trend (see SOURCES.md for base-value citations)
08-07-2026,Copper,Punjab,Jalandhar,553.74,per kg,509.44,598.04,False,Derived (Formula from Metals.Dev API - MCX/LME-linked),Simulated historical trend (see SOURCES.md for base-value citations)
08-07-2026,Aluminium,Punjab,Jalandhar,152.46,per kg,140.26,164.66,False,Derived (Formula from Metals.Dev API - MCX/LME-linked),Simulated historical trend (see SOURCES.md for base-value citations)
08-07-2026,Iron,Punjab,Jalandhar,32.83,per kg,30.2,35.46,False,Derived (Formula from Metals.Dev API - MCX/LME-linked),Simulated historical trend (see SOURCES.md for base-value citations)
08-07-2026,Lead,Punjab,Jalandhar,99.27,per kg,91.33,107.21,False,Derived (Formula from Metals.Dev API - MCX/LME-linked),Simulated historical trend (see SOURCES.md for base-value citations)
08-07-2026,PCB,Punjab,Jalandhar,109.4,per kg,100.65,118.15,False,Derived (Composition Model - Copper-driven),Simulated historical trend (see SOURCES.md for base-value citations)
08-07-2026,Cable,Punjab,Jalandhar,257.06,per kg,236.5,277.62,False,Derived (Composition Model - Copper-driven),Simulated historical trend (see SOURCES.md for base-value citations)
08-07-2026,Motor,Punjab,Jalandhar,42.14,per kg,38.77,45.51,False,Derived (Composition Model - Copper-driven),Simulated historical trend (see SOURCES.md for base-value citations)
08-07-2026,Battery,Punjab,Jalandhar,42.73,per kg,39.31,46.15,False,Derived (Composition Model - Lead-driven),Simulated historical trend (see SOURCES.md for base-value citations)
08-07-2026,CRT,Punjab,Jalandhar,0.0,per kg,0.0,0.0,True,"Derived (Composition Model - Lead-driven, hazard-adjusted)",Simulated historical trend (see SOURCES.md for base-value citations)
08-07-2026,LCD,Punjab,Jalandhar,20.65,per kg,19.0,22.3,False,Derived (Composition Model - Aluminium-driven),Simulated historical trend (see SOURCES.md for base-value citations)
08-07-2026,Copper,Maharashtra,Mumbai,715.97,per kg,658.69,773.25,False,Derived (Formula from Metals.Dev API - MCX/LME-linked),Simulated historical trend (see SOURCES.md for base-value citations)
08-07-2026,Aluminium,Maharashtra,Mumbai,166.39,per kg,153.08,179.7,False,Derived (Formula from Metals.Dev API - MCX/LME-linked),Simulated historical trend (see SOURCES.md for base-value citations)
08-07-2026,Iron,Maharashtra,Mumbai,36.51,per kg,33.59,39.43,False,Derived (Formula from Metals.Dev API - MCX/LME-linked),Simulated historical trend (see SOURCES.md for base-value citations)
08-07-2026,Lead,Maharashtra,Mumbai,105.02,per kg,96.62,113.42,False,Derived (Formula from Metals.Dev API - MCX/LME-linked),Simulated historical trend (see SOURCES.md for base-value citations)
08-07-2026,PCB,Maharashtra,Mumbai,122.25,per kg,112.47,132.03,False,Derived (Composition Model - Copper-driven),Simulated historical trend (see SOURCES.md for base-value citations)
08-07-2026,Cable,Maharashtra,Mumbai,275.4,per kg,253.37,297.43,False,Derived (Composition Model - Copper-driven),Simulated historical trend (see SOURCES.md for base-value citations)
08-07-2026,Motor,Maharashtra,Mumbai,51.6,per kg,47.47,55.73,False,Derived (Composition Model - Copper-driven),Simulated historical trend (see SOURCES.md for base-value citations)
08-07-2026,Battery,Maharashtra,Mumbai,40.16,per kg,36.95,43.37,False,Derived (Composition Model - Lead-driven),Simulated historical trend (see SOURCES.md for base-value citations)
08-07-2026,CRT,Maharashtra,Mumbai,0.0,per kg,0.0,0.0,True,"Derived (Composition Model - Lead-driven, hazard-adjusted)",Simulated historical trend (see SOURCES.md for base-value citations)
08-07-2026,LCD,Maharashtra,Mumbai,19.88,per kg,18.29,21.47,False,Derived (Composition Model - Aluminium-driven),Simulated historical trend (see SOURCES.md for base-value citations)
08-07-2026,Copper,Maharashtra,Pune,621.58,per kg,571.85,671.31,False,Derived (Formula from Metals.Dev API - MCX/LME-linked),Simulated historical trend (see SOURCES.md for base-value citations)
08-07-2026,Aluminium,Maharashtra,Pune,144.0,per kg,132.48,155.52,False,Derived (Formula from Metals.Dev API - MCX/LME-linked),Simulated historical trend (see SOURCES.md for base-value citations)
08-07-2026,Iron,Maharashtra,Pune,40.1,per kg,36.89,43.31,False,Derived (Formula from Metals.Dev API - MCX/LME-linked),Simulated historical trend (see SOURCES.md for base-value citations)
08-07-2026,Lead,Maharashtra,Pune,97.37,per kg,89.58,105.16,False,Derived (Formula from Metals.Dev API - MCX/LME-linked),Simulated historical trend (see SOURCES.md for base-value citations)
08-07-2026,PCB,Maharashtra,Pune,108.65,per kg,99.96,117.34,False,Derived (Composition Model - Copper-driven),Simulated historical trend (see SOURCES.md for base-value citations)
08-07-2026,Cable,Maharashtra,Pune,247.42,per kg,227.63,267.21,False,Derived (Composition Model - Copper-driven),Simulated historical trend (see SOURCES.md for base-value citations)
08-07-2026,Motor,Maharashtra,Pune,48.32,per kg,44.45,52.19,False,Derived (Composition Model - Copper-driven),Simulated historical trend (see SOURCES.md for base-value citations)
08-07-2026,Battery,Maharashtra,Pune,40.71,per kg,37.45,43.97,False,Derived (Composition Model - Lead-driven),Simulated historical trend (see SOURCES.md for base-value citations)
08-07-2026,CRT,Maharashtra,Pune,0.0,per kg,0.0,0.0,True,"Derived (Composition Model - Lead-driven, hazard-adjusted)",Simulated historical trend (see SOURCES.md for base-value citations)
08-07-2026,LCD,Maharashtra,Pune,18.76,per kg,17.26,20.26,False,Derived (Composition Model - Aluminium-driven),Simulated historical trend (see SOURCES.md for base-value citations)
07-07-2026,Copper,Punjab,Ludhiana,686.36,per kg,631.45,741.27,False,Derived (Formula from Metals.Dev API - MCX/LME-linked),Simulated historical trend (see SOURCES.md for base-value citations)
07-07-2026,Aluminium,Punjab,Ludhiana,162.85,per kg,149.82,175.88,False,Derived (Formula from Metals.Dev API - MCX/LME-linked),Simulated historical trend (see SOURCES.md for base-value citations)
07-07-2026,Iron,Punjab,Ludhiana,37.39,per kg,34.4,40.38,False,Derived (Formula from Metals.Dev API - MCX/LME-linked),Simulated historical trend (see SOURCES.md for base-value citations)
07-07-2026,Lead,Punjab,Ludhiana,96.53,per kg,88.81,104.25,False,Derived (Formula from Metals.Dev API - MCX/LME-linked),Simulated historical trend (see SOURCES.md for base-value citations)
07-07-2026,PCB,Punjab,Ludhiana,118.19,per kg,108.73,127.65,False,Derived (Composition Model - Copper-driven),Simulated historical trend (see SOURCES.md for base-value citations)
07-07-2026,Cable,Punjab,Ludhiana,256.39,per kg,235.88,276.9,False,Derived (Composition Model - Copper-driven),Simulated historical trend (see SOURCES.md for base-value citations)
07-07-2026,Motor,Punjab,Ludhiana,45.45,per kg,41.81,49.09,False,Derived (Composition Model - Copper-driven),Simulated historical trend (see SOURCES.md for base-value citations)
07-07-2026,Battery,Punjab,Ludhiana,45.22,per kg,41.6,48.84,False,Derived (Composition Model - Lead-driven),Simulated historical trend (see SOURCES.md for base-value citations)
07-07-2026,CRT,Punjab,Ludhiana,0.0,per kg,0.0,0.0,True,"Derived (Composition Model - Lead-driven, hazard-adjusted)",Simulated historical trend (see SOURCES.md for base-value citations)
07-07-2026,LCD,Punjab,Ludhiana,21.23,per kg,19.53,22.93,False,Derived (Composition Model - Aluminium-driven),Simulated historical trend (see SOURCES.md for base-value citations)
07-07-2026,Copper,Punjab,Amritsar,591.92,per kg,544.57,639.27,False,Derived (Formula from Metals.Dev API - MCX/LME-linked),Simulated historical trend (see SOURCES.md for base-value citations)
07-07-2026,Aluminium,Punjab,Amritsar,159.04,per kg,146.32,171.76,False,Derived (Formula from Metals.Dev API - MCX/LME-linked),Simulated historical trend (see SOURCES.md for base-value citations)
07-07-2026,Iron,Punjab,Amritsar,37.69,per kg,34.67,40.71,False,Derived (Formula from Metals.Dev API - MCX/LME-linked),Simulated historical trend (see SOURCES.md for base-value citations)
07-07-2026,Lead,Punjab,Amritsar,95.97,per kg,88.29,103.65,False,Derived (Formula from Metals.Dev API - MCX/LME-linked),Simulated historical trend (see SOURCES.md for base-value citations)
07-07-2026,PCB,Punjab,Amritsar,123.13,per kg,113.28,132.98,False,Derived (Composition Model - Copper-driven),Simulated historical trend (see SOURCES.md for base-value citations)
07-07-2026,Cable,Punjab,Amritsar,274.39,per kg,252.44,296.34,False,Derived (Composition Model - Copper-driven),Simulated historical trend (see SOURCES.md for base-value citations)
07-07-2026,Motor,Punjab,Amritsar,50.51,per kg,46.47,54.55,False,Derived (Composition Model - Copper-driven),Simulated historical trend (see SOURCES.md for base-value citations)
07-07-2026,Battery,Punjab,Amritsar,45.85,per kg,42.18,49.52,False,Derived (Composition Model - Lead-driven),Simulated historical trend (see SOURCES.md for base-value citations)
07-07-2026,CRT,Punjab,Amritsar,0.0,per kg,0.0,0.0,True,"Derived (Composition Model - Lead-driven, hazard-adjusted)",Simulated historical trend (see SOURCES.md for base-value citations)
07-07-2026,LCD,Punjab,Amritsar,19.28,per kg,17.74,20.82,False,Derived (Composition Model - Aluminium-driven),Simulated historical trend (see SOURCES.md for base-value citations)
07-07-2026,Copper,Punjab,Jalandhar,585.39,per kg,538.56,632.22,False,Derived (Formula from Metals.Dev API - MCX/LME-linked),Simulated historical trend (see SOURCES.md for base-value citations)
07-07-2026,Aluminium,Punjab,Jalandhar,155.29,per kg,142.87,167.71,False,Derived (Formula from Metals.Dev API - MCX/LME-linked),Simulated historical trend (see SOURCES.md for base-value citations)
07-07-2026,Iron,Punjab,Jalandhar,30.93,per kg,28.46,33.4,False,Derived (Formula from Metals.Dev API - MCX/LME-linked),Simulated historical trend (see SOURCES.md for base-value citations)
07-07-2026,Lead,Punjab,Jalandhar,98.16,per kg,90.31,106.01,False,Derived (Formula from Metals.Dev API - MCX/LME-linked),Simulated historical trend (see SOURCES.md for base-value citations)
07-07-2026,PCB,Punjab,Jalandhar,112.99,per kg,103.95,122.03,False,Derived (Composition Model - Copper-driven),Simulated historical trend (see SOURCES.md for base-value citations)
07-07-2026,Cable,Punjab,Jalandhar,233.05,per kg,214.41,251.69,False,Derived (Composition Model - Copper-driven),Simulated historical trend (see SOURCES.md for base-value citations)
07-07-2026,Motor,Punjab,Jalandhar,42.93,per kg,39.5,46.36,False,Derived (Composition Model - Copper-driven),Simulated historical trend (see SOURCES.md for base-value citations)
07-07-2026,Battery,Punjab,Jalandhar,41.36,per kg,38.05,44.67,False,Derived (Composition Model - Lead-driven),Simulated historical trend (see SOURCES.md for base-value citations)
07-07-2026,CRT,Punjab,Jalandhar,0.0,per kg,0.0,0.0,True,"Derived (Composition Model - Lead-driven, hazard-adjusted)",Simulated historical trend (see SOURCES.md for base-value citations)
07-07-2026,LCD,Punjab,Jalandhar,19.14,per kg,17.61,20.67,False,Derived (Composition Model - Aluminium-driven),Simulated historical trend (see SOURCES.md for base-value citations)
07-07-2026,Copper,Maharashtra,Mumbai,611.47,per kg,562.55,660.39,False,Derived (Formula from Metals.Dev API - MCX/LME-linked),Simulated historical trend (see SOURCES.md for base-value citations)
07-07-2026,Aluminium,Maharashtra,Mumbai,147.18,per kg,135.41,158.95,False,Derived (Formula from Metals.Dev API - MCX/LME-linked),Simulated historical trend (see SOURCES.md for base-value citations)
07-07-2026,Iron,Maharashtra,Mumbai,34.5,per kg,31.74,37.26,False,Derived (Formula from Metals.Dev API - MCX/LME-linked),Simulated historical trend (see SOURCES.md for base-value citations)
07-07-2026,Lead,Maharashtra,Mumbai,100.75,per kg,92.69,108.81,False,Derived (Formula from Metals.Dev API - MCX/LME-linked),Simulated historical trend (see SOURCES.md for base-value citations)
07-07-2026,PCB,Maharashtra,Mumbai,112.03,per kg,103.07,120.99,False,Derived (Composition Model - Copper-driven),Simulated historical trend (see SOURCES.md for base-value citations)
07-07-2026,Cable,Maharashtra,Mumbai,284.46,per kg,261.7,307.22,False,Derived (Composition Model - Copper-driven),Simulated historical trend (see SOURCES.md for base-value citations)
07-07-2026,Motor,Maharashtra,Mumbai,49.36,per kg,45.41,53.31,False,Derived (Composition Model - Copper-driven),Simulated historical trend (see SOURCES.md for base-value citations)
07-07-2026,Battery,Maharashtra,Mumbai,46.7,per kg,42.96,50.44,False,Derived (Composition Model - Lead-driven),Simulated historical trend (see SOURCES.md for base-value citations)
07-07-2026,CRT,Maharashtra,Mumbai,0.0,per kg,0.0,0.0,True,"Derived (Composition Model - Lead-driven, hazard-adjusted)",Simulated historical trend (see SOURCES.md for base-value citations)
07-07-2026,LCD,Maharashtra,Mumbai,22.75,per kg,20.93,24.57,False,Derived (Composition Model - Aluminium-driven),Simulated historical trend (see SOURCES.md for base-value citations)
07-07-2026,Copper,Maharashtra,Pune,689.95,per kg,634.75,745.15,False,Derived (Formula from Metals.Dev API - MCX/LME-linked),Simulated historical trend (see SOURCES.md for base-value citations)
07-07-2026,Aluminium,Maharashtra,Pune,138.94,per kg,127.82,150.06,False,Derived (Formula from Metals.Dev API - MCX/LME-linked),Simulated historical trend (see SOURCES.md for base-value citations)
07-07-2026,Iron,Maharashtra,Pune,36.47,per kg,33.55,39.39,False,Derived (Formula from Metals.Dev API - MCX/LME-linked),Simulated historical trend (see SOURCES.md for base-value citations)
07-07-2026,Lead,Maharashtra,Pune,100.55,per kg,92.51,108.59,False,Derived (Formula from Metals.Dev API - MCX/LME-linked),Simulated historical trend (see SOURCES.md for base-value citations)
07-07-2026,PCB,Maharashtra,Pune,101.38,per kg,93.27,109.49,False,Derived (Composition Model - Copper-driven),Simulated historical trend (see SOURCES.md for base-value citations)
07-07-2026,Cable,Maharashtra,Pune,274.92,per kg,252.93,296.91,False,Derived (Composition Model - Copper-driven),Simulated historical trend (see SOURCES.md for base-value citations)
07-07-2026,Motor,Maharashtra,Pune,52.18,per kg,48.01,56.35,False,Derived (Composition Model - Copper-driven),Simulated historical trend (see SOURCES.md for base-value citations)
07-07-2026,Battery,Maharashtra,Pune,44.52,per kg,40.96,48.08,False,Derived (Composition Model - Lead-driven),Simulated historical trend (see SOURCES.md for base-value citations)
07-07-2026,CRT,Maharashtra,Pune,0.0,per kg,0.0,0.0,True,"Derived (Composition Model - Lead-driven, hazard-adjusted)",Simulated historical trend (see SOURCES.md for base-value citations)
07-07-2026,LCD,Maharashtra,Pune,22.65,per kg,20.84,24.46,False,Derived (Composition Model - Aluminium-driven),Simulated historical trend (see SOURCES.md for base-value citations)
06-07-2026,Copper,Punjab,Ludhiana,686.67,per kg,631.74,741.6,False,Derived (Formula from Metals.Dev API - MCX/LME-linked),Simulated historical trend (see SOURCES.md for base-value citations)
06-07-2026,Aluminium,Punjab,Ludhiana,160.78,per kg,147.92,173.64,False,Derived (Formula from Metals.Dev API - MCX/LME-linked),Simulated historical trend (see SOURCES.md for base-value citations)
06-07-2026,Iron,Punjab,Ludhiana,33.12,per kg,30.47,35.77,False,Derived (Formula from Metals.Dev API - MCX/LME-linked),Simulated historical trend (see SOURCES.md for base-value citations)
06-07-2026,Lead,Punjab,Ludhiana,103.49,per kg,95.21,111.77,False,Derived (Formula from Metals.Dev API - MCX/LME-linked),Simulated historical trend (see SOURCES.md for base-value citations)
06-07-2026,PCB,Punjab,Ludhiana,113.6,per kg,104.51,122.69,False,Derived (Composition Model - Copper-driven),Simulated historical trend (see SOURCES.md for base-value citations)
06-07-2026,Cable,Punjab,Ludhiana,235.67,per kg,216.82,254.52,False,Derived (Composition Model - Copper-driven),Simulated historical trend (see SOURCES.md for base-value citations)
06-07-2026,Motor,Punjab,Ludhiana,46.59,per kg,42.86,50.32,False,Derived (Composition Model - Copper-driven),Simulated historical trend (see SOURCES.md for base-value citations)
06-07-2026,Battery,Punjab,Ludhiana,41.51,per kg,38.19,44.83,False,Derived (Composition Model - Lead-driven),Simulated historical trend (see SOURCES.md for base-value citations)
06-07-2026,CRT,Punjab,Ludhiana,0.0,per kg,0.0,0.0,True,"Derived (Composition Model - Lead-driven, hazard-adjusted)",Simulated historical trend (see SOURCES.md for base-value citations)
06-07-2026,LCD,Punjab,Ludhiana,19.41,per kg,17.86,20.96,False,Derived (Composition Model - Aluminium-driven),Simulated historical trend (see SOURCES.md for base-value citations)
06-07-2026,Copper,Punjab,Amritsar,654.21,per kg,601.87,706.55,False,Derived (Formula from Metals.Dev API - MCX/LME-linked),Simulated historical trend (see SOURCES.md for base-value citations)
06-07-2026,Aluminium,Punjab,Amritsar,165.09,per kg,151.88,178.3,False,Derived (Formula from Metals.Dev API - MCX/LME-linked),Simulated historical trend (see SOURCES.md for base-value citations)
06-07-2026,Iron,Punjab,Amritsar,36.13,per kg,33.24,39.02,False,Derived (Formula from Metals.Dev API - MCX/LME-linked),Simulated historical trend (see SOURCES.md for base-value citations)
06-07-2026,Lead,Punjab,Amritsar,102.22,per kg,94.04,110.4,False,Derived (Formula from Metals.Dev API - MCX/LME-linked),Simulated historical trend (see SOURCES.md for base-value citations)
06-07-2026,PCB,Punjab,Amritsar,114.51,per kg,105.35,123.67,False,Derived (Composition Model - Copper-driven),Simulated historical trend (see SOURCES.md for base-value citations)
06-07-2026,Cable,Punjab,Amritsar,238.84,per kg,219.73,257.95,False,Derived (Composition Model - Copper-driven),Simulated historical trend (see SOURCES.md for base-value citations)
06-07-2026,Motor,Punjab,Amritsar,44.02,per kg,40.5,47.54,False,Derived (Composition Model - Copper-driven),Simulated historical trend (see SOURCES.md for base-value citations)
06-07-2026,Battery,Punjab,Amritsar,46.83,per kg,43.08,50.58,False,Derived (Composition Model - Lead-driven),Simulated historical trend (see SOURCES.md for base-value citations)
06-07-2026,CRT,Punjab,Amritsar,0.0,per kg,0.0,0.0,True,"Derived (Composition Model - Lead-driven, hazard-adjusted)",Simulated historical trend (see SOURCES.md for base-value citations)
06-07-2026,LCD,Punjab,Amritsar,20.39,per kg,18.76,22.02,False,Derived (Composition Model - Aluminium-driven),Simulated historical trend (see SOURCES.md for base-value citations)
06-07-2026,Copper,Punjab,Jalandhar,555.0,per kg,510.6,599.4,False,Derived (Formula from Metals.Dev API - MCX/LME-linked),Simulated historical trend (see SOURCES.md for base-value citations)
06-07-2026,Aluminium,Punjab,Jalandhar,137.01,per kg,126.05,147.97,False,Derived (Formula from Metals.Dev API - MCX/LME-linked),Simulated historical trend (see SOURCES.md for base-value citations)
06-07-2026,Iron,Punjab,Jalandhar,37.07,per kg,34.1,40.04,False,Derived (Formula from Metals.Dev API - MCX/LME-linked),Simulated historical trend (see SOURCES.md for base-value citations)
06-07-2026,Lead,Punjab,Jalandhar,94.92,per kg,87.33,102.51,False,Derived (Formula from Metals.Dev API - MCX/LME-linked),Simulated historical trend (see SOURCES.md for base-value citations)
06-07-2026,PCB,Punjab,Jalandhar,106.89,per kg,98.34,115.44,False,Derived (Composition Model - Copper-driven),Simulated historical trend (see SOURCES.md for base-value citations)
06-07-2026,Cable,Punjab,Jalandhar,247.75,per kg,227.93,267.57,False,Derived (Composition Model - Copper-driven),Simulated historical trend (see SOURCES.md for base-value citations)
06-07-2026,Motor,Punjab,Jalandhar,41.5,per kg,38.18,44.82,False,Derived (Composition Model - Copper-driven),Simulated historical trend (see SOURCES.md for base-value citations)
06-07-2026,Battery,Punjab,Jalandhar,41.66,per kg,38.33,44.99,False,Derived (Composition Model - Lead-driven),Simulated historical trend (see SOURCES.md for base-value citations)
06-07-2026,CRT,Punjab,Jalandhar,0.0,per kg,0.0,0.0,True,"Derived (Composition Model - Lead-driven, hazard-adjusted)",Simulated historical trend (see SOURCES.md for base-value citations)
06-07-2026,LCD,Punjab,Jalandhar,19.85,per kg,18.26,21.44,False,Derived (Composition Model - Aluminium-driven),Simulated historical trend (see SOURCES.md for base-value citations)
06-07-2026,Copper,Maharashtra,Mumbai,627.46,per kg,577.26,677.66,False,Derived (Formula from Metals.Dev API - MCX/LME-linked),Simulated historical trend (see SOURCES.md for base-value citations)
06-07-2026,Aluminium,Maharashtra,Mumbai,154.37,per kg,142.02,166.72,False,Derived (Formula from Metals.Dev API - MCX/LME-linked),Simulated historical trend (see SOURCES.md for base-value citations)
06-07-2026,Iron,Maharashtra,Mumbai,40.62,per kg,37.37,43.87,False,Derived (Formula from Metals.Dev API - MCX/LME-linked),Simulated historical trend (see SOURCES.md for base-value citations)
06-07-2026,Lead,Maharashtra,Mumbai,113.24,per kg,104.18,122.3,False,Derived (Formula from Metals.Dev API - MCX/LME-linked),Simulated historical trend (see SOURCES.md for base-value citations)
06-07-2026,PCB,Maharashtra,Mumbai,106.9,per kg,98.35,115.45,False,Derived (Composition Model - Copper-driven),Simulated historical trend (see SOURCES.md for base-value citations)
06-07-2026,Cable,Maharashtra,Mumbai,279.39,per kg,257.04,301.74,False,Derived (Composition Model - Copper-driven),Simulated historical trend (see SOURCES.md for base-value citations)
06-07-2026,Motor,Maharashtra,Mumbai,51.81,per kg,47.67,55.95,False,Derived (Composition Model - Copper-driven),Simulated historical trend (see SOURCES.md for base-value citations)
06-07-2026,Battery,Maharashtra,Mumbai,47.64,per kg,43.83,51.45,False,Derived (Composition Model - Lead-driven),Simulated historical trend (see SOURCES.md for base-value citations)
06-07-2026,CRT,Maharashtra,Mumbai,0.0,per kg,0.0,0.0,True,"Derived (Composition Model - Lead-driven, hazard-adjusted)",Simulated historical trend (see SOURCES.md for base-value citations)
06-07-2026,LCD,Maharashtra,Mumbai,22.08,per kg,20.31,23.85,False,Derived (Composition Model - Aluminium-driven),Simulated historical trend (see SOURCES.md for base-value citations)
06-07-2026,Copper,Maharashtra,Pune,697.52,per kg,641.72,753.32,False,Derived (Formula from Metals.Dev API - MCX/LME-linked),Simulated historical trend (see SOURCES.md for base-value citations)
06-07-2026,Aluminium,Maharashtra,Pune,137.6,per kg,126.59,148.61,False,Derived (Formula from Metals.Dev API - MCX/LME-linked),Simulated historical trend (see SOURCES.md for base-value citations)
06-07-2026,Iron,Maharashtra,Pune,34.9,per kg,32.11,37.69,False,Derived (Formula from Metals.Dev API - MCX/LME-linked),Simulated historical trend (see SOURCES.md for base-value citations)
06-07-2026,Lead,Maharashtra,Pune,100.52,per kg,92.48,108.56,False,Derived (Formula from Metals.Dev API - MCX/LME-linked),Simulated historical trend (see SOURCES.md for base-value citations)
06-07-2026,PCB,Maharashtra,Pune,101.75,per kg,93.61,109.89,False,Derived (Composition Model - Copper-driven),Simulated historical trend (see SOURCES.md for base-value citations)
06-07-2026,Cable,Maharashtra,Pune,244.16,per kg,224.63,263.69,False,Derived (Composition Model - Copper-driven),Simulated historical trend (see SOURCES.md for base-value citations)
06-07-2026,Motor,Maharashtra,Pune,49.64,per kg,45.67,53.61,False,Derived (Composition Model - Copper-driven),Simulated historical trend (see SOURCES.md for base-value citations)
06-07-2026,Battery,Maharashtra,Pune,40.65,per kg,37.4,43.9,False,Derived (Composition Model - Lead-driven),Simulated historical trend (see SOURCES.md for base-value citations)
06-07-2026,CRT,Maharashtra,Pune,0.0,per kg,0.0,0.0,True,"Derived (Composition Model - Lead-driven, hazard-adjusted)",Simulated historical trend (see SOURCES.md for base-value citations)
06-07-2026,LCD,Maharashtra,Pune,20.07,per kg,18.46,21.68,False,Derived (Composition Model - Aluminium-driven),Simulated historical trend (see SOURCES.md for base-value citations)
05-07-2026,Copper,Punjab,Ludhiana,674.81,per kg,620.83,728.79,False,Derived (Formula from Metals.Dev API - MCX/LME-linked),Simulated historical trend (see SOURCES.md for base-value citations)
05-07-2026,Aluminium,Punjab,Ludhiana,134.3,per kg,123.56,145.04,False,Derived (Formula from Metals.Dev API - MCX/LME-linked),Simulated historical trend (see SOURCES.md for base-value citations)
05-07-2026,Iron,Punjab,Ludhiana,34.52,per kg,31.76,37.28,False,Derived (Formula from Metals.Dev API - MCX/LME-linked),Simulated historical trend (see SOURCES.md for base-value citations)
05-07-2026,Lead,Punjab,Ludhiana,103.84,per kg,95.53,112.15,False,Derived (Formula from Metals.Dev API - MCX/LME-linked),Simulated historical trend (see SOURCES.md for base-value citations)
05-07-2026,PCB,Punjab,Ludhiana,113.89,per kg,104.78,123.0,False,Derived (Composition Model - Copper-driven),Simulated historical trend (see SOURCES.md for base-value citations)
05-07-2026,Cable,Punjab,Ludhiana,240.36,per kg,221.13,259.59,False,Derived (Composition Model - Copper-driven),Simulated historical trend (see SOURCES.md for base-value citations)
05-07-2026,Motor,Punjab,Ludhiana,44.45,per kg,40.89,48.01,False,Derived (Composition Model - Copper-driven),Simulated historical trend (see SOURCES.md for base-value citations)
05-07-2026,Battery,Punjab,Ludhiana,41.58,per kg,38.25,44.91,False,Derived (Composition Model - Lead-driven),Simulated historical trend (see SOURCES.md for base-value citations)
05-07-2026,CRT,Punjab,Ludhiana,0.0,per kg,0.0,0.0,True,"Derived (Composition Model - Lead-driven, hazard-adjusted)",Simulated historical trend (see SOURCES.md for base-value citations)
05-07-2026,LCD,Punjab,Ludhiana,18.75,per kg,17.25,20.25,False,Derived (Composition Model - Aluminium-driven),Simulated historical trend (see SOURCES.md for base-value citations)
05-07-2026,Copper,Punjab,Amritsar,582.92,per kg,536.29,629.55,False,Derived (Formula from Metals.Dev API - MCX/LME-linked),Simulated historical trend (see SOURCES.md for base-value citations)
05-07-2026,Aluminium,Punjab,Amritsar,164.5,per kg,151.34,177.66,False,Derived (Formula from Metals.Dev API - MCX/LME-linked),Simulated historical trend (see SOURCES.md for base-value citations)
05-07-2026,Iron,Punjab,Amritsar,38.77,per kg,35.67,41.87,False,Derived (Formula from Metals.Dev API - MCX/LME-linked),Simulated historical trend (see SOURCES.md for base-value citations)
05-07-2026,Lead,Punjab,Amritsar,92.94,per kg,85.5,100.38,False,Derived (Formula from Metals.Dev API - MCX/LME-linked),Simulated historical trend (see SOURCES.md for base-value citations)
05-07-2026,PCB,Punjab,Amritsar,108.76,per kg,100.06,117.46,False,Derived (Composition Model - Copper-driven),Simulated historical trend (see SOURCES.md for base-value citations)
05-07-2026,Cable,Punjab,Amritsar,256.74,per kg,236.2,277.28,False,Derived (Composition Model - Copper-driven),Simulated historical trend (see SOURCES.md for base-value citations)
05-07-2026,Motor,Punjab,Amritsar,46.81,per kg,43.07,50.55,False,Derived (Composition Model - Copper-driven),Simulated historical trend (see SOURCES.md for base-value citations)
05-07-2026,Battery,Punjab,Amritsar,39.52,per kg,36.36,42.68,False,Derived (Composition Model - Lead-driven),Simulated historical trend (see SOURCES.md for base-value citations)
05-07-2026,CRT,Punjab,Amritsar,0.0,per kg,0.0,0.0,True,"Derived (Composition Model - Lead-driven, hazard-adjusted)",Simulated historical trend (see SOURCES.md for base-value citations)
05-07-2026,LCD,Punjab,Amritsar,22.49,per kg,20.69,24.29,False,Derived (Composition Model - Aluminium-driven),Simulated historical trend (see SOURCES.md for base-value citations)
05-07-2026,Copper,Punjab,Jalandhar,563.14,per kg,518.09,608.19,False,Derived (Formula from Metals.Dev API - MCX/LME-linked),Simulated historical trend (see SOURCES.md for base-value citations)
05-07-2026,Aluminium,Punjab,Jalandhar,129.39,per kg,119.04,139.74,False,Derived (Formula from Metals.Dev API - MCX/LME-linked),Simulated historical trend (see SOURCES.md for base-value citations)
05-07-2026,Iron,Punjab,Jalandhar,34.92,per kg,32.13,37.71,False,Derived (Formula from Metals.Dev API - MCX/LME-linked),Simulated historical trend (see SOURCES.md for base-value citations)
05-07-2026,Lead,Punjab,Jalandhar,89.26,per kg,82.12,96.4,False,Derived (Formula from Metals.Dev API - MCX/LME-linked),Simulated historical trend (see SOURCES.md for base-value citations)
05-07-2026,PCB,Punjab,Jalandhar,106.37,per kg,97.86,114.88,False,Derived (Composition Model - Copper-driven),Simulated historical trend (see SOURCES.md for base-value citations)
05-07-2026,Cable,Punjab,Jalandhar,214.8,per kg,197.62,231.98,False,Derived (Composition Model - Copper-driven),Simulated historical trend (see SOURCES.md for base-value citations)
05-07-2026,Motor,Punjab,Jalandhar,42.55,per kg,39.15,45.95,False,Derived (Composition Model - Copper-driven),Simulated historical trend (see SOURCES.md for base-value citations)
05-07-2026,Battery,Punjab,Jalandhar,37.92,per kg,34.89,40.95,False,Derived (Composition Model - Lead-driven),Simulated historical trend (see SOURCES.md for base-value citations)
05-07-2026,CRT,Punjab,Jalandhar,0.0,per kg,0.0,0.0,True,"Derived (Composition Model - Lead-driven, hazard-adjusted)",Simulated historical trend (see SOURCES.md for base-value citations)
05-07-2026,LCD,Punjab,Jalandhar,20.64,per kg,18.99,22.29,False,Derived (Composition Model - Aluminium-driven),Simulated historical trend (see SOURCES.md for base-value citations)
05-07-2026,Copper,Maharashtra,Mumbai,633.35,per kg,582.68,684.02,False,Derived (Formula from Metals.Dev API - MCX/LME-linked),Simulated historical trend (see SOURCES.md for base-value citations)
05-07-2026,Aluminium,Maharashtra,Mumbai,162.46,per kg,149.46,175.46,False,Derived (Formula from Metals.Dev API - MCX/LME-linked),Simulated historical trend (see SOURCES.md for base-value citations)
05-07-2026,Iron,Maharashtra,Mumbai,38.02,per kg,34.98,41.06,False,Derived (Formula from Metals.Dev API - MCX/LME-linked),Simulated historical trend (see SOURCES.md for base-value citations)
05-07-2026,Lead,Maharashtra,Mumbai,97.68,per kg,89.87,105.49,False,Derived (Formula from Metals.Dev API - MCX/LME-linked),Simulated historical trend (see SOURCES.md for base-value citations)
05-07-2026,PCB,Maharashtra,Mumbai,122.32,per kg,112.53,132.11,False,Derived (Composition Model - Copper-driven),Simulated historical trend (see SOURCES.md for base-value citations)
05-07-2026,Cable,Maharashtra,Mumbai,259.2,per kg,238.46,279.94,False,Derived (Composition Model - Copper-driven),Simulated historical trend (see SOURCES.md for base-value citations)
05-07-2026,Motor,Maharashtra,Mumbai,48.56,per kg,44.68,52.44,False,Derived (Composition Model - Copper-driven),Simulated historical trend (see SOURCES.md for base-value citations)
05-07-2026,Battery,Maharashtra,Mumbai,47.07,per kg,43.3,50.84,False,Derived (Composition Model - Lead-driven),Simulated historical trend (see SOURCES.md for base-value citations)
05-07-2026,CRT,Maharashtra,Mumbai,0.0,per kg,0.0,0.0,True,"Derived (Composition Model - Lead-driven, hazard-adjusted)",Simulated historical trend (see SOURCES.md for base-value citations)
05-07-2026,LCD,Maharashtra,Mumbai,19.54,per kg,17.98,21.1,False,Derived (Composition Model - Aluminium-driven),Simulated historical trend (see SOURCES.md for base-value citations)
05-07-2026,Copper,Maharashtra,Pune,582.96,per kg,536.32,629.6,False,Derived (Formula from Metals.Dev API - MCX/LME-linked),Simulated historical trend (see SOURCES.md for base-value citations)
05-07-2026,Aluminium,Maharashtra,Pune,161.66,per kg,148.73,174.59,False,Derived (Formula from Metals.Dev API - MCX/LME-linked),Simulated historical trend (see SOURCES.md for base-value citations)
05-07-2026,Iron,Maharashtra,Pune,34.69,per kg,31.91,37.47,False,Derived (Formula from Metals.Dev API - MCX/LME-linked),Simulated historical trend (see SOURCES.md for base-value citations)
05-07-2026,Lead,Maharashtra,Pune,99.37,per kg,91.42,107.32,False,Derived (Formula from Metals.Dev API - MCX/LME-linked),Simulated historical trend (see SOURCES.md for base-value citations)
05-07-2026,PCB,Maharashtra,Pune,119.62,per kg,110.05,129.19,False,Derived (Composition Model - Copper-driven),Simulated historical trend (see SOURCES.md for base-value citations)
05-07-2026,Cable,Maharashtra,Pune,243.76,per kg,224.26,263.26,False,Derived (Composition Model - Copper-driven),Simulated historical trend (see SOURCES.md for base-value citations)
05-07-2026,Motor,Maharashtra,Pune,51.96,per kg,47.8,56.12,False,Derived (Composition Model - Copper-driven),Simulated historical trend (see SOURCES.md for base-value citations)
05-07-2026,Battery,Maharashtra,Pune,45.5,per kg,41.86,49.14,False,Derived (Composition Model - Lead-driven),Simulated historical trend (see SOURCES.md for base-value citations)
05-07-2026,CRT,Maharashtra,Pune,0.0,per kg,0.0,0.0,True,"Derived (Composition Model - Lead-driven, hazard-adjusted)",Simulated historical trend (see SOURCES.md for base-value citations)
05-07-2026,LCD,Maharashtra,Pune,22.68,per kg,20.87,24.49,False,Derived (Composition Model - Aluminium-driven),Simulated historical trend (see SOURCES.md for base-value citations)
04-07-2026,Copper,Punjab,Ludhiana,601.95,per kg,553.79,650.11,False,Derived (Formula from Metals.Dev API - MCX/LME-linked),Simulated historical trend (see SOURCES.md for base-value citations)
04-07-2026,Aluminium,Punjab,Ludhiana,150.69,per kg,138.63,162.75,False,Derived (Formula from Metals.Dev API - MCX/LME-linked),Simulated historical trend (see SOURCES.md for base-value citations)
04-07-2026,Iron,Punjab,Ludhiana,39.19,per kg,36.05,42.33,False,Derived (Formula from Metals.Dev API - MCX/LME-linked),Simulated historical trend (see SOURCES.md for base-value citations)
04-07-2026,Lead,Punjab,Ludhiana,97.51,per kg,89.71,105.31,False,Derived (Formula from Metals.Dev API - MCX/LME-linked),Simulated historical trend (see SOURCES.md for base-value citations)
04-07-2026,PCB,Punjab,Ludhiana,114.51,per kg,105.35,123.67,False,Derived (Composition Model - Copper-driven),Simulated historical trend (see SOURCES.md for base-value citations)
04-07-2026,Cable,Punjab,Ludhiana,226.16,per kg,208.07,244.25,False,Derived (Composition Model - Copper-driven),Simulated historical trend (see SOURCES.md for base-value citations)
04-07-2026,Motor,Punjab,Ludhiana,46.57,per kg,42.84,50.3,False,Derived (Composition Model - Copper-driven),Simulated historical trend (see SOURCES.md for base-value citations)
04-07-2026,Battery,Punjab,Ludhiana,45.56,per kg,41.92,49.2,False,Derived (Composition Model - Lead-driven),Simulated historical trend (see SOURCES.md for base-value citations)
04-07-2026,CRT,Punjab,Ludhiana,0.0,per kg,0.0,0.0,True,"Derived (Composition Model - Lead-driven, hazard-adjusted)",Simulated historical trend (see SOURCES.md for base-value citations)
04-07-2026,LCD,Punjab,Ludhiana,18.41,per kg,16.94,19.88,False,Derived (Composition Model - Aluminium-driven),Simulated historical trend (see SOURCES.md for base-value citations)
04-07-2026,Copper,Punjab,Amritsar,701.36,per kg,645.25,757.47,False,Derived (Formula from Metals.Dev API - MCX/LME-linked),Simulated historical trend (see SOURCES.md for base-value citations)
04-07-2026,Aluminium,Punjab,Amritsar,157.23,per kg,144.65,169.81,False,Derived (Formula from Metals.Dev API - MCX/LME-linked),Simulated historical trend (see SOURCES.md for base-value citations)
04-07-2026,Iron,Punjab,Amritsar,37.36,per kg,34.37,40.35,False,Derived (Formula from Metals.Dev API - MCX/LME-linked),Simulated historical trend (see SOURCES.md for base-value citations)
04-07-2026,Lead,Punjab,Amritsar,99.35,per kg,91.4,107.3,False,Derived (Formula from Metals.Dev API - MCX/LME-linked),Simulated historical trend (see SOURCES.md for base-value citations)
04-07-2026,PCB,Punjab,Amritsar,108.57,per kg,99.88,117.26,False,Derived (Composition Model - Copper-driven),Simulated historical trend (see SOURCES.md for base-value citations)
04-07-2026,Cable,Punjab,Amritsar,276.41,per kg,254.3,298.52,False,Derived (Composition Model - Copper-driven),Simulated historical trend (see SOURCES.md for base-value citations)
04-07-2026,Motor,Punjab,Amritsar,51.17,per kg,47.08,55.26,False,Derived (Composition Model - Copper-driven),Simulated historical trend (see SOURCES.md for base-value citations)
04-07-2026,Battery,Punjab,Amritsar,42.02,per kg,38.66,45.38,False,Derived (Composition Model - Lead-driven),Simulated historical trend (see SOURCES.md for base-value citations)
04-07-2026,CRT,Punjab,Amritsar,0.0,per kg,0.0,0.0,True,"Derived (Composition Model - Lead-driven, hazard-adjusted)",Simulated historical trend (see SOURCES.md for base-value citations)
04-07-2026,LCD,Punjab,Amritsar,18.89,per kg,17.38,20.4,False,Derived (Composition Model - Aluminium-driven),Simulated historical trend (see SOURCES.md for base-value citations)
04-07-2026,Copper,Punjab,Jalandhar,661.39,per kg,608.48,714.3,False,Derived (Formula from Metals.Dev API - MCX/LME-linked),Simulated historical trend (see SOURCES.md for base-value citations)
04-07-2026,Aluminium,Punjab,Jalandhar,151.89,per kg,139.74,164.04,False,Derived (Formula from Metals.Dev API - MCX/LME-linked),Simulated historical trend (see SOURCES.md for base-value citations)
04-07-2026,Iron,Punjab,Jalandhar,35.22,per kg,32.4,38.04,False,Derived (Formula from Metals.Dev API - MCX/LME-linked),Simulated historical trend (see SOURCES.md for base-value citations)
04-07-2026,Lead,Punjab,Jalandhar,96.12,per kg,88.43,103.81,False,Derived (Formula from Metals.Dev API - MCX/LME-linked),Simulated historical trend (see SOURCES.md for base-value citations)
04-07-2026,PCB,Punjab,Jalandhar,107.49,per kg,98.89,116.09,False,Derived (Composition Model - Copper-driven),Simulated historical trend (see SOURCES.md for base-value citations)
04-07-2026,Cable,Punjab,Jalandhar,243.24,per kg,223.78,262.7,False,Derived (Composition Model - Copper-driven),Simulated historical trend (see SOURCES.md for base-value citations)
04-07-2026,Motor,Punjab,Jalandhar,41.39,per kg,38.08,44.7,False,Derived (Composition Model - Copper-driven),Simulated historical trend (see SOURCES.md for base-value citations)
04-07-2026,Battery,Punjab,Jalandhar,44.59,per kg,41.02,48.16,False,Derived (Composition Model - Lead-driven),Simulated historical trend (see SOURCES.md for base-value citations)
04-07-2026,CRT,Punjab,Jalandhar,0.0,per kg,0.0,0.0,True,"Derived (Composition Model - Lead-driven, hazard-adjusted)",Simulated historical trend (see SOURCES.md for base-value citations)
04-07-2026,LCD,Punjab,Jalandhar,17.83,per kg,16.4,19.26,False,Derived (Composition Model - Aluminium-driven),Simulated historical trend (see SOURCES.md for base-value citations)
04-07-2026,Copper,Maharashtra,Mumbai,715.48,per kg,658.24,772.72,False,Derived (Formula from Metals.Dev API - MCX/LME-linked),Simulated historical trend (see SOURCES.md for base-value citations)
04-07-2026,Aluminium,Maharashtra,Mumbai,151.94,per kg,139.78,164.1,False,Derived (Formula from Metals.Dev API - MCX/LME-linked),Simulated historical trend (see SOURCES.md for base-value citations)
04-07-2026,Iron,Maharashtra,Mumbai,40.71,per kg,37.45,43.97,False,Derived (Formula from Metals.Dev API - MCX/LME-linked),Simulated historical trend (see SOURCES.md for base-value citations)
04-07-2026,Lead,Maharashtra,Mumbai,103.76,per kg,95.46,112.06,False,Derived (Formula from Metals.Dev API - MCX/LME-linked),Simulated historical trend (see SOURCES.md for base-value citations)
04-07-2026,PCB,Maharashtra,Mumbai,105.91,per kg,97.44,114.38,False,Derived (Composition Model - Copper-driven),Simulated historical trend (see SOURCES.md for base-value citations)
04-07-2026,Cable,Maharashtra,Mumbai,244.14,per kg,224.61,263.67,False,Derived (Composition Model - Copper-driven),Simulated historical trend (see SOURCES.md for base-value citations)
04-07-2026,Motor,Maharashtra,Mumbai,49.52,per kg,45.56,53.48,False,Derived (Composition Model - Copper-driven),Simulated historical trend (see SOURCES.md for base-value citations)
04-07-2026,Battery,Maharashtra,Mumbai,46.86,per kg,43.11,50.61,False,Derived (Composition Model - Lead-driven),Simulated historical trend (see SOURCES.md for base-value citations)
04-07-2026,CRT,Maharashtra,Mumbai,0.0,per kg,0.0,0.0,True,"Derived (Composition Model - Lead-driven, hazard-adjusted)",Simulated historical trend (see SOURCES.md for base-value citations)
04-07-2026,LCD,Maharashtra,Mumbai,21.1,per kg,19.41,22.79,False,Derived (Composition Model - Aluminium-driven),Simulated historical trend (see SOURCES.md for base-value citations)
04-07-2026,Copper,Maharashtra,Pune,698.69,per kg,642.79,754.59,False,Derived (Formula from Metals.Dev API - MCX/LME-linked),Simulated historical trend (see SOURCES.md for base-value citations)
04-07-2026,Aluminium,Maharashtra,Pune,142.99,per kg,131.55,154.43,False,Derived (Formula from Metals.Dev API - MCX/LME-linked),Simulated historical trend (see SOURCES.md for base-value citations)
04-07-2026,Iron,Maharashtra,Pune,37.88,per kg,34.85,40.91,False,Derived (Formula from Metals.Dev API - MCX/LME-linked),Simulated historical trend (see SOURCES.md for base-value citations)
04-07-2026,Lead,Maharashtra,Pune,99.61,per kg,91.64,107.58,False,Derived (Formula from Metals.Dev API - MCX/LME-linked),Simulated historical trend (see SOURCES.md for base-value citations)
04-07-2026,PCB,Maharashtra,Pune,104.85,per kg,96.46,113.24,False,Derived (Composition Model - Copper-driven),Simulated historical trend (see SOURCES.md for base-value citations)
04-07-2026,Cable,Maharashtra,Pune,262.31,per kg,241.33,283.29,False,Derived (Composition Model - Copper-driven),Simulated historical trend (see SOURCES.md for base-value citations)
04-07-2026,Motor,Maharashtra,Pune,48.82,per kg,44.91,52.73,False,Derived (Composition Model - Copper-driven),Simulated historical trend (see SOURCES.md for base-value citations)
04-07-2026,Battery,Maharashtra,Pune,39.08,per kg,35.95,42.21,False,Derived (Composition Model - Lead-driven),Simulated historical trend (see SOURCES.md for base-value citations)
04-07-2026,CRT,Maharashtra,Pune,0.0,per kg,0.0,0.0,True,"Derived (Composition Model - Lead-driven, hazard-adjusted)",Simulated historical trend (see SOURCES.md for base-value citations)
04-07-2026,LCD,Maharashtra,Pune,19.63,per kg,18.06,21.2,False,Derived (Composition Model - Aluminium-driven),Simulated historical trend (see SOURCES.md for base-value citations)
03-07-2026,Copper,Punjab,Ludhiana,650.69,per kg,598.63,702.75,False,Derived (Formula from Metals.Dev API - MCX/LME-linked),Simulated historical trend (see SOURCES.md for base-value citations)
03-07-2026,Aluminium,Punjab,Ludhiana,158.27,per kg,145.61,170.93,False,Derived (Formula from Metals.Dev API - MCX/LME-linked),Simulated historical trend (see SOURCES.md for base-value citations)
03-07-2026,Iron,Punjab,Ludhiana,33.38,per kg,30.71,36.05,False,Derived (Formula from Metals.Dev API - MCX/LME-linked),Simulated historical trend (see SOURCES.md for base-value citations)
03-07-2026,Lead,Punjab,Ludhiana,105.15,per kg,96.74,113.56,False,Derived (Formula from Metals.Dev API - MCX/LME-linked),Simulated historical trend (see SOURCES.md for base-value citations)
03-07-2026,PCB,Punjab,Ludhiana,106.35,per kg,97.84,114.86,False,Derived (Composition Model - Copper-driven),Simulated historical trend (see SOURCES.md for base-value citations)
03-07-2026,Cable,Punjab,Ludhiana,252.72,per kg,232.5,272.94,False,Derived (Composition Model - Copper-driven),Simulated historical trend (see SOURCES.md for base-value citations)
03-07-2026,Motor,Punjab,Ludhiana,51.54,per kg,47.42,55.66,False,Derived (Composition Model - Copper-driven),Simulated historical trend (see SOURCES.md for base-value citations)
03-07-2026,Battery,Punjab,Ludhiana,42.5,per kg,39.1,45.9,False,Derived (Composition Model - Lead-driven),Simulated historical trend (see SOURCES.md for base-value citations)
03-07-2026,CRT,Punjab,Ludhiana,0.0,per kg,0.0,0.0,True,"Derived (Composition Model - Lead-driven, hazard-adjusted)",Simulated historical trend (see SOURCES.md for base-value citations)
03-07-2026,LCD,Punjab,Ludhiana,18.7,per kg,17.2,20.2,False,Derived (Composition Model - Aluminium-driven),Simulated historical trend (see SOURCES.md for base-value citations)
03-07-2026,Copper,Punjab,Amritsar,606.74,per kg,558.2,655.28,False,Derived (Formula from Metals.Dev API - MCX/LME-linked),Simulated historical trend (see SOURCES.md for base-value citations)
03-07-2026,Aluminium,Punjab,Amritsar,152.65,per kg,140.44,164.86,False,Derived (Formula from Metals.Dev API - MCX/LME-linked),Simulated historical trend (see SOURCES.md for base-value citations)
03-07-2026,Iron,Punjab,Amritsar,36.31,per kg,33.41,39.21,False,Derived (Formula from Metals.Dev API - MCX/LME-linked),Simulated historical trend (see SOURCES.md for base-value citations)
03-07-2026,Lead,Punjab,Amritsar,111.07,per kg,102.18,119.96,False,Derived (Formula from Metals.Dev API - MCX/LME-linked),Simulated historical trend (see SOURCES.md for base-value citations)
03-07-2026,PCB,Punjab,Amritsar,103.28,per kg,95.02,111.54,False,Derived (Composition Model - Copper-driven),Simulated historical trend (see SOURCES.md for base-value citations)
03-07-2026,Cable,Punjab,Amritsar,269.05,per kg,247.53,290.57,False,Derived (Composition Model - Copper-driven),Simulated historical trend (see SOURCES.md for base-value citations)
03-07-2026,Motor,Punjab,Amritsar,48.6,per kg,44.71,52.49,False,Derived (Composition Model - Copper-driven),Simulated historical trend (see SOURCES.md for base-value citations)
03-07-2026,Battery,Punjab,Amritsar,43.65,per kg,40.16,47.14,False,Derived (Composition Model - Lead-driven),Simulated historical trend (see SOURCES.md for base-value citations)
03-07-2026,CRT,Punjab,Amritsar,0.0,per kg,0.0,0.0,True,"Derived (Composition Model - Lead-driven, hazard-adjusted)",Simulated historical trend (see SOURCES.md for base-value citations)
03-07-2026,LCD,Punjab,Amritsar,19.22,per kg,17.68,20.76,False,Derived (Composition Model - Aluminium-driven),Simulated historical trend (see SOURCES.md for base-value citations)
03-07-2026,Copper,Punjab,Jalandhar,619.83,per kg,570.24,669.42,False,Derived (Formula from Metals.Dev API - MCX/LME-linked),Simulated historical trend (see SOURCES.md for base-value citations)
03-07-2026,Aluminium,Punjab,Jalandhar,149.54,per kg,137.58,161.5,False,Derived (Formula from Metals.Dev API - MCX/LME-linked),Simulated historical trend (see SOURCES.md for base-value citations)
03-07-2026,Iron,Punjab,Jalandhar,37.36,per kg,34.37,40.35,False,Derived (Formula from Metals.Dev API - MCX/LME-linked),Simulated historical trend (see SOURCES.md for base-value citations)
03-07-2026,Lead,Punjab,Jalandhar,101.77,per kg,93.63,109.91,False,Derived (Formula from Metals.Dev API - MCX/LME-linked),Simulated historical trend (see SOURCES.md for base-value citations)
03-07-2026,PCB,Punjab,Jalandhar,115.66,per kg,106.41,124.91,False,Derived (Composition Model - Copper-driven),Simulated historical trend (see SOURCES.md for base-value citations)
03-07-2026,Cable,Punjab,Jalandhar,257.87,per kg,237.24,278.5,False,Derived (Composition Model - Copper-driven),Simulated historical trend (see SOURCES.md for base-value citations)
03-07-2026,Motor,Punjab,Jalandhar,41.38,per kg,38.07,44.69,False,Derived (Composition Model - Copper-driven),Simulated historical trend (see SOURCES.md for base-value citations)
03-07-2026,Battery,Punjab,Jalandhar,42.12,per kg,38.75,45.49,False,Derived (Composition Model - Lead-driven),Simulated historical trend (see SOURCES.md for base-value citations)
03-07-2026,CRT,Punjab,Jalandhar,0.0,per kg,0.0,0.0,True,"Derived (Composition Model - Lead-driven, hazard-adjusted)",Simulated historical trend (see SOURCES.md for base-value citations)
03-07-2026,LCD,Punjab,Jalandhar,17.69,per kg,16.27,19.11,False,Derived (Composition Model - Aluminium-driven),Simulated historical trend (see SOURCES.md for base-value citations)
03-07-2026,Copper,Maharashtra,Mumbai,689.69,per kg,634.51,744.87,False,Derived (Formula from Metals.Dev API - MCX/LME-linked),Simulated historical trend (see SOURCES.md for base-value citations)
03-07-2026,Aluminium,Maharashtra,Mumbai,152.94,per kg,140.7,165.18,False,Derived (Formula from Metals.Dev API - MCX/LME-linked),Simulated historical trend (see SOURCES.md for base-value citations)
03-07-2026,Iron,Maharashtra,Mumbai,36.07,per kg,33.18,38.96,False,Derived (Formula from Metals.Dev API - MCX/LME-linked),Simulated historical trend (see SOURCES.md for base-value citations)
03-07-2026,Lead,Maharashtra,Mumbai,110.43,per kg,101.6,119.26,False,Derived (Formula from Metals.Dev API - MCX/LME-linked),Simulated historical trend (see SOURCES.md for base-value citations)
03-07-2026,PCB,Maharashtra,Mumbai,105.79,per kg,97.33,114.25,False,Derived (Composition Model - Copper-driven),Simulated historical trend (see SOURCES.md for base-value citations)
03-07-2026,Cable,Maharashtra,Mumbai,277.66,per kg,255.45,299.87,False,Derived (Composition Model - Copper-driven),Simulated historical trend (see SOURCES.md for base-value citations)
03-07-2026,Motor,Maharashtra,Mumbai,46.04,per kg,42.36,49.72,False,Derived (Composition Model - Copper-driven),Simulated historical trend (see SOURCES.md for base-value citations)
03-07-2026,Battery,Maharashtra,Mumbai,42.57,per kg,39.16,45.98,False,Derived (Composition Model - Lead-driven),Simulated historical trend (see SOURCES.md for base-value citations)
03-07-2026,CRT,Maharashtra,Mumbai,0.0,per kg,0.0,0.0,True,"Derived (Composition Model - Lead-driven, hazard-adjusted)",Simulated historical trend (see SOURCES.md for base-value citations)
03-07-2026,LCD,Maharashtra,Mumbai,23.47,per kg,21.59,25.35,False,Derived (Composition Model - Aluminium-driven),Simulated historical trend (see SOURCES.md for base-value citations)
03-07-2026,Copper,Maharashtra,Pune,594.41,per kg,546.86,641.96,False,Derived (Formula from Metals.Dev API - MCX/LME-linked),Simulated historical trend (see SOURCES.md for base-value citations)
03-07-2026,Aluminium,Maharashtra,Pune,166.09,per kg,152.8,179.38,False,Derived (Formula from Metals.Dev API - MCX/LME-linked),Simulated historical trend (see SOURCES.md for base-value citations)
03-07-2026,Iron,Maharashtra,Pune,34.09,per kg,31.36,36.82,False,Derived (Formula from Metals.Dev API - MCX/LME-linked),Simulated historical trend (see SOURCES.md for base-value citations)
03-07-2026,Lead,Maharashtra,Pune,93.19,per kg,85.73,100.65,False,Derived (Formula from Metals.Dev API - MCX/LME-linked),Simulated historical trend (see SOURCES.md for base-value citations)
03-07-2026,PCB,Maharashtra,Pune,110.25,per kg,101.43,119.07,False,Derived (Composition Model - Copper-driven),Simulated historical trend (see SOURCES.md for base-value citations)
03-07-2026,Cable,Maharashtra,Pune,250.46,per kg,230.42,270.5,False,Derived (Composition Model - Copper-driven),Simulated historical trend (see SOURCES.md for base-value citations)
03-07-2026,Motor,Maharashtra,Pune,48.81,per kg,44.91,52.71,False,Derived (Composition Model - Copper-driven),Simulated historical trend (see SOURCES.md for base-value citations)
03-07-2026,Battery,Maharashtra,Pune,45.93,per kg,42.26,49.6,False,Derived (Composition Model - Lead-driven),Simulated historical trend (see SOURCES.md for base-value citations)
03-07-2026,CRT,Maharashtra,Pune,0.0,per kg,0.0,0.0,True,"Derived (Composition Model - Lead-driven, hazard-adjusted)",Simulated historical trend (see SOURCES.md for base-value citations)
03-07-2026,LCD,Maharashtra,Pune,21.08,per kg,19.39,22.77,False,Derived (Composition Model - Aluminium-driven),Simulated historical trend (see SOURCES.md for base-value citations)
02-07-2026,Copper,Punjab,Ludhiana,592.83,per kg,545.4,640.26,False,Derived (Formula from Metals.Dev API - MCX/LME-linked),Simulated historical trend (see SOURCES.md for base-value citations)
02-07-2026,Aluminium,Punjab,Ludhiana,160.52,per kg,147.68,173.36,False,Derived (Formula from Metals.Dev API - MCX/LME-linked),Simulated historical trend (see SOURCES.md for base-value citations)
02-07-2026,Iron,Punjab,Ludhiana,34.57,per kg,31.8,37.34,False,Derived (Formula from Metals.Dev API - MCX/LME-linked),Simulated historical trend (see SOURCES.md for base-value citations)
02-07-2026,Lead,Punjab,Ludhiana,99.15,per kg,91.22,107.08,False,Derived (Formula from Metals.Dev API - MCX/LME-linked),Simulated historical trend (see SOURCES.md for base-value citations)
02-07-2026,PCB,Punjab,Ludhiana,102.61,per kg,94.4,110.82,False,Derived (Composition Model - Copper-driven),Simulated historical trend (see SOURCES.md for base-value citations)
02-07-2026,Cable,Punjab,Ludhiana,256.94,per kg,236.38,277.5,False,Derived (Composition Model - Copper-driven),Simulated historical trend (see SOURCES.md for base-value citations)
02-07-2026,Motor,Punjab,Ludhiana,43.9,per kg,40.39,47.41,False,Derived (Composition Model - Copper-driven),Simulated historical trend (see SOURCES.md for base-value citations)
02-07-2026,Battery,Punjab,Ludhiana,45.54,per kg,41.9,49.18,False,Derived (Composition Model - Lead-driven),Simulated historical trend (see SOURCES.md for base-value citations)
02-07-2026,CRT,Punjab,Ludhiana,0.0,per kg,0.0,0.0,True,"Derived (Composition Model - Lead-driven, hazard-adjusted)",Simulated historical trend (see SOURCES.md for base-value citations)
02-07-2026,LCD,Punjab,Ludhiana,18.3,per kg,16.84,19.76,False,Derived (Composition Model - Aluminium-driven),Simulated historical trend (see SOURCES.md for base-value citations)
02-07-2026,Copper,Punjab,Amritsar,638.13,per kg,587.08,689.18,False,Derived (Formula from Metals.Dev API - MCX/LME-linked),Simulated historical trend (see SOURCES.md for base-value citations)
02-07-2026,Aluminium,Punjab,Amritsar,145.36,per kg,133.73,156.99,False,Derived (Formula from Metals.Dev API - MCX/LME-linked),Simulated historical trend (see SOURCES.md for base-value citations)
02-07-2026,Iron,Punjab,Amritsar,35.99,per kg,33.11,38.87,False,Derived (Formula from Metals.Dev API - MCX/LME-linked),Simulated historical trend (see SOURCES.md for base-value citations)
02-07-2026,Lead,Punjab,Amritsar,103.32,per kg,95.05,111.59,False,Derived (Formula from Metals.Dev API - MCX/LME-linked),Simulated historical trend (see SOURCES.md for base-value citations)
02-07-2026,PCB,Punjab,Amritsar,115.18,per kg,105.97,124.39,False,Derived (Composition Model - Copper-driven),Simulated historical trend (see SOURCES.md for base-value citations)
02-07-2026,Cable,Punjab,Amritsar,259.28,per kg,238.54,280.02,False,Derived (Composition Model - Copper-driven),Simulated historical trend (see SOURCES.md for base-value citations)
02-07-2026,Motor,Punjab,Amritsar,51.88,per kg,47.73,56.03,False,Derived (Composition Model - Copper-driven),Simulated historical trend (see SOURCES.md for base-value citations)
02-07-2026,Battery,Punjab,Amritsar,41.06,per kg,37.78,44.34,False,Derived (Composition Model - Lead-driven),Simulated historical trend (see SOURCES.md for base-value citations)
02-07-2026,CRT,Punjab,Amritsar,0.0,per kg,0.0,0.0,True,"Derived (Composition Model - Lead-driven, hazard-adjusted)",Simulated historical trend (see SOURCES.md for base-value citations)
02-07-2026,LCD,Punjab,Amritsar,22.26,per kg,20.48,24.04,False,Derived (Composition Model - Aluminium-driven),Simulated historical trend (see SOURCES.md for base-value citations)
02-07-2026,Copper,Punjab,Jalandhar,655.31,per kg,602.89,707.73,False,Derived (Formula from Metals.Dev API - MCX/LME-linked),Simulated historical trend (see SOURCES.md for base-value citations)
02-07-2026,Aluminium,Punjab,Jalandhar,150.91,per kg,138.84,162.98,False,Derived (Formula from Metals.Dev API - MCX/LME-linked),Simulated historical trend (see SOURCES.md for base-value citations)
02-07-2026,Iron,Punjab,Jalandhar,32.6,per kg,29.99,35.21,False,Derived (Formula from Metals.Dev API - MCX/LME-linked),Simulated historical trend (see SOURCES.md for base-value citations)
02-07-2026,Lead,Punjab,Jalandhar,87.54,per kg,80.54,94.54,False,Derived (Formula from Metals.Dev API - MCX/LME-linked),Simulated historical trend (see SOURCES.md for base-value citations)
02-07-2026,PCB,Punjab,Jalandhar,103.34,per kg,95.07,111.61,False,Derived (Composition Model - Copper-driven),Simulated historical trend (see SOURCES.md for base-value citations)
02-07-2026,Cable,Punjab,Jalandhar,226.25,per kg,208.15,244.35,False,Derived (Composition Model - Copper-driven),Simulated historical trend (see SOURCES.md for base-value citations)
02-07-2026,Motor,Punjab,Jalandhar,47.39,per kg,43.6,51.18,False,Derived (Composition Model - Copper-driven),Simulated historical trend (see SOURCES.md for base-value citations)
02-07-2026,Battery,Punjab,Jalandhar,39.79,per kg,36.61,42.97,False,Derived (Composition Model - Lead-driven),Simulated historical trend (see SOURCES.md for base-value citations)
02-07-2026,CRT,Punjab,Jalandhar,0.0,per kg,0.0,0.0,True,"Derived (Composition Model - Lead-driven, hazard-adjusted)",Simulated historical trend (see SOURCES.md for base-value citations)
02-07-2026,LCD,Punjab,Jalandhar,18.34,per kg,16.87,19.81,False,Derived (Composition Model - Aluminium-driven),Simulated historical trend (see SOURCES.md for base-value citations)
02-07-2026,Copper,Maharashtra,Mumbai,697.59,per kg,641.78,753.4,False,Derived (Formula from Metals.Dev API - MCX/LME-linked),Simulated historical trend (see SOURCES.md for base-value citations)
02-07-2026,Aluminium,Maharashtra,Mumbai,159.05,per kg,146.33,171.77,False,Derived (Formula from Metals.Dev API - MCX/LME-linked),Simulated historical trend (see SOURCES.md for base-value citations)
02-07-2026,Iron,Maharashtra,Mumbai,38.41,per kg,35.34,41.48,False,Derived (Formula from Metals.Dev API - MCX/LME-linked),Simulated historical trend (see SOURCES.md for base-value citations)
02-07-2026,Lead,Maharashtra,Mumbai,93.81,per kg,86.31,101.31,False,Derived (Formula from Metals.Dev API - MCX/LME-linked),Simulated historical trend (see SOURCES.md for base-value citations)
02-07-2026,PCB,Maharashtra,Mumbai,111.12,per kg,102.23,120.01,False,Derived (Composition Model - Copper-driven),Simulated historical trend (see SOURCES.md for base-value citations)
02-07-2026,Cable,Maharashtra,Mumbai,284.55,per kg,261.79,307.31,False,Derived (Composition Model - Copper-driven),Simulated historical trend (see SOURCES.md for base-value citations)
02-07-2026,Motor,Maharashtra,Mumbai,51.94,per kg,47.78,56.1,False,Derived (Composition Model - Copper-driven),Simulated historical trend (see SOURCES.md for base-value citations)
02-07-2026,Battery,Maharashtra,Mumbai,41.17,per kg,37.88,44.46,False,Derived (Composition Model - Lead-driven),Simulated historical trend (see SOURCES.md for base-value citations)
02-07-2026,CRT,Maharashtra,Mumbai,0.0,per kg,0.0,0.0,True,"Derived (Composition Model - Lead-driven, hazard-adjusted)",Simulated historical trend (see SOURCES.md for base-value citations)
02-07-2026,LCD,Maharashtra,Mumbai,19.32,per kg,17.77,20.87,False,Derived (Composition Model - Aluminium-driven),Simulated historical trend (see SOURCES.md for base-value citations)
02-07-2026,Copper,Maharashtra,Pune,623.79,per kg,573.89,673.69,False,Derived (Formula from Metals.Dev API - MCX/LME-linked),Simulated historical trend (see SOURCES.md for base-value citations)
02-07-2026,Aluminium,Maharashtra,Pune,160.6,per kg,147.75,173.45,False,Derived (Formula from Metals.Dev API - MCX/LME-linked),Simulated historical trend (see SOURCES.md for base-value citations)
02-07-2026,Iron,Maharashtra,Pune,33.56,per kg,30.88,36.24,False,Derived (Formula from Metals.Dev API - MCX/LME-linked),Simulated historical trend (see SOURCES.md for base-value citations)
02-07-2026,Lead,Maharashtra,Pune,95.14,per kg,87.53,102.75,False,Derived (Formula from Metals.Dev API - MCX/LME-linked),Simulated historical trend (see SOURCES.md for base-value citations)
02-07-2026,PCB,Maharashtra,Pune,116.92,per kg,107.57,126.27,False,Derived (Composition Model - Copper-driven),Simulated historical trend (see SOURCES.md for base-value citations)
02-07-2026,Cable,Maharashtra,Pune,252.23,per kg,232.05,272.41,False,Derived (Composition Model - Copper-driven),Simulated historical trend (see SOURCES.md for base-value citations)
02-07-2026,Motor,Maharashtra,Pune,44.92,per kg,41.33,48.51,False,Derived (Composition Model - Copper-driven),Simulated historical trend (see SOURCES.md for base-value citations)
02-07-2026,Battery,Maharashtra,Pune,40.98,per kg,37.7,44.26,False,Derived (Composition Model - Lead-driven),Simulated historical trend (see SOURCES.md for base-value citations)
02-07-2026,CRT,Maharashtra,Pune,0.0,per kg,0.0,0.0,True,"Derived (Composition Model - Lead-driven, hazard-adjusted)",Simulated historical trend (see SOURCES.md for base-value citations)
02-07-2026,LCD,Maharashtra,Pune,18.87,per kg,17.36,20.38,False,Derived (Composition Model - Aluminium-driven),Simulated historical trend (see SOURCES.md for base-value citations)
01-07-2026,Copper,Punjab,Ludhiana,692.42,per kg,637.03,747.81,False,Derived (Formula from Metals.Dev API - MCX/LME-linked),Simulated historical trend (see SOURCES.md for base-value citations)
01-07-2026,Aluminium,Punjab,Ludhiana,156.95,per kg,144.39,169.51,False,Derived (Formula from Metals.Dev API - MCX/LME-linked),Simulated historical trend (see SOURCES.md for base-value citations)
01-07-2026,Iron,Punjab,Ludhiana,37.05,per kg,34.09,40.01,False,Derived (Formula from Metals.Dev API - MCX/LME-linked),Simulated historical trend (see SOURCES.md for base-value citations)
01-07-2026,Lead,Punjab,Ludhiana,95.63,per kg,87.98,103.28,False,Derived (Formula from Metals.Dev API - MCX/LME-linked),Simulated historical trend (see SOURCES.md for base-value citations)
01-07-2026,PCB,Punjab,Ludhiana,115.93,per kg,106.66,125.2,False,Derived (Composition Model - Copper-driven),Simulated historical trend (see SOURCES.md for base-value citations)
01-07-2026,Cable,Punjab,Ludhiana,222.67,per kg,204.86,240.48,False,Derived (Composition Model - Copper-driven),Simulated historical trend (see SOURCES.md for base-value citations)
01-07-2026,Motor,Punjab,Ludhiana,49.32,per kg,45.37,53.27,False,Derived (Composition Model - Copper-driven),Simulated historical trend (see SOURCES.md for base-value citations)
01-07-2026,Battery,Punjab,Ludhiana,39.06,per kg,35.94,42.18,False,Derived (Composition Model - Lead-driven),Simulated historical trend (see SOURCES.md for base-value citations)
01-07-2026,CRT,Punjab,Ludhiana,0.0,per kg,0.0,0.0,True,"Derived (Composition Model - Lead-driven, hazard-adjusted)",Simulated historical trend (see SOURCES.md for base-value citations)
01-07-2026,LCD,Punjab,Ludhiana,21.0,per kg,19.32,22.68,False,Derived (Composition Model - Aluminium-driven),Simulated historical trend (see SOURCES.md for base-value citations)
01-07-2026,Copper,Punjab,Amritsar,694.77,per kg,639.19,750.35,False,Derived (Formula from Metals.Dev API - MCX/LME-linked),Simulated historical trend (see SOURCES.md for base-value citations)
01-07-2026,Aluminium,Punjab,Amritsar,163.3,per kg,150.24,176.36,False,Derived (Formula from Metals.Dev API - MCX/LME-linked),Simulated historical trend (see SOURCES.md for base-value citations)
01-07-2026,Iron,Punjab,Amritsar,32.85,per kg,30.22,35.48,False,Derived (Formula from Metals.Dev API - MCX/LME-linked),Simulated historical trend (see SOURCES.md for base-value citations)
01-07-2026,Lead,Punjab,Amritsar,100.98,per kg,92.9,109.06,False,Derived (Formula from Metals.Dev API - MCX/LME-linked),Simulated historical trend (see SOURCES.md for base-value citations)
01-07-2026,PCB,Punjab,Amritsar,107.37,per kg,98.78,115.96,False,Derived (Composition Model - Copper-driven),Simulated historical trend (see SOURCES.md for base-value citations)
01-07-2026,Cable,Punjab,Amritsar,232.88,per kg,214.25,251.51,False,Derived (Composition Model - Copper-driven),Simulated historical trend (see SOURCES.md for base-value citations)
01-07-2026,Motor,Punjab,Amritsar,47.6,per kg,43.79,51.41,False,Derived (Composition Model - Copper-driven),Simulated historical trend (see SOURCES.md for base-value citations)
01-07-2026,Battery,Punjab,Amritsar,44.96,per kg,41.36,48.56,False,Derived (Composition Model - Lead-driven),Simulated historical trend (see SOURCES.md for base-value citations)
01-07-2026,CRT,Punjab,Amritsar,0.0,per kg,0.0,0.0,True,"Derived (Composition Model - Lead-driven, hazard-adjusted)",Simulated historical trend (see SOURCES.md for base-value citations)
01-07-2026,LCD,Punjab,Amritsar,19.7,per kg,18.12,21.28,False,Derived (Composition Model - Aluminium-driven),Simulated historical trend (see SOURCES.md for base-value citations)
01-07-2026,Copper,Punjab,Jalandhar,609.47,per kg,560.71,658.23,False,Derived (Formula from Metals.Dev API - MCX/LME-linked),Simulated historical trend (see SOURCES.md for base-value citations)
01-07-2026,Aluminium,Punjab,Jalandhar,156.26,per kg,143.76,168.76,False,Derived (Formula from Metals.Dev API - MCX/LME-linked),Simulated historical trend (see SOURCES.md for base-value citations)
01-07-2026,Iron,Punjab,Jalandhar,34.81,per kg,32.03,37.59,False,Derived (Formula from Metals.Dev API - MCX/LME-linked),Simulated historical trend (see SOURCES.md for base-value citations)
01-07-2026,Lead,Punjab,Jalandhar,103.47,per kg,95.19,111.75,False,Derived (Formula from Metals.Dev API - MCX/LME-linked),Simulated historical trend (see SOURCES.md for base-value citations)
01-07-2026,PCB,Punjab,Jalandhar,113.72,per kg,104.62,122.82,False,Derived (Composition Model - Copper-driven),Simulated historical trend (see SOURCES.md for base-value citations)
01-07-2026,Cable,Punjab,Jalandhar,251.24,per kg,231.14,271.34,False,Derived (Composition Model - Copper-driven),Simulated historical trend (see SOURCES.md for base-value citations)
01-07-2026,Motor,Punjab,Jalandhar,45.92,per kg,42.25,49.59,False,Derived (Composition Model - Copper-driven),Simulated historical trend (see SOURCES.md for base-value citations)
01-07-2026,Battery,Punjab,Jalandhar,38.53,per kg,35.45,41.61,False,Derived (Composition Model - Lead-driven),Simulated historical trend (see SOURCES.md for base-value citations)
01-07-2026,CRT,Punjab,Jalandhar,0.0,per kg,0.0,0.0,True,"Derived (Composition Model - Lead-driven, hazard-adjusted)",Simulated historical trend (see SOURCES.md for base-value citations)
01-07-2026,LCD,Punjab,Jalandhar,19.42,per kg,17.87,20.97,False,Derived (Composition Model - Aluminium-driven),Simulated historical trend (see SOURCES.md for base-value citations)
01-07-2026,Copper,Maharashtra,Mumbai,712.18,per kg,655.21,769.15,False,Derived (Formula from Metals.Dev API - MCX/LME-linked),Simulated historical trend (see SOURCES.md for base-value citations)
01-07-2026,Aluminium,Maharashtra,Mumbai,156.47,per kg,143.95,168.99,False,Derived (Formula from Metals.Dev API - MCX/LME-linked),Simulated historical trend (see SOURCES.md for base-value citations)
01-07-2026,Iron,Maharashtra,Mumbai,37.62,per kg,34.61,40.63,False,Derived (Formula from Metals.Dev API - MCX/LME-linked),Simulated historical trend (see SOURCES.md for base-value citations)
01-07-2026,Lead,Maharashtra,Mumbai,111.38,per kg,102.47,120.29,False,Derived (Formula from Metals.Dev API - MCX/LME-linked),Simulated historical trend (see SOURCES.md for base-value citations)
01-07-2026,PCB,Maharashtra,Mumbai,111.61,per kg,102.68,120.54,False,Derived (Composition Model - Copper-driven),Simulated historical trend (see SOURCES.md for base-value citations)
01-07-2026,Cable,Maharashtra,Mumbai,266.77,per kg,245.43,288.11,False,Derived (Composition Model - Copper-driven),Simulated historical trend (see SOURCES.md for base-value citations)
01-07-2026,Motor,Maharashtra,Mumbai,50.03,per kg,46.03,54.03,False,Derived (Composition Model - Copper-driven),Simulated historical trend (see SOURCES.md for base-value citations)
01-07-2026,Battery,Maharashtra,Mumbai,45.93,per kg,42.26,49.6,False,Derived (Composition Model - Lead-driven),Simulated historical trend (see SOURCES.md for base-value citations)
01-07-2026,CRT,Maharashtra,Mumbai,0.0,per kg,0.0,0.0,True,"Derived (Composition Model - Lead-driven, hazard-adjusted)",Simulated historical trend (see SOURCES.md for base-value citations)
01-07-2026,LCD,Maharashtra,Mumbai,20.86,per kg,19.19,22.53,False,Derived (Composition Model - Aluminium-driven),Simulated historical trend (see SOURCES.md for base-value citations)
01-07-2026,Copper,Maharashtra,Pune,662.5,per kg,609.5,715.5,False,Derived (Formula from Metals.Dev API - MCX/LME-linked),Simulated historical trend (see SOURCES.md for base-value citations)
01-07-2026,Aluminium,Maharashtra,Pune,145.08,per kg,133.47,156.69,False,Derived (Formula from Metals.Dev API - MCX/LME-linked),Simulated historical trend (see SOURCES.md for base-value citations)
01-07-2026,Iron,Maharashtra,Pune,33.06,per kg,30.42,35.7,False,Derived (Formula from Metals.Dev API - MCX/LME-linked),Simulated historical trend (see SOURCES.md for base-value citations)
01-07-2026,Lead,Maharashtra,Pune,101.75,per kg,93.61,109.89,False,Derived (Formula from Metals.Dev API - MCX/LME-linked),Simulated historical trend (see SOURCES.md for base-value citations)
01-07-2026,PCB,Maharashtra,Pune,103.86,per kg,95.55,112.17,False,Derived (Composition Model - Copper-driven),Simulated historical trend (see SOURCES.md for base-value citations)
01-07-2026,Cable,Maharashtra,Pune,250.88,per kg,230.81,270.95,False,Derived (Composition Model - Copper-driven),Simulated historical trend (see SOURCES.md for base-value citations)
01-07-2026,Motor,Maharashtra,Pune,45.82,per kg,42.15,49.49,False,Derived (Composition Model - Copper-driven),Simulated historical trend (see SOURCES.md for base-value citations)
01-07-2026,Battery,Maharashtra,Pune,45.06,per kg,41.46,48.66,False,Derived (Composition Model - Lead-driven),Simulated historical trend (see SOURCES.md for base-value citations)
01-07-2026,CRT,Maharashtra,Pune,0.0,per kg,0.0,0.0,True,"Derived (Composition Model - Lead-driven, hazard-adjusted)",Simulated historical trend (see SOURCES.md for base-value citations)
01-07-2026,LCD,Maharashtra,Pune,22.55,per kg,20.75,24.35,False,Derived (Composition Model - Aluminium-driven),Simulated historical trend (see SOURCES.md for base-value citations)
30-06-2026,Copper,Punjab,Ludhiana,661.86,per kg,608.91,714.81,False,Derived (Formula from Metals.Dev API - MCX/LME-linked),Simulated historical trend (see SOURCES.md for base-value citations)
30-06-2026,Aluminium,Punjab,Ludhiana,144.6,per kg,133.03,156.17,False,Derived (Formula from Metals.Dev API - MCX/LME-linked),Simulated historical trend (see SOURCES.md for base-value citations)
30-06-2026,Iron,Punjab,Ludhiana,33.56,per kg,30.88,36.24,False,Derived (Formula from Metals.Dev API - MCX/LME-linked),Simulated historical trend (see SOURCES.md for base-value citations)
30-06-2026,Lead,Punjab,Ludhiana,104.37,per kg,96.02,112.72,False,Derived (Formula from Metals.Dev API - MCX/LME-linked),Simulated historical trend (see SOURCES.md for base-value citations)
30-06-2026,PCB,Punjab,Ludhiana,103.4,per kg,95.13,111.67,False,Derived (Composition Model - Copper-driven),Simulated historical trend (see SOURCES.md for base-value citations)
30-06-2026,Cable,Punjab,Ludhiana,255.27,per kg,234.85,275.69,False,Derived (Composition Model - Copper-driven),Simulated historical trend (see SOURCES.md for base-value citations)
30-06-2026,Motor,Punjab,Ludhiana,51.12,per kg,47.03,55.21,False,Derived (Composition Model - Copper-driven),Simulated historical trend (see SOURCES.md for base-value citations)
30-06-2026,Battery,Punjab,Ludhiana,39.58,per kg,36.41,42.75,False,Derived (Composition Model - Lead-driven),Simulated historical trend (see SOURCES.md for base-value citations)
30-06-2026,CRT,Punjab,Ludhiana,0.0,per kg,0.0,0.0,True,"Derived (Composition Model - Lead-driven, hazard-adjusted)",Simulated historical trend (see SOURCES.md for base-value citations)
30-06-2026,LCD,Punjab,Ludhiana,18.92,per kg,17.41,20.43,False,Derived (Composition Model - Aluminium-driven),Simulated historical trend (see SOURCES.md for base-value citations)
30-06-2026,Copper,Punjab,Amritsar,683.49,per kg,628.81,738.17,False,Derived (Formula from Metals.Dev API - MCX/LME-linked),Simulated historical trend (see SOURCES.md for base-value citations)
30-06-2026,Aluminium,Punjab,Amritsar,139.12,per kg,127.99,150.25,False,Derived (Formula from Metals.Dev API - MCX/LME-linked),Simulated historical trend (see SOURCES.md for base-value citations)
30-06-2026,Iron,Punjab,Amritsar,38.21,per kg,35.15,41.27,False,Derived (Formula from Metals.Dev API - MCX/LME-linked),Simulated historical trend (see SOURCES.md for base-value citations)
30-06-2026,Lead,Punjab,Amritsar,107.71,per kg,99.09,116.33,False,Derived (Formula from Metals.Dev API - MCX/LME-linked),Simulated historical trend (see SOURCES.md for base-value citations)
30-06-2026,PCB,Punjab,Amritsar,120.3,per kg,110.68,129.92,False,Derived (Composition Model - Copper-driven),Simulated historical trend (see SOURCES.md for base-value citations)
30-06-2026,Cable,Punjab,Amritsar,239.5,per kg,220.34,258.66,False,Derived (Composition Model - Copper-driven),Simulated historical trend (see SOURCES.md for base-value citations)
30-06-2026,Motor,Punjab,Amritsar,53.09,per kg,48.84,57.34,False,Derived (Composition Model - Copper-driven),Simulated historical trend (see SOURCES.md for base-value citations)
30-06-2026,Battery,Punjab,Amritsar,44.66,per kg,41.09,48.23,False,Derived (Composition Model - Lead-driven),Simulated historical trend (see SOURCES.md for base-value citations)
30-06-2026,CRT,Punjab,Amritsar,0.0,per kg,0.0,0.0,True,"Derived (Composition Model - Lead-driven, hazard-adjusted)",Simulated historical trend (see SOURCES.md for base-value citations)
30-06-2026,LCD,Punjab,Amritsar,20.03,per kg,18.43,21.63,False,Derived (Composition Model - Aluminium-driven),Simulated historical trend (see SOURCES.md for base-value citations)
30-06-2026,Copper,Punjab,Jalandhar,576.39,per kg,530.28,622.5,False,Derived (Formula from Metals.Dev API - MCX/LME-linked),Simulated historical trend (see SOURCES.md for base-value citations)
30-06-2026,Aluminium,Punjab,Jalandhar,140.98,per kg,129.7,152.26,False,Derived (Formula from Metals.Dev API - MCX/LME-linked),Simulated historical trend (see SOURCES.md for base-value citations)
30-06-2026,Iron,Punjab,Jalandhar,33.9,per kg,31.19,36.61,False,Derived (Formula from Metals.Dev API - MCX/LME-linked),Simulated historical trend (see SOURCES.md for base-value citations)
30-06-2026,Lead,Punjab,Jalandhar,92.95,per kg,85.51,100.39,False,Derived (Formula from Metals.Dev API - MCX/LME-linked),Simulated historical trend (see SOURCES.md for base-value citations)
30-06-2026,PCB,Punjab,Jalandhar,97.47,per kg,89.67,105.27,False,Derived (Composition Model - Copper-driven),Simulated historical trend (see SOURCES.md for base-value citations)
30-06-2026,Cable,Punjab,Jalandhar,260.8,per kg,239.94,281.66,False,Derived (Composition Model - Copper-driven),Simulated historical trend (see SOURCES.md for base-value citations)
30-06-2026,Motor,Punjab,Jalandhar,43.56,per kg,40.08,47.04,False,Derived (Composition Model - Copper-driven),Simulated historical trend (see SOURCES.md for base-value citations)
30-06-2026,Battery,Punjab,Jalandhar,43.47,per kg,39.99,46.95,False,Derived (Composition Model - Lead-driven),Simulated historical trend (see SOURCES.md for base-value citations)
30-06-2026,CRT,Punjab,Jalandhar,0.0,per kg,0.0,0.0,True,"Derived (Composition Model - Lead-driven, hazard-adjusted)",Simulated historical trend (see SOURCES.md for base-value citations)
30-06-2026,LCD,Punjab,Jalandhar,18.23,per kg,16.77,19.69,False,Derived (Composition Model - Aluminium-driven),Simulated historical trend (see SOURCES.md for base-value citations)
30-06-2026,Copper,Maharashtra,Mumbai,699.0,per kg,643.08,754.92,False,Derived (Formula from Metals.Dev API - MCX/LME-linked),Simulated historical trend (see SOURCES.md for base-value citations)
30-06-2026,Aluminium,Maharashtra,Mumbai,142.58,per kg,131.17,153.99,False,Derived (Formula from Metals.Dev API - MCX/LME-linked),Simulated historical trend (see SOURCES.md for base-value citations)
30-06-2026,Iron,Maharashtra,Mumbai,40.65,per kg,37.4,43.9,False,Derived (Formula from Metals.Dev API - MCX/LME-linked),Simulated historical trend (see SOURCES.md for base-value citations)
30-06-2026,Lead,Maharashtra,Mumbai,97.4,per kg,89.61,105.19,False,Derived (Formula from Metals.Dev API - MCX/LME-linked),Simulated historical trend (see SOURCES.md for base-value citations)
30-06-2026,PCB,Maharashtra,Mumbai,112.07,per kg,103.1,121.04,False,Derived (Composition Model - Copper-driven),Simulated historical trend (see SOURCES.md for base-value citations)
30-06-2026,Cable,Maharashtra,Mumbai,266.72,per kg,245.38,288.06,False,Derived (Composition Model - Copper-driven),Simulated historical trend (see SOURCES.md for base-value citations)
30-06-2026,Motor,Maharashtra,Mumbai,47.61,per kg,43.8,51.42,False,Derived (Composition Model - Copper-driven),Simulated historical trend (see SOURCES.md for base-value citations)
30-06-2026,Battery,Maharashtra,Mumbai,43.31,per kg,39.85,46.77,False,Derived (Composition Model - Lead-driven),Simulated historical trend (see SOURCES.md for base-value citations)
30-06-2026,CRT,Maharashtra,Mumbai,0.0,per kg,0.0,0.0,True,"Derived (Composition Model - Lead-driven, hazard-adjusted)",Simulated historical trend (see SOURCES.md for base-value citations)
30-06-2026,LCD,Maharashtra,Mumbai,22.29,per kg,20.51,24.07,False,Derived (Composition Model - Aluminium-driven),Simulated historical trend (see SOURCES.md for base-value citations)
30-06-2026,Copper,Maharashtra,Pune,705.88,per kg,649.41,762.35,False,Derived (Formula from Metals.Dev API - MCX/LME-linked),Simulated historical trend (see SOURCES.md for base-value citations)
30-06-2026,Aluminium,Maharashtra,Pune,154.63,per kg,142.26,167.0,False,Derived (Formula from Metals.Dev API - MCX/LME-linked),Simulated historical trend (see SOURCES.md for base-value citations)
30-06-2026,Iron,Maharashtra,Pune,33.89,per kg,31.18,36.6,False,Derived (Formula from Metals.Dev API - MCX/LME-linked),Simulated historical trend (see SOURCES.md for base-value citations)
30-06-2026,Lead,Maharashtra,Pune,101.62,per kg,93.49,109.75,False,Derived (Formula from Metals.Dev API - MCX/LME-linked),Simulated historical trend (see SOURCES.md for base-value citations)
30-06-2026,PCB,Maharashtra,Pune,118.89,per kg,109.38,128.4,False,Derived (Composition Model - Copper-driven),Simulated historical trend (see SOURCES.md for base-value citations)
30-06-2026,Cable,Maharashtra,Pune,272.94,per kg,251.1,294.78,False,Derived (Composition Model - Copper-driven),Simulated historical trend (see SOURCES.md for base-value citations)
30-06-2026,Motor,Maharashtra,Pune,51.26,per kg,47.16,55.36,False,Derived (Composition Model - Copper-driven),Simulated historical trend (see SOURCES.md for base-value citations)
30-06-2026,Battery,Maharashtra,Pune,46.61,per kg,42.88,50.34,False,Derived (Composition Model - Lead-driven),Simulated historical trend (see SOURCES.md for base-value citations)
30-06-2026,CRT,Maharashtra,Pune,0.0,per kg,0.0,0.0,True,"Derived (Composition Model - Lead-driven, hazard-adjusted)",Simulated historical trend (see SOURCES.md for base-value citations)
30-06-2026,LCD,Maharashtra,Pune,18.84,per kg,17.33,20.35,False,Derived (Composition Model - Aluminium-driven),Simulated historical trend (see SOURCES.md for base-value citations)
29-06-2026,Copper,Punjab,Ludhiana,647.0,per kg,595.24,698.76,False,Derived (Formula from Metals.Dev API - MCX/LME-linked),Simulated historical trend (see SOURCES.md for base-value citations)
29-06-2026,Aluminium,Punjab,Ludhiana,134.13,per kg,123.4,144.86,False,Derived (Formula from Metals.Dev API - MCX/LME-linked),Simulated historical trend (see SOURCES.md for base-value citations)
29-06-2026,Iron,Punjab,Ludhiana,36.8,per kg,33.86,39.74,False,Derived (Formula from Metals.Dev API - MCX/LME-linked),Simulated historical trend (see SOURCES.md for base-value citations)
29-06-2026,Lead,Punjab,Ludhiana,102.07,per kg,93.9,110.24,False,Derived (Formula from Metals.Dev API - MCX/LME-linked),Simulated historical trend (see SOURCES.md for base-value citations)
29-06-2026,PCB,Punjab,Ludhiana,119.92,per kg,110.33,129.51,False,Derived (Composition Model - Copper-driven),Simulated historical trend (see SOURCES.md for base-value citations)
29-06-2026,Cable,Punjab,Ludhiana,231.52,per kg,213.0,250.04,False,Derived (Composition Model - Copper-driven),Simulated historical trend (see SOURCES.md for base-value citations)
29-06-2026,Motor,Punjab,Ludhiana,43.83,per kg,40.32,47.34,False,Derived (Composition Model - Copper-driven),Simulated historical trend (see SOURCES.md for base-value citations)
29-06-2026,Battery,Punjab,Ludhiana,43.19,per kg,39.73,46.65,False,Derived (Composition Model - Lead-driven),Simulated historical trend (see SOURCES.md for base-value citations)
29-06-2026,CRT,Punjab,Ludhiana,0.0,per kg,0.0,0.0,True,"Derived (Composition Model - Lead-driven, hazard-adjusted)",Simulated historical trend (see SOURCES.md for base-value citations)
29-06-2026,LCD,Punjab,Ludhiana,21.66,per kg,19.93,23.39,False,Derived (Composition Model - Aluminium-driven),Simulated historical trend (see SOURCES.md for base-value citations)
29-06-2026,Copper,Punjab,Amritsar,674.28,per kg,620.34,728.22,False,Derived (Formula from Metals.Dev API - MCX/LME-linked),Simulated historical trend (see SOURCES.md for base-value citations)
29-06-2026,Aluminium,Punjab,Amritsar,141.98,per kg,130.62,153.34,False,Derived (Formula from Metals.Dev API - MCX/LME-linked),Simulated historical trend (see SOURCES.md for base-value citations)
29-06-2026,Iron,Punjab,Amritsar,38.93,per kg,35.82,42.04,False,Derived (Formula from Metals.Dev API - MCX/LME-linked),Simulated historical trend (see SOURCES.md for base-value citations)
29-06-2026,Lead,Punjab,Amritsar,101.57,per kg,93.44,109.7,False,Derived (Formula from Metals.Dev API - MCX/LME-linked),Simulated historical trend (see SOURCES.md for base-value citations)
29-06-2026,PCB,Punjab,Amritsar,121.22,per kg,111.52,130.92,False,Derived (Composition Model - Copper-driven),Simulated historical trend (see SOURCES.md for base-value citations)
29-06-2026,Cable,Punjab,Amritsar,237.89,per kg,218.86,256.92,False,Derived (Composition Model - Copper-driven),Simulated historical trend (see SOURCES.md for base-value citations)
29-06-2026,Motor,Punjab,Amritsar,47.15,per kg,43.38,50.92,False,Derived (Composition Model - Copper-driven),Simulated historical trend (see SOURCES.md for base-value citations)
29-06-2026,Battery,Punjab,Amritsar,47.27,per kg,43.49,51.05,False,Derived (Composition Model - Lead-driven),Simulated historical trend (see SOURCES.md for base-value citations)
29-06-2026,CRT,Punjab,Amritsar,0.0,per kg,0.0,0.0,True,"Derived (Composition Model - Lead-driven, hazard-adjusted)",Simulated historical trend (see SOURCES.md for base-value citations)
29-06-2026,LCD,Punjab,Amritsar,19.72,per kg,18.14,21.3,False,Derived (Composition Model - Aluminium-driven),Simulated historical trend (see SOURCES.md for base-value citations)
29-06-2026,Copper,Punjab,Jalandhar,575.86,per kg,529.79,621.93,False,Derived (Formula from Metals.Dev API - MCX/LME-linked),Simulated historical trend (see SOURCES.md for base-value citations)
29-06-2026,Aluminium,Punjab,Jalandhar,152.13,per kg,139.96,164.3,False,Derived (Formula from Metals.Dev API - MCX/LME-linked),Simulated historical trend (see SOURCES.md for base-value citations)
29-06-2026,Iron,Punjab,Jalandhar,33.31,per kg,30.65,35.97,False,Derived (Formula from Metals.Dev API - MCX/LME-linked),Simulated historical trend (see SOURCES.md for base-value citations)
29-06-2026,Lead,Punjab,Jalandhar,101.46,per kg,93.34,109.58,False,Derived (Formula from Metals.Dev API - MCX/LME-linked),Simulated historical trend (see SOURCES.md for base-value citations)
29-06-2026,PCB,Punjab,Jalandhar,102.98,per kg,94.74,111.22,False,Derived (Composition Model - Copper-driven),Simulated historical trend (see SOURCES.md for base-value citations)
29-06-2026,Cable,Punjab,Jalandhar,225.22,per kg,207.2,243.24,False,Derived (Composition Model - Copper-driven),Simulated historical trend (see SOURCES.md for base-value citations)
29-06-2026,Motor,Punjab,Jalandhar,48.8,per kg,44.9,52.7,False,Derived (Composition Model - Copper-driven),Simulated historical trend (see SOURCES.md for base-value citations)
29-06-2026,Battery,Punjab,Jalandhar,37.91,per kg,34.88,40.94,False,Derived (Composition Model - Lead-driven),Simulated historical trend (see SOURCES.md for base-value citations)
29-06-2026,CRT,Punjab,Jalandhar,0.0,per kg,0.0,0.0,True,"Derived (Composition Model - Lead-driven, hazard-adjusted)",Simulated historical trend (see SOURCES.md for base-value citations)
29-06-2026,LCD,Punjab,Jalandhar,20.98,per kg,19.3,22.66,False,Derived (Composition Model - Aluminium-driven),Simulated historical trend (see SOURCES.md for base-value citations)
29-06-2026,Copper,Maharashtra,Mumbai,641.65,per kg,590.32,692.98,False,Derived (Formula from Metals.Dev API - MCX/LME-linked),Simulated historical trend (see SOURCES.md for base-value citations)
29-06-2026,Aluminium,Maharashtra,Mumbai,143.71,per kg,132.21,155.21,False,Derived (Formula from Metals.Dev API - MCX/LME-linked),Simulated historical trend (see SOURCES.md for base-value citations)
29-06-2026,Iron,Maharashtra,Mumbai,34.67,per kg,31.9,37.44,False,Derived (Formula from Metals.Dev API - MCX/LME-linked),Simulated historical trend (see SOURCES.md for base-value citations)
29-06-2026,Lead,Maharashtra,Mumbai,105.0,per kg,96.6,113.4,False,Derived (Formula from Metals.Dev API - MCX/LME-linked),Simulated historical trend (see SOURCES.md for base-value citations)
29-06-2026,PCB,Maharashtra,Mumbai,106.56,per kg,98.04,115.08,False,Derived (Composition Model - Copper-driven),Simulated historical trend (see SOURCES.md for base-value citations)
29-06-2026,Cable,Maharashtra,Mumbai,246.55,per kg,226.83,266.27,False,Derived (Composition Model - Copper-driven),Simulated historical trend (see SOURCES.md for base-value citations)
29-06-2026,Motor,Maharashtra,Mumbai,46.39,per kg,42.68,50.1,False,Derived (Composition Model - Copper-driven),Simulated historical trend (see SOURCES.md for base-value citations)
29-06-2026,Battery,Maharashtra,Mumbai,46.59,per kg,42.86,50.32,False,Derived (Composition Model - Lead-driven),Simulated historical trend (see SOURCES.md for base-value citations)
29-06-2026,CRT,Maharashtra,Mumbai,0.0,per kg,0.0,0.0,True,"Derived (Composition Model - Lead-driven, hazard-adjusted)",Simulated historical trend (see SOURCES.md for base-value citations)
29-06-2026,LCD,Maharashtra,Mumbai,21.54,per kg,19.82,23.26,False,Derived (Composition Model - Aluminium-driven),Simulated historical trend (see SOURCES.md for base-value citations)
29-06-2026,Copper,Maharashtra,Pune,615.86,per kg,566.59,665.13,False,Derived (Formula from Metals.Dev API - MCX/LME-linked),Simulated historical trend (see SOURCES.md for base-value citations)
29-06-2026,Aluminium,Maharashtra,Pune,152.87,per kg,140.64,165.1,False,Derived (Formula from Metals.Dev API - MCX/LME-linked),Simulated historical trend (see SOURCES.md for base-value citations)
29-06-2026,Iron,Maharashtra,Pune,34.11,per kg,31.38,36.84,False,Derived (Formula from Metals.Dev API - MCX/LME-linked),Simulated historical trend (see SOURCES.md for base-value citations)
29-06-2026,Lead,Maharashtra,Pune,110.8,per kg,101.94,119.66,False,Derived (Formula from Metals.Dev API - MCX/LME-linked),Simulated historical trend (see SOURCES.md for base-value citations)
29-06-2026,PCB,Maharashtra,Pune,102.87,per kg,94.64,111.1,False,Derived (Composition Model - Copper-driven),Simulated historical trend (see SOURCES.md for base-value citations)
29-06-2026,Cable,Maharashtra,Pune,249.13,per kg,229.2,269.06,False,Derived (Composition Model - Copper-driven),Simulated historical trend (see SOURCES.md for base-value citations)
29-06-2026,Motor,Maharashtra,Pune,47.8,per kg,43.98,51.62,False,Derived (Composition Model - Copper-driven),Simulated historical trend (see SOURCES.md for base-value citations)
29-06-2026,Battery,Maharashtra,Pune,46.32,per kg,42.61,50.03,False,Derived (Composition Model - Lead-driven),Simulated historical trend (see SOURCES.md for base-value citations)
29-06-2026,CRT,Maharashtra,Pune,0.0,per kg,0.0,0.0,True,"Derived (Composition Model - Lead-driven, hazard-adjusted)",Simulated historical trend (see SOURCES.md for base-value citations)
29-06-2026,LCD,Maharashtra,Pune,22.71,per kg,20.89,24.53,False,Derived (Composition Model - Aluminium-driven),Simulated historical trend (see SOURCES.md for base-value citations)
28-06-2026,Copper,Punjab,Ludhiana,673.0,per kg,619.16,726.84,False,Derived (Formula from Metals.Dev API - MCX/LME-linked),Simulated historical trend (see SOURCES.md for base-value citations)
28-06-2026,Aluminium,Punjab,Ludhiana,142.31,per kg,130.93,153.69,False,Derived (Formula from Metals.Dev API - MCX/LME-linked),Simulated historical trend (see SOURCES.md for base-value citations)
28-06-2026,Iron,Punjab,Ludhiana,36.87,per kg,33.92,39.82,False,Derived (Formula from Metals.Dev API - MCX/LME-linked),Simulated historical trend (see SOURCES.md for base-value citations)
28-06-2026,Lead,Punjab,Ludhiana,96.89,per kg,89.14,104.64,False,Derived (Formula from Metals.Dev API - MCX/LME-linked),Simulated historical trend (see SOURCES.md for base-value citations)
28-06-2026,PCB,Punjab,Ludhiana,119.92,per kg,110.33,129.51,False,Derived (Composition Model - Copper-driven),Simulated historical trend (see SOURCES.md for base-value citations)
28-06-2026,Cable,Punjab,Ludhiana,226.61,per kg,208.48,244.74,False,Derived (Composition Model - Copper-driven),Simulated historical trend (see SOURCES.md for base-value citations)
28-06-2026,Motor,Punjab,Ludhiana,48.82,per kg,44.91,52.73,False,Derived (Composition Model - Copper-driven),Simulated historical trend (see SOURCES.md for base-value citations)
28-06-2026,Battery,Punjab,Ludhiana,40.39,per kg,37.16,43.62,False,Derived (Composition Model - Lead-driven),Simulated historical trend (see SOURCES.md for base-value citations)
28-06-2026,CRT,Punjab,Ludhiana,0.0,per kg,0.0,0.0,True,"Derived (Composition Model - Lead-driven, hazard-adjusted)",Simulated historical trend (see SOURCES.md for base-value citations)
28-06-2026,LCD,Punjab,Ludhiana,18.35,per kg,16.88,19.82,False,Derived (Composition Model - Aluminium-driven),Simulated historical trend (see SOURCES.md for base-value citations)
28-06-2026,Copper,Punjab,Amritsar,587.33,per kg,540.34,634.32,False,Derived (Formula from Metals.Dev API - MCX/LME-linked),Simulated historical trend (see SOURCES.md for base-value citations)
28-06-2026,Aluminium,Punjab,Amritsar,142.47,per kg,131.07,153.87,False,Derived (Formula from Metals.Dev API - MCX/LME-linked),Simulated historical trend (see SOURCES.md for base-value citations)
28-06-2026,Iron,Punjab,Amritsar,37.08,per kg,34.11,40.05,False,Derived (Formula from Metals.Dev API - MCX/LME-linked),Simulated historical trend (see SOURCES.md for base-value citations)
28-06-2026,Lead,Punjab,Amritsar,98.24,per kg,90.38,106.1,False,Derived (Formula from Metals.Dev API - MCX/LME-linked),Simulated historical trend (see SOURCES.md for base-value citations)
28-06-2026,PCB,Punjab,Amritsar,103.72,per kg,95.42,112.02,False,Derived (Composition Model - Copper-driven),Simulated historical trend (see SOURCES.md for base-value citations)
28-06-2026,Cable,Punjab,Amritsar,273.22,per kg,251.36,295.08,False,Derived (Composition Model - Copper-driven),Simulated historical trend (see SOURCES.md for base-value citations)
28-06-2026,Motor,Punjab,Amritsar,49.95,per kg,45.95,53.95,False,Derived (Composition Model - Copper-driven),Simulated historical trend (see SOURCES.md for base-value citations)
28-06-2026,Battery,Punjab,Amritsar,47.1,per kg,43.33,50.87,False,Derived (Composition Model - Lead-driven),Simulated historical trend (see SOURCES.md for base-value citations)
28-06-2026,CRT,Punjab,Amritsar,0.0,per kg,0.0,0.0,True,"Derived (Composition Model - Lead-driven, hazard-adjusted)",Simulated historical trend (see SOURCES.md for base-value citations)
28-06-2026,LCD,Punjab,Amritsar,22.56,per kg,20.76,24.36,False,Derived (Composition Model - Aluminium-driven),Simulated historical trend (see SOURCES.md for base-value citations)
28-06-2026,Copper,Punjab,Jalandhar,638.88,per kg,587.77,689.99,False,Derived (Formula from Metals.Dev API - MCX/LME-linked),Simulated historical trend (see SOURCES.md for base-value citations)
28-06-2026,Aluminium,Punjab,Jalandhar,129.91,per kg,119.52,140.3,False,Derived (Formula from Metals.Dev API - MCX/LME-linked),Simulated historical trend (see SOURCES.md for base-value citations)
28-06-2026,Iron,Punjab,Jalandhar,37.68,per kg,34.67,40.69,False,Derived (Formula from Metals.Dev API - MCX/LME-linked),Simulated historical trend (see SOURCES.md for base-value citations)
28-06-2026,Lead,Punjab,Jalandhar,99.14,per kg,91.21,107.07,False,Derived (Formula from Metals.Dev API - MCX/LME-linked),Simulated historical trend (see SOURCES.md for base-value citations)
28-06-2026,PCB,Punjab,Jalandhar,101.0,per kg,92.92,109.08,False,Derived (Composition Model - Copper-driven),Simulated historical trend (see SOURCES.md for base-value citations)
28-06-2026,Cable,Punjab,Jalandhar,221.11,per kg,203.42,238.8,False,Derived (Composition Model - Copper-driven),Simulated historical trend (see SOURCES.md for base-value citations)
28-06-2026,Motor,Punjab,Jalandhar,43.51,per kg,40.03,46.99,False,Derived (Composition Model - Copper-driven),Simulated historical trend (see SOURCES.md for base-value citations)
28-06-2026,Battery,Punjab,Jalandhar,37.64,per kg,34.63,40.65,False,Derived (Composition Model - Lead-driven),Simulated historical trend (see SOURCES.md for base-value citations)
28-06-2026,CRT,Punjab,Jalandhar,0.0,per kg,0.0,0.0,True,"Derived (Composition Model - Lead-driven, hazard-adjusted)",Simulated historical trend (see SOURCES.md for base-value citations)
28-06-2026,LCD,Punjab,Jalandhar,21.34,per kg,19.63,23.05,False,Derived (Composition Model - Aluminium-driven),Simulated historical trend (see SOURCES.md for base-value citations)
28-06-2026,Copper,Maharashtra,Mumbai,688.35,per kg,633.28,743.42,False,Derived (Formula from Metals.Dev API - MCX/LME-linked),Simulated historical trend (see SOURCES.md for base-value citations)
28-06-2026,Aluminium,Maharashtra,Mumbai,146.7,per kg,134.96,158.44,False,Derived (Formula from Metals.Dev API - MCX/LME-linked),Simulated historical trend (see SOURCES.md for base-value citations)
28-06-2026,Iron,Maharashtra,Mumbai,38.31,per kg,35.25,41.37,False,Derived (Formula from Metals.Dev API - MCX/LME-linked),Simulated historical trend (see SOURCES.md for base-value citations)
28-06-2026,Lead,Maharashtra,Mumbai,96.07,per kg,88.38,103.76,False,Derived (Formula from Metals.Dev API - MCX/LME-linked),Simulated historical trend (see SOURCES.md for base-value citations)
28-06-2026,PCB,Maharashtra,Mumbai,115.7,per kg,106.44,124.96,False,Derived (Composition Model - Copper-driven),Simulated historical trend (see SOURCES.md for base-value citations)
28-06-2026,Cable,Maharashtra,Mumbai,246.16,per kg,226.47,265.85,False,Derived (Composition Model - Copper-driven),Simulated historical trend (see SOURCES.md for base-value citations)
28-06-2026,Motor,Maharashtra,Mumbai,50.89,per kg,46.82,54.96,False,Derived (Composition Model - Copper-driven),Simulated historical trend (see SOURCES.md for base-value citations)
28-06-2026,Battery,Maharashtra,Mumbai,47.77,per kg,43.95,51.59,False,Derived (Composition Model - Lead-driven),Simulated historical trend (see SOURCES.md for base-value citations)
28-06-2026,CRT,Maharashtra,Mumbai,0.0,per kg,0.0,0.0,True,"Derived (Composition Model - Lead-driven, hazard-adjusted)",Simulated historical trend (see SOURCES.md for base-value citations)
28-06-2026,LCD,Maharashtra,Mumbai,21.48,per kg,19.76,23.2,False,Derived (Composition Model - Aluminium-driven),Simulated historical trend (see SOURCES.md for base-value citations)
28-06-2026,Copper,Maharashtra,Pune,686.98,per kg,632.02,741.94,False,Derived (Formula from Metals.Dev API - MCX/LME-linked),Simulated historical trend (see SOURCES.md for base-value citations)
28-06-2026,Aluminium,Maharashtra,Pune,163.27,per kg,150.21,176.33,False,Derived (Formula from Metals.Dev API - MCX/LME-linked),Simulated historical trend (see SOURCES.md for base-value citations)
28-06-2026,Iron,Maharashtra,Pune,36.6,per kg,33.67,39.53,False,Derived (Formula from Metals.Dev API - MCX/LME-linked),Simulated historical trend (see SOURCES.md for base-value citations)
28-06-2026,Lead,Maharashtra,Pune,95.81,per kg,88.15,103.47,False,Derived (Formula from Metals.Dev API - MCX/LME-linked),Simulated historical trend (see SOURCES.md for base-value citations)
28-06-2026,PCB,Maharashtra,Pune,106.1,per kg,97.61,114.59,False,Derived (Composition Model - Copper-driven),Simulated historical trend (see SOURCES.md for base-value citations)
28-06-2026,Cable,Maharashtra,Pune,229.83,per kg,211.44,248.22,False,Derived (Composition Model - Copper-driven),Simulated historical trend (see SOURCES.md for base-value citations)
28-06-2026,Motor,Maharashtra,Pune,49.49,per kg,45.53,53.45,False,Derived (Composition Model - Copper-driven),Simulated historical trend (see SOURCES.md for base-value citations)
28-06-2026,Battery,Maharashtra,Pune,44.26,per kg,40.72,47.8,False,Derived (Composition Model - Lead-driven),Simulated historical trend (see SOURCES.md for base-value citations)
28-06-2026,CRT,Maharashtra,Pune,0.0,per kg,0.0,0.0,True,"Derived (Composition Model - Lead-driven, hazard-adjusted)",Simulated historical trend (see SOURCES.md for base-value citations)
28-06-2026,LCD,Maharashtra,Pune,19.22,per kg,17.68,20.76,False,Derived (Composition Model - Aluminium-driven),Simulated historical trend (see SOURCES.md for base-value citations)
27-06-2026,Copper,Punjab,Ludhiana,636.67,per kg,585.74,687.6,False,Derived (Formula from Metals.Dev API - MCX/LME-linked),Simulated historical trend (see SOURCES.md for base-value citations)
27-06-2026,Aluminium,Punjab,Ludhiana,158.76,per kg,146.06,171.46,False,Derived (Formula from Metals.Dev API - MCX/LME-linked),Simulated historical trend (see SOURCES.md for base-value citations)
27-06-2026,Iron,Punjab,Ludhiana,33.3,per kg,30.64,35.96,False,Derived (Formula from Metals.Dev API - MCX/LME-linked),Simulated historical trend (see SOURCES.md for base-value citations)
27-06-2026,Lead,Punjab,Ludhiana,102.07,per kg,93.9,110.24,False,Derived (Formula from Metals.Dev API - MCX/LME-linked),Simulated historical trend (see SOURCES.md for base-value citations)
27-06-2026,PCB,Punjab,Ludhiana,107.19,per kg,98.61,115.77,False,Derived (Composition Model - Copper-driven),Simulated historical trend (see SOURCES.md for base-value citations)
27-06-2026,Cable,Punjab,Ludhiana,237.04,per kg,218.08,256.0,False,Derived (Composition Model - Copper-driven),Simulated historical trend (see SOURCES.md for base-value citations)
27-06-2026,Motor,Punjab,Ludhiana,46.47,per kg,42.75,50.19,False,Derived (Composition Model - Copper-driven),Simulated historical trend (see SOURCES.md for base-value citations)
27-06-2026,Battery,Punjab,Ludhiana,39.65,per kg,36.48,42.82,False,Derived (Composition Model - Lead-driven),Simulated historical trend (see SOURCES.md for base-value citations)
27-06-2026,CRT,Punjab,Ludhiana,0.0,per kg,0.0,0.0,True,"Derived (Composition Model - Lead-driven, hazard-adjusted)",Simulated historical trend (see SOURCES.md for base-value citations)
27-06-2026,LCD,Punjab,Ludhiana,21.19,per kg,19.49,22.89,False,Derived (Composition Model - Aluminium-driven),Simulated historical trend (see SOURCES.md for base-value citations)
27-06-2026,Copper,Punjab,Amritsar,662.47,per kg,609.47,715.47,False,Derived (Formula from Metals.Dev API - MCX/LME-linked),Simulated historical trend (see SOURCES.md for base-value citations)
27-06-2026,Aluminium,Punjab,Amritsar,151.26,per kg,139.16,163.36,False,Derived (Formula from Metals.Dev API - MCX/LME-linked),Simulated historical trend (see SOURCES.md for base-value citations)
27-06-2026,Iron,Punjab,Amritsar,35.33,per kg,32.5,38.16,False,Derived (Formula from Metals.Dev API - MCX/LME-linked),Simulated historical trend (see SOURCES.md for base-value citations)
27-06-2026,Lead,Punjab,Amritsar,102.3,per kg,94.12,110.48,False,Derived (Formula from Metals.Dev API - MCX/LME-linked),Simulated historical trend (see SOURCES.md for base-value citations)
27-06-2026,PCB,Punjab,Amritsar,110.47,per kg,101.63,119.31,False,Derived (Composition Model - Copper-driven),Simulated historical trend (see SOURCES.md for base-value citations)
27-06-2026,Cable,Punjab,Amritsar,275.9,per kg,253.83,297.97,False,Derived (Composition Model - Copper-driven),Simulated historical trend (see SOURCES.md for base-value citations)
27-06-2026,Motor,Punjab,Amritsar,49.99,per kg,45.99,53.99,False,Derived (Composition Model - Copper-driven),Simulated historical trend (see SOURCES.md for base-value citations)
27-06-2026,Battery,Punjab,Amritsar,44.63,per kg,41.06,48.2,False,Derived (Composition Model - Lead-driven),Simulated historical trend (see SOURCES.md for base-value citations)
27-06-2026,CRT,Punjab,Amritsar,0.0,per kg,0.0,0.0,True,"Derived (Composition Model - Lead-driven, hazard-adjusted)",Simulated historical trend (see SOURCES.md for base-value citations)
27-06-2026,LCD,Punjab,Amritsar,18.95,per kg,17.43,20.47,False,Derived (Composition Model - Aluminium-driven),Simulated historical trend (see SOURCES.md for base-value citations)
27-06-2026,Copper,Punjab,Jalandhar,568.95,per kg,523.43,614.47,False,Derived (Formula from Metals.Dev API - MCX/LME-linked),Simulated historical trend (see SOURCES.md for base-value citations)
27-06-2026,Aluminium,Punjab,Jalandhar,149.94,per kg,137.94,161.94,False,Derived (Formula from Metals.Dev API - MCX/LME-linked),Simulated historical trend (see SOURCES.md for base-value citations)
27-06-2026,Iron,Punjab,Jalandhar,32.98,per kg,30.34,35.62,False,Derived (Formula from Metals.Dev API - MCX/LME-linked),Simulated historical trend (see SOURCES.md for base-value citations)
27-06-2026,Lead,Punjab,Jalandhar,91.67,per kg,84.34,99.0,False,Derived (Formula from Metals.Dev API - MCX/LME-linked),Simulated historical trend (see SOURCES.md for base-value citations)
27-06-2026,PCB,Punjab,Jalandhar,104.26,per kg,95.92,112.6,False,Derived (Composition Model - Copper-driven),Simulated historical trend (see SOURCES.md for base-value citations)
27-06-2026,Cable,Punjab,Jalandhar,235.75,per kg,216.89,254.61,False,Derived (Composition Model - Copper-driven),Simulated historical trend (see SOURCES.md for base-value citations)
27-06-2026,Motor,Punjab,Jalandhar,41.06,per kg,37.78,44.34,False,Derived (Composition Model - Copper-driven),Simulated historical trend (see SOURCES.md for base-value citations)
27-06-2026,Battery,Punjab,Jalandhar,37.57,per kg,34.56,40.58,False,Derived (Composition Model - Lead-driven),Simulated historical trend (see SOURCES.md for base-value citations)
27-06-2026,CRT,Punjab,Jalandhar,0.0,per kg,0.0,0.0,True,"Derived (Composition Model - Lead-driven, hazard-adjusted)",Simulated historical trend (see SOURCES.md for base-value citations)
27-06-2026,LCD,Punjab,Jalandhar,19.09,per kg,17.56,20.62,False,Derived (Composition Model - Aluminium-driven),Simulated historical trend (see SOURCES.md for base-value citations)
27-06-2026,Copper,Maharashtra,Mumbai,601.1,per kg,553.01,649.19,False,Derived (Formula from Metals.Dev API - MCX/LME-linked),Simulated historical trend (see SOURCES.md for base-value citations)
27-06-2026,Aluminium,Maharashtra,Mumbai,166.85,per kg,153.5,180.2,False,Derived (Formula from Metals.Dev API - MCX/LME-linked),Simulated historical trend (see SOURCES.md for base-value citations)
27-06-2026,Iron,Maharashtra,Mumbai,36.85,per kg,33.9,39.8,False,Derived (Formula from Metals.Dev API - MCX/LME-linked),Simulated historical trend (see SOURCES.md for base-value citations)
27-06-2026,Lead,Maharashtra,Mumbai,103.87,per kg,95.56,112.18,False,Derived (Formula from Metals.Dev API - MCX/LME-linked),Simulated historical trend (see SOURCES.md for base-value citations)
27-06-2026,PCB,Maharashtra,Mumbai,126.32,per kg,116.21,136.43,False,Derived (Composition Model - Copper-driven),Simulated historical trend (see SOURCES.md for base-value citations)
27-06-2026,Cable,Maharashtra,Mumbai,256.89,per kg,236.34,277.44,False,Derived (Composition Model - Copper-driven),Simulated historical trend (see SOURCES.md for base-value citations)
27-06-2026,Motor,Maharashtra,Mumbai,54.38,per kg,50.03,58.73,False,Derived (Composition Model - Copper-driven),Simulated historical trend (see SOURCES.md for base-value citations)
27-06-2026,Battery,Maharashtra,Mumbai,45.86,per kg,42.19,49.53,False,Derived (Composition Model - Lead-driven),Simulated historical trend (see SOURCES.md for base-value citations)
27-06-2026,CRT,Maharashtra,Mumbai,0.0,per kg,0.0,0.0,True,"Derived (Composition Model - Lead-driven, hazard-adjusted)",Simulated historical trend (see SOURCES.md for base-value citations)
27-06-2026,LCD,Maharashtra,Mumbai,20.78,per kg,19.12,22.44,False,Derived (Composition Model - Aluminium-driven),Simulated historical trend (see SOURCES.md for base-value citations)
27-06-2026,Copper,Maharashtra,Pune,603.05,per kg,554.81,651.29,False,Derived (Formula from Metals.Dev API - MCX/LME-linked),Simulated historical trend (see SOURCES.md for base-value citations)
27-06-2026,Aluminium,Maharashtra,Pune,142.32,per kg,130.93,153.71,False,Derived (Formula from Metals.Dev API - MCX/LME-linked),Simulated historical trend (see SOURCES.md for base-value citations)
27-06-2026,Iron,Maharashtra,Pune,39.83,per kg,36.64,43.02,False,Derived (Formula from Metals.Dev API - MCX/LME-linked),Simulated historical trend (see SOURCES.md for base-value citations)
27-06-2026,Lead,Maharashtra,Pune,91.67,per kg,84.34,99.0,False,Derived (Formula from Metals.Dev API - MCX/LME-linked),Simulated historical trend (see SOURCES.md for base-value citations)
27-06-2026,PCB,Maharashtra,Pune,104.61,per kg,96.24,112.98,False,Derived (Composition Model - Copper-driven),Simulated historical trend (see SOURCES.md for base-value citations)
27-06-2026,Cable,Maharashtra,Pune,247.03,per kg,227.27,266.79,False,Derived (Composition Model - Copper-driven),Simulated historical trend (see SOURCES.md for base-value citations)
27-06-2026,Motor,Maharashtra,Pune,45.36,per kg,41.73,48.99,False,Derived (Composition Model - Copper-driven),Simulated historical trend (see SOURCES.md for base-value citations)
27-06-2026,Battery,Maharashtra,Pune,41.52,per kg,38.2,44.84,False,Derived (Composition Model - Lead-driven),Simulated historical trend (see SOURCES.md for base-value citations)
27-06-2026,CRT,Maharashtra,Pune,0.0,per kg,0.0,0.0,True,"Derived (Composition Model - Lead-driven, hazard-adjusted)",Simulated historical trend (see SOURCES.md for base-value citations)
27-06-2026,LCD,Maharashtra,Pune,20.67,per kg,19.02,22.32,False,Derived (Composition Model - Aluminium-driven),Simulated historical trend (see SOURCES.md for base-value citations)
26-06-2026,Copper,Punjab,Ludhiana,616.33,per kg,567.02,665.64,False,Derived (Formula from Metals.Dev API - MCX/LME-linked),Simulated historical trend (see SOURCES.md for base-value citations)
26-06-2026,Aluminium,Punjab,Ludhiana,145.84,per kg,134.17,157.51,False,Derived (Formula from Metals.Dev API - MCX/LME-linked),Simulated historical trend (see SOURCES.md for base-value citations)
26-06-2026,Iron,Punjab,Ludhiana,37.83,per kg,34.8,40.86,False,Derived (Formula from Metals.Dev API - MCX/LME-linked),Simulated historical trend (see SOURCES.md for base-value citations)
26-06-2026,Lead,Punjab,Ludhiana,97.92,per kg,90.09,105.75,False,Derived (Formula from Metals.Dev API - MCX/LME-linked),Simulated historical trend (see SOURCES.md for base-value citations)
26-06-2026,PCB,Punjab,Ludhiana,104.93,per kg,96.54,113.32,False,Derived (Composition Model - Copper-driven),Simulated historical trend (see SOURCES.md for base-value citations)
26-06-2026,Cable,Punjab,Ludhiana,238.31,per kg,219.25,257.37,False,Derived (Composition Model - Copper-driven),Simulated historical trend (see SOURCES.md for base-value citations)
26-06-2026,Motor,Punjab,Ludhiana,50.59,per kg,46.54,54.64,False,Derived (Composition Model - Copper-driven),Simulated historical trend (see SOURCES.md for base-value citations)
26-06-2026,Battery,Punjab,Ludhiana,43.48,per kg,40.0,46.96,False,Derived (Composition Model - Lead-driven),Simulated historical trend (see SOURCES.md for base-value citations)
26-06-2026,CRT,Punjab,Ludhiana,0.0,per kg,0.0,0.0,True,"Derived (Composition Model - Lead-driven, hazard-adjusted)",Simulated historical trend (see SOURCES.md for base-value citations)
26-06-2026,LCD,Punjab,Ludhiana,21.08,per kg,19.39,22.77,False,Derived (Composition Model - Aluminium-driven),Simulated historical trend (see SOURCES.md for base-value citations)
26-06-2026,Copper,Punjab,Amritsar,652.32,per kg,600.13,704.51,False,Derived (Formula from Metals.Dev API - MCX/LME-linked),Simulated historical trend (see SOURCES.md for base-value citations)
26-06-2026,Aluminium,Punjab,Amritsar,147.13,per kg,135.36,158.9,False,Derived (Formula from Metals.Dev API - MCX/LME-linked),Simulated historical trend (see SOURCES.md for base-value citations)
26-06-2026,Iron,Punjab,Amritsar,35.49,per kg,32.65,38.33,False,Derived (Formula from Metals.Dev API - MCX/LME-linked),Simulated historical trend (see SOURCES.md for base-value citations)
26-06-2026,Lead,Punjab,Amritsar,110.82,per kg,101.95,119.69,False,Derived (Formula from Metals.Dev API - MCX/LME-linked),Simulated historical trend (see SOURCES.md for base-value citations)
26-06-2026,PCB,Punjab,Amritsar,120.91,per kg,111.24,130.58,False,Derived (Composition Model - Copper-driven),Simulated historical trend (see SOURCES.md for base-value citations)
26-06-2026,Cable,Punjab,Amritsar,242.09,per kg,222.72,261.46,False,Derived (Composition Model - Copper-driven),Simulated historical trend (see SOURCES.md for base-value citations)
26-06-2026,Motor,Punjab,Amritsar,48.68,per kg,44.79,52.57,False,Derived (Composition Model - Copper-driven),Simulated historical trend (see SOURCES.md for base-value citations)
26-06-2026,Battery,Punjab,Amritsar,39.08,per kg,35.95,42.21,False,Derived (Composition Model - Lead-driven),Simulated historical trend (see SOURCES.md for base-value citations)
26-06-2026,CRT,Punjab,Amritsar,0.0,per kg,0.0,0.0,True,"Derived (Composition Model - Lead-driven, hazard-adjusted)",Simulated historical trend (see SOURCES.md for base-value citations)
26-06-2026,LCD,Punjab,Amritsar,22.74,per kg,20.92,24.56,False,Derived (Composition Model - Aluminium-driven),Simulated historical trend (see SOURCES.md for base-value citations)
26-06-2026,Copper,Punjab,Jalandhar,626.27,per kg,576.17,676.37,False,Derived (Formula from Metals.Dev API - MCX/LME-linked),Simulated historical trend (see SOURCES.md for base-value citations)
26-06-2026,Aluminium,Punjab,Jalandhar,152.12,per kg,139.95,164.29,False,Derived (Formula from Metals.Dev API - MCX/LME-linked),Simulated historical trend (see SOURCES.md for base-value citations)
26-06-2026,Iron,Punjab,Jalandhar,32.9,per kg,30.27,35.53,False,Derived (Formula from Metals.Dev API - MCX/LME-linked),Simulated historical trend (see SOURCES.md for base-value citations)
26-06-2026,Lead,Punjab,Jalandhar,87.73,per kg,80.71,94.75,False,Derived (Formula from Metals.Dev API - MCX/LME-linked),Simulated historical trend (see SOURCES.md for base-value citations)
26-06-2026,PCB,Punjab,Jalandhar,95.45,per kg,87.81,103.09,False,Derived (Composition Model - Copper-driven),Simulated historical trend (see SOURCES.md for base-value citations)
26-06-2026,Cable,Punjab,Jalandhar,255.08,per kg,234.67,275.49,False,Derived (Composition Model - Copper-driven),Simulated historical trend (see SOURCES.md for base-value citations)
26-06-2026,Motor,Punjab,Jalandhar,47.21,per kg,43.43,50.99,False,Derived (Composition Model - Copper-driven),Simulated historical trend (see SOURCES.md for base-value citations)
26-06-2026,Battery,Punjab,Jalandhar,43.91,per kg,40.4,47.42,False,Derived (Composition Model - Lead-driven),Simulated historical trend (see SOURCES.md for base-value citations)
26-06-2026,CRT,Punjab,Jalandhar,0.0,per kg,0.0,0.0,True,"Derived (Composition Model - Lead-driven, hazard-adjusted)",Simulated historical trend (see SOURCES.md for base-value citations)
26-06-2026,LCD,Punjab,Jalandhar,21.33,per kg,19.62,23.04,False,Derived (Composition Model - Aluminium-driven),Simulated historical trend (see SOURCES.md for base-value citations)
26-06-2026,Copper,Maharashtra,Mumbai,655.61,per kg,603.16,708.06,False,Derived (Formula from Metals.Dev API - MCX/LME-linked),Simulated historical trend (see SOURCES.md for base-value citations)
26-06-2026,Aluminium,Maharashtra,Mumbai,149.39,per kg,137.44,161.34,False,Derived (Formula from Metals.Dev API - MCX/LME-linked),Simulated historical trend (see SOURCES.md for base-value citations)
26-06-2026,Iron,Maharashtra,Mumbai,36.37,per kg,33.46,39.28,False,Derived (Formula from Metals.Dev API - MCX/LME-linked),Simulated historical trend (see SOURCES.md for base-value citations)
26-06-2026,Lead,Maharashtra,Mumbai,102.27,per kg,94.09,110.45,False,Derived (Formula from Metals.Dev API - MCX/LME-linked),Simulated historical trend (see SOURCES.md for base-value citations)
26-06-2026,PCB,Maharashtra,Mumbai,110.33,per kg,101.5,119.16,False,Derived (Composition Model - Copper-driven),Simulated historical trend (see SOURCES.md for base-value citations)
26-06-2026,Cable,Maharashtra,Mumbai,283.57,per kg,260.88,306.26,False,Derived (Composition Model - Copper-driven),Simulated historical trend (see SOURCES.md for base-value citations)
26-06-2026,Motor,Maharashtra,Mumbai,52.51,per kg,48.31,56.71,False,Derived (Composition Model - Copper-driven),Simulated historical trend (see SOURCES.md for base-value citations)
26-06-2026,Battery,Maharashtra,Mumbai,42.0,per kg,38.64,45.36,False,Derived (Composition Model - Lead-driven),Simulated historical trend (see SOURCES.md for base-value citations)
26-06-2026,CRT,Maharashtra,Mumbai,0.0,per kg,0.0,0.0,True,"Derived (Composition Model - Lead-driven, hazard-adjusted)",Simulated historical trend (see SOURCES.md for base-value citations)
26-06-2026,LCD,Maharashtra,Mumbai,21.68,per kg,19.95,23.41,False,Derived (Composition Model - Aluminium-driven),Simulated historical trend (see SOURCES.md for base-value citations)
26-06-2026,Copper,Maharashtra,Pune,686.23,per kg,631.33,741.13,False,Derived (Formula from Metals.Dev API - MCX/LME-linked),Simulated historical trend (see SOURCES.md for base-value citations)
26-06-2026,Aluminium,Maharashtra,Pune,147.02,per kg,135.26,158.78,False,Derived (Formula from Metals.Dev API - MCX/LME-linked),Simulated historical trend (see SOURCES.md for base-value citations)
26-06-2026,Iron,Maharashtra,Pune,33.54,per kg,30.86,36.22,False,Derived (Formula from Metals.Dev API - MCX/LME-linked),Simulated historical trend (see SOURCES.md for base-value citations)
26-06-2026,Lead,Maharashtra,Pune,91.68,per kg,84.35,99.01,False,Derived (Formula from Metals.Dev API - MCX/LME-linked),Simulated historical trend (see SOURCES.md for base-value citations)
26-06-2026,PCB,Maharashtra,Pune,110.1,per kg,101.29,118.91,False,Derived (Composition Model - Copper-driven),Simulated historical trend (see SOURCES.md for base-value citations)
26-06-2026,Cable,Maharashtra,Pune,245.44,per kg,225.8,265.08,False,Derived (Composition Model - Copper-driven),Simulated historical trend (see SOURCES.md for base-value citations)
26-06-2026,Motor,Maharashtra,Pune,46.87,per kg,43.12,50.62,False,Derived (Composition Model - Copper-driven),Simulated historical trend (see SOURCES.md for base-value citations)
26-06-2026,Battery,Maharashtra,Pune,40.92,per kg,37.65,44.19,False,Derived (Composition Model - Lead-driven),Simulated historical trend (see SOURCES.md for base-value citations)
26-06-2026,CRT,Maharashtra,Pune,0.0,per kg,0.0,0.0,True,"Derived (Composition Model - Lead-driven, hazard-adjusted)",Simulated historical trend (see SOURCES.md for base-value citations)
26-06-2026,LCD,Maharashtra,Pune,21.74,per kg,20.0,23.48,False,Derived (Composition Model - Aluminium-driven),Simulated historical trend (see SOURCES.md for base-value citations)
25-06-2026,Copper,Punjab,Ludhiana,682.51,per kg,627.91,737.11,False,Derived (Formula from Metals.Dev API - MCX/LME-linked),Simulated historical trend (see SOURCES.md for base-value citations)
25-06-2026,Aluminium,Punjab,Ludhiana,159.83,per kg,147.04,172.62,False,Derived (Formula from Metals.Dev API - MCX/LME-linked),Simulated historical trend (see SOURCES.md for base-value citations)
25-06-2026,Iron,Punjab,Ludhiana,34.62,per kg,31.85,37.39,False,Derived (Formula from Metals.Dev API - MCX/LME-linked),Simulated historical trend (see SOURCES.md for base-value citations)
25-06-2026,Lead,Punjab,Ludhiana,100.72,per kg,92.66,108.78,False,Derived (Formula from Metals.Dev API - MCX/LME-linked),Simulated historical trend (see SOURCES.md for base-value citations)
25-06-2026,PCB,Punjab,Ludhiana,107.02,per kg,98.46,115.58,False,Derived (Composition Model - Copper-driven),Simulated historical trend (see SOURCES.md for base-value citations)
25-06-2026,Cable,Punjab,Ludhiana,253.83,per kg,233.52,274.14,False,Derived (Composition Model - Copper-driven),Simulated historical trend (see SOURCES.md for base-value citations)
25-06-2026,Motor,Punjab,Ludhiana,47.29,per kg,43.51,51.07,False,Derived (Composition Model - Copper-driven),Simulated historical trend (see SOURCES.md for base-value citations)
25-06-2026,Battery,Punjab,Ludhiana,44.11,per kg,40.58,47.64,False,Derived (Composition Model - Lead-driven),Simulated historical trend (see SOURCES.md for base-value citations)
25-06-2026,CRT,Punjab,Ludhiana,0.0,per kg,0.0,0.0,True,"Derived (Composition Model - Lead-driven, hazard-adjusted)",Simulated historical trend (see SOURCES.md for base-value citations)
25-06-2026,LCD,Punjab,Ludhiana,18.55,per kg,17.07,20.03,False,Derived (Composition Model - Aluminium-driven),Simulated historical trend (see SOURCES.md for base-value citations)
25-06-2026,Copper,Punjab,Amritsar,699.08,per kg,643.15,755.01,False,Derived (Formula from Metals.Dev API - MCX/LME-linked),Simulated historical trend (see SOURCES.md for base-value citations)
25-06-2026,Aluminium,Punjab,Amritsar,159.42,per kg,146.67,172.17,False,Derived (Formula from Metals.Dev API - MCX/LME-linked),Simulated historical trend (see SOURCES.md for base-value citations)
25-06-2026,Iron,Punjab,Amritsar,37.44,per kg,34.44,40.44,False,Derived (Formula from Metals.Dev API - MCX/LME-linked),Simulated historical trend (see SOURCES.md for base-value citations)
25-06-2026,Lead,Punjab,Amritsar,110.7,per kg,101.84,119.56,False,Derived (Formula from Metals.Dev API - MCX/LME-linked),Simulated historical trend (see SOURCES.md for base-value citations)
25-06-2026,PCB,Punjab,Amritsar,111.94,per kg,102.98,120.9,False,Derived (Composition Model - Copper-driven),Simulated historical trend (see SOURCES.md for base-value citations)
25-06-2026,Cable,Punjab,Amritsar,266.26,per kg,244.96,287.56,False,Derived (Composition Model - Copper-driven),Simulated historical trend (see SOURCES.md for base-value citations)
25-06-2026,Motor,Punjab,Amritsar,52.05,per kg,47.89,56.21,False,Derived (Composition Model - Copper-driven),Simulated historical trend (see SOURCES.md for base-value citations)
25-06-2026,Battery,Punjab,Amritsar,45.93,per kg,42.26,49.6,False,Derived (Composition Model - Lead-driven),Simulated historical trend (see SOURCES.md for base-value citations)
25-06-2026,CRT,Punjab,Amritsar,0.0,per kg,0.0,0.0,True,"Derived (Composition Model - Lead-driven, hazard-adjusted)",Simulated historical trend (see SOURCES.md for base-value citations)
25-06-2026,LCD,Punjab,Amritsar,21.83,per kg,20.08,23.58,False,Derived (Composition Model - Aluminium-driven),Simulated historical trend (see SOURCES.md for base-value citations)
25-06-2026,Copper,Punjab,Jalandhar,663.32,per kg,610.25,716.39,False,Derived (Formula from Metals.Dev API - MCX/LME-linked),Simulated historical trend (see SOURCES.md for base-value citations)
25-06-2026,Aluminium,Punjab,Jalandhar,136.28,per kg,125.38,147.18,False,Derived (Formula from Metals.Dev API - MCX/LME-linked),Simulated historical trend (see SOURCES.md for base-value citations)
25-06-2026,Iron,Punjab,Jalandhar,31.44,per kg,28.92,33.96,False,Derived (Formula from Metals.Dev API - MCX/LME-linked),Simulated historical trend (see SOURCES.md for base-value citations)
25-06-2026,Lead,Punjab,Jalandhar,97.97,per kg,90.13,105.81,False,Derived (Formula from Metals.Dev API - MCX/LME-linked),Simulated historical trend (see SOURCES.md for base-value citations)
25-06-2026,PCB,Punjab,Jalandhar,96.01,per kg,88.33,103.69,False,Derived (Composition Model - Copper-driven),Simulated historical trend (see SOURCES.md for base-value citations)
25-06-2026,Cable,Punjab,Jalandhar,228.03,per kg,209.79,246.27,False,Derived (Composition Model - Copper-driven),Simulated historical trend (see SOURCES.md for base-value citations)
25-06-2026,Motor,Punjab,Jalandhar,41.86,per kg,38.51,45.21,False,Derived (Composition Model - Copper-driven),Simulated historical trend (see SOURCES.md for base-value citations)
25-06-2026,Battery,Punjab,Jalandhar,40.19,per kg,36.97,43.41,False,Derived (Composition Model - Lead-driven),Simulated historical trend (see SOURCES.md for base-value citations)
25-06-2026,CRT,Punjab,Jalandhar,0.0,per kg,0.0,0.0,True,"Derived (Composition Model - Lead-driven, hazard-adjusted)",Simulated historical trend (see SOURCES.md for base-value citations)
25-06-2026,LCD,Punjab,Jalandhar,20.16,per kg,18.55,21.77,False,Derived (Composition Model - Aluminium-driven),Simulated historical trend (see SOURCES.md for base-value citations)
25-06-2026,Copper,Maharashtra,Mumbai,696.22,per kg,640.52,751.92,False,Derived (Formula from Metals.Dev API - MCX/LME-linked),Simulated historical trend (see SOURCES.md for base-value citations)
25-06-2026,Aluminium,Maharashtra,Mumbai,154.81,per kg,142.43,167.19,False,Derived (Formula from Metals.Dev API - MCX/LME-linked),Simulated historical trend (see SOURCES.md for base-value citations)
25-06-2026,Iron,Maharashtra,Mumbai,36.22,per kg,33.32,39.12,False,Derived (Formula from Metals.Dev API - MCX/LME-linked),Simulated historical trend (see SOURCES.md for base-value citations)
25-06-2026,Lead,Maharashtra,Mumbai,105.92,per kg,97.45,114.39,False,Derived (Formula from Metals.Dev API - MCX/LME-linked),Simulated historical trend (see SOURCES.md for base-value citations)
25-06-2026,PCB,Maharashtra,Mumbai,122.59,per kg,112.78,132.4,False,Derived (Composition Model - Copper-driven),Simulated historical trend (see SOURCES.md for base-value citations)
25-06-2026,Cable,Maharashtra,Mumbai,245.6,per kg,225.95,265.25,False,Derived (Composition Model - Copper-driven),Simulated historical trend (see SOURCES.md for base-value citations)
25-06-2026,Motor,Maharashtra,Mumbai,51.26,per kg,47.16,55.36,False,Derived (Composition Model - Copper-driven),Simulated historical trend (see SOURCES.md for base-value citations)
25-06-2026,Battery,Maharashtra,Mumbai,45.72,per kg,42.06,49.38,False,Derived (Composition Model - Lead-driven),Simulated historical trend (see SOURCES.md for base-value citations)
25-06-2026,CRT,Maharashtra,Mumbai,0.0,per kg,0.0,0.0,True,"Derived (Composition Model - Lead-driven, hazard-adjusted)",Simulated historical trend (see SOURCES.md for base-value citations)
25-06-2026,LCD,Maharashtra,Mumbai,20.27,per kg,18.65,21.89,False,Derived (Composition Model - Aluminium-driven),Simulated historical trend (see SOURCES.md for base-value citations)
25-06-2026,Copper,Maharashtra,Pune,698.55,per kg,642.67,754.43,False,Derived (Formula from Metals.Dev API - MCX/LME-linked),Simulated historical trend (see SOURCES.md for base-value citations)
25-06-2026,Aluminium,Maharashtra,Pune,157.72,per kg,145.1,170.34,False,Derived (Formula from Metals.Dev API - MCX/LME-linked),Simulated historical trend (see SOURCES.md for base-value citations)
25-06-2026,Iron,Maharashtra,Pune,38.35,per kg,35.28,41.42,False,Derived (Formula from Metals.Dev API - MCX/LME-linked),Simulated historical trend (see SOURCES.md for base-value citations)
25-06-2026,Lead,Maharashtra,Pune,94.32,per kg,86.77,101.87,False,Derived (Formula from Metals.Dev API - MCX/LME-linked),Simulated historical trend (see SOURCES.md for base-value citations)
25-06-2026,PCB,Maharashtra,Pune,106.84,per kg,98.29,115.39,False,Derived (Composition Model - Copper-driven),Simulated historical trend (see SOURCES.md for base-value citations)
25-06-2026,Cable,Maharashtra,Pune,276.98,per kg,254.82,299.14,False,Derived (Composition Model - Copper-driven),Simulated historical trend (see SOURCES.md for base-value citations)
25-06-2026,Motor,Maharashtra,Pune,50.31,per kg,46.29,54.33,False,Derived (Composition Model - Copper-driven),Simulated historical trend (see SOURCES.md for base-value citations)
25-06-2026,Battery,Maharashtra,Pune,46.84,per kg,43.09,50.59,False,Derived (Composition Model - Lead-driven),Simulated historical trend (see SOURCES.md for base-value citations)
25-06-2026,CRT,Maharashtra,Pune,0.0,per kg,0.0,0.0,True,"Derived (Composition Model - Lead-driven, hazard-adjusted)",Simulated historical trend (see SOURCES.md for base-value citations)
25-06-2026,LCD,Maharashtra,Pune,20.93,per kg,19.26,22.6,False,Derived (Composition Model - Aluminium-driven),Simulated historical trend (see SOURCES.md for base-value citations)
24-06-2026,Copper,Punjab,Ludhiana,660.74,per kg,607.88,713.6,False,Derived (Formula from Metals.Dev API - MCX/LME-linked),Simulated historical trend (see SOURCES.md for base-value citations)
24-06-2026,Aluminium,Punjab,Ludhiana,140.58,per kg,129.33,151.83,False,Derived (Formula from Metals.Dev API - MCX/LME-linked),Simulated historical trend (see SOURCES.md for base-value citations)
24-06-2026,Iron,Punjab,Ludhiana,38.39,per kg,35.32,41.46,False,Derived (Formula from Metals.Dev API - MCX/LME-linked),Simulated historical trend (see SOURCES.md for base-value citations)
24-06-2026,Lead,Punjab,Ludhiana,90.84,per kg,83.57,98.11,False,Derived (Formula from Metals.Dev API - MCX/LME-linked),Simulated historical trend (see SOURCES.md for base-value citations)
24-06-2026,PCB,Punjab,Ludhiana,104.66,per kg,96.29,113.03,False,Derived (Composition Model - Copper-driven),Simulated historical trend (see SOURCES.md for base-value citations)
24-06-2026,Cable,Punjab,Ludhiana,264.2,per kg,243.06,285.34,False,Derived (Composition Model - Copper-driven),Simulated historical trend (see SOURCES.md for base-value citations)
24-06-2026,Motor,Punjab,Ludhiana,43.2,per kg,39.74,46.66,False,Derived (Composition Model - Copper-driven),Simulated historical trend (see SOURCES.md for base-value citations)
24-06-2026,Battery,Punjab,Ludhiana,41.94,per kg,38.58,45.3,False,Derived (Composition Model - Lead-driven),Simulated historical trend (see SOURCES.md for base-value citations)
24-06-2026,CRT,Punjab,Ludhiana,0.0,per kg,0.0,0.0,True,"Derived (Composition Model - Lead-driven, hazard-adjusted)",Simulated historical trend (see SOURCES.md for base-value citations)
24-06-2026,LCD,Punjab,Ludhiana,20.13,per kg,18.52,21.74,False,Derived (Composition Model - Aluminium-driven),Simulated historical trend (see SOURCES.md for base-value citations)
24-06-2026,Copper,Punjab,Amritsar,697.59,per kg,641.78,753.4,False,Derived (Formula from Metals.Dev API - MCX/LME-linked),Simulated historical trend (see SOURCES.md for base-value citations)
24-06-2026,Aluminium,Punjab,Amritsar,143.09,per kg,131.64,154.54,False,Derived (Formula from Metals.Dev API - MCX/LME-linked),Simulated historical trend (see SOURCES.md for base-value citations)
24-06-2026,Iron,Punjab,Amritsar,37.84,per kg,34.81,40.87,False,Derived (Formula from Metals.Dev API - MCX/LME-linked),Simulated historical trend (see SOURCES.md for base-value citations)
24-06-2026,Lead,Punjab,Amritsar,99.93,per kg,91.94,107.92,False,Derived (Formula from Metals.Dev API - MCX/LME-linked),Simulated historical trend (see SOURCES.md for base-value citations)
24-06-2026,PCB,Punjab,Amritsar,120.55,per kg,110.91,130.19,False,Derived (Composition Model - Copper-driven),Simulated historical trend (see SOURCES.md for base-value citations)
24-06-2026,Cable,Punjab,Amritsar,277.05,per kg,254.89,299.21,False,Derived (Composition Model - Copper-driven),Simulated historical trend (see SOURCES.md for base-value citations)
24-06-2026,Motor,Punjab,Amritsar,46.63,per kg,42.9,50.36,False,Derived (Composition Model - Copper-driven),Simulated historical trend (see SOURCES.md for base-value citations)
24-06-2026,Battery,Punjab,Amritsar,43.07,per kg,39.62,46.52,False,Derived (Composition Model - Lead-driven),Simulated historical trend (see SOURCES.md for base-value citations)
24-06-2026,CRT,Punjab,Amritsar,0.0,per kg,0.0,0.0,True,"Derived (Composition Model - Lead-driven, hazard-adjusted)",Simulated historical trend (see SOURCES.md for base-value citations)
24-06-2026,LCD,Punjab,Amritsar,20.02,per kg,18.42,21.62,False,Derived (Composition Model - Aluminium-driven),Simulated historical trend (see SOURCES.md for base-value citations)
24-06-2026,Copper,Punjab,Jalandhar,573.42,per kg,527.55,619.29,False,Derived (Formula from Metals.Dev API - MCX/LME-linked),Simulated historical trend (see SOURCES.md for base-value citations)
24-06-2026,Aluminium,Punjab,Jalandhar,135.72,per kg,124.86,146.58,False,Derived (Formula from Metals.Dev API - MCX/LME-linked),Simulated historical trend (see SOURCES.md for base-value citations)
24-06-2026,Iron,Punjab,Jalandhar,32.42,per kg,29.83,35.01,False,Derived (Formula from Metals.Dev API - MCX/LME-linked),Simulated historical trend (see SOURCES.md for base-value citations)
24-06-2026,Lead,Punjab,Jalandhar,99.05,per kg,91.13,106.97,False,Derived (Formula from Metals.Dev API - MCX/LME-linked),Simulated historical trend (see SOURCES.md for base-value citations)
24-06-2026,PCB,Punjab,Jalandhar,99.53,per kg,91.57,107.49,False,Derived (Composition Model - Copper-driven),Simulated historical trend (see SOURCES.md for base-value citations)
24-06-2026,Cable,Punjab,Jalandhar,241.14,per kg,221.85,260.43,False,Derived (Composition Model - Copper-driven),Simulated historical trend (see SOURCES.md for base-value citations)
24-06-2026,Motor,Punjab,Jalandhar,41.74,per kg,38.4,45.08,False,Derived (Composition Model - Copper-driven),Simulated historical trend (see SOURCES.md for base-value citations)
24-06-2026,Battery,Punjab,Jalandhar,39.44,per kg,36.28,42.6,False,Derived (Composition Model - Lead-driven),Simulated historical trend (see SOURCES.md for base-value citations)
24-06-2026,CRT,Punjab,Jalandhar,0.0,per kg,0.0,0.0,True,"Derived (Composition Model - Lead-driven, hazard-adjusted)",Simulated historical trend (see SOURCES.md for base-value citations)
24-06-2026,LCD,Punjab,Jalandhar,19.14,per kg,17.61,20.67,False,Derived (Composition Model - Aluminium-driven),Simulated historical trend (see SOURCES.md for base-value citations)
24-06-2026,Copper,Maharashtra,Mumbai,689.97,per kg,634.77,745.17,False,Derived (Formula from Metals.Dev API - MCX/LME-linked),Simulated historical trend (see SOURCES.md for base-value citations)
24-06-2026,Aluminium,Maharashtra,Mumbai,146.21,per kg,134.51,157.91,False,Derived (Formula from Metals.Dev API - MCX/LME-linked),Simulated historical trend (see SOURCES.md for base-value citations)
24-06-2026,Iron,Maharashtra,Mumbai,36.21,per kg,33.31,39.11,False,Derived (Formula from Metals.Dev API - MCX/LME-linked),Simulated historical trend (see SOURCES.md for base-value citations)
24-06-2026,Lead,Maharashtra,Mumbai,109.62,per kg,100.85,118.39,False,Derived (Formula from Metals.Dev API - MCX/LME-linked),Simulated historical trend (see SOURCES.md for base-value citations)
24-06-2026,PCB,Maharashtra,Mumbai,119.8,per kg,110.22,129.38,False,Derived (Composition Model - Copper-driven),Simulated historical trend (see SOURCES.md for base-value citations)
24-06-2026,Cable,Maharashtra,Mumbai,249.54,per kg,229.58,269.5,False,Derived (Composition Model - Copper-driven),Simulated historical trend (see SOURCES.md for base-value citations)
24-06-2026,Motor,Maharashtra,Mumbai,53.59,per kg,49.3,57.88,False,Derived (Composition Model - Copper-driven),Simulated historical trend (see SOURCES.md for base-value citations)
24-06-2026,Battery,Maharashtra,Mumbai,44.3,per kg,40.76,47.84,False,Derived (Composition Model - Lead-driven),Simulated historical trend (see SOURCES.md for base-value citations)
24-06-2026,CRT,Maharashtra,Mumbai,0.0,per kg,0.0,0.0,True,"Derived (Composition Model - Lead-driven, hazard-adjusted)",Simulated historical trend (see SOURCES.md for base-value citations)
24-06-2026,LCD,Maharashtra,Mumbai,19.42,per kg,17.87,20.97,False,Derived (Composition Model - Aluminium-driven),Simulated historical trend (see SOURCES.md for base-value citations)
24-06-2026,Copper,Maharashtra,Pune,705.28,per kg,648.86,761.7,False,Derived (Formula from Metals.Dev API - MCX/LME-linked),Simulated historical trend (see SOURCES.md for base-value citations)
24-06-2026,Aluminium,Maharashtra,Pune,158.49,per kg,145.81,171.17,False,Derived (Formula from Metals.Dev API - MCX/LME-linked),Simulated historical trend (see SOURCES.md for base-value citations)
24-06-2026,Iron,Maharashtra,Pune,36.88,per kg,33.93,39.83,False,Derived (Formula from Metals.Dev API - MCX/LME-linked),Simulated historical trend (see SOURCES.md for base-value citations)
24-06-2026,Lead,Maharashtra,Pune,93.14,per kg,85.69,100.59,False,Derived (Formula from Metals.Dev API - MCX/LME-linked),Simulated historical trend (see SOURCES.md for base-value citations)
24-06-2026,PCB,Maharashtra,Pune,120.95,per kg,111.27,130.63,False,Derived (Composition Model - Copper-driven),Simulated historical trend (see SOURCES.md for base-value citations)
24-06-2026,Cable,Maharashtra,Pune,227.84,per kg,209.61,246.07,False,Derived (Composition Model - Copper-driven),Simulated historical trend (see SOURCES.md for base-value citations)
24-06-2026,Motor,Maharashtra,Pune,43.89,per kg,40.38,47.4,False,Derived (Composition Model - Copper-driven),Simulated historical trend (see SOURCES.md for base-value citations)
24-06-2026,Battery,Maharashtra,Pune,39.13,per kg,36.0,42.26,False,Derived (Composition Model - Lead-driven),Simulated historical trend (see SOURCES.md for base-value citations)
24-06-2026,CRT,Maharashtra,Pune,0.0,per kg,0.0,0.0,True,"Derived (Composition Model - Lead-driven, hazard-adjusted)",Simulated historical trend (see SOURCES.md for base-value citations)
24-06-2026,LCD,Maharashtra,Pune,22.73,per kg,20.91,24.55,False,Derived (Composition Model - Aluminium-driven),Simulated historical trend (see SOURCES.md for base-value citations)
23-06-2026,Copper,Punjab,Ludhiana,607.49,per kg,558.89,656.09,False,Derived (Formula from Metals.Dev API - MCX/LME-linked),Simulated historical trend (see SOURCES.md for base-value citations)
23-06-2026,Aluminium,Punjab,Ludhiana,134.34,per kg,123.59,145.09,False,Derived (Formula from Metals.Dev API - MCX/LME-linked),Simulated historical trend (see SOURCES.md for base-value citations)
23-06-2026,Iron,Punjab,Ludhiana,35.76,per kg,32.9,38.62,False,Derived (Formula from Metals.Dev API - MCX/LME-linked),Simulated historical trend (see SOURCES.md for base-value citations)
23-06-2026,Lead,Punjab,Ludhiana,100.5,per kg,92.46,108.54,False,Derived (Formula from Metals.Dev API - MCX/LME-linked),Simulated historical trend (see SOURCES.md for base-value citations)
23-06-2026,PCB,Punjab,Ludhiana,102.97,per kg,94.73,111.21,False,Derived (Composition Model - Copper-driven),Simulated historical trend (see SOURCES.md for base-value citations)
23-06-2026,Cable,Punjab,Ludhiana,231.48,per kg,212.96,250.0,False,Derived (Composition Model - Copper-driven),Simulated historical trend (see SOURCES.md for base-value citations)
23-06-2026,Motor,Punjab,Ludhiana,44.01,per kg,40.49,47.53,False,Derived (Composition Model - Copper-driven),Simulated historical trend (see SOURCES.md for base-value citations)
23-06-2026,Battery,Punjab,Ludhiana,43.86,per kg,40.35,47.37,False,Derived (Composition Model - Lead-driven),Simulated historical trend (see SOURCES.md for base-value citations)
23-06-2026,CRT,Punjab,Ludhiana,0.0,per kg,0.0,0.0,True,"Derived (Composition Model - Lead-driven, hazard-adjusted)",Simulated historical trend (see SOURCES.md for base-value citations)
23-06-2026,LCD,Punjab,Ludhiana,18.7,per kg,17.2,20.2,False,Derived (Composition Model - Aluminium-driven),Simulated historical trend (see SOURCES.md for base-value citations)
23-06-2026,Copper,Punjab,Amritsar,626.36,per kg,576.25,676.47,False,Derived (Formula from Metals.Dev API - MCX/LME-linked),Simulated historical trend (see SOURCES.md for base-value citations)
23-06-2026,Aluminium,Punjab,Amritsar,139.46,per kg,128.3,150.62,False,Derived (Formula from Metals.Dev API - MCX/LME-linked),Simulated historical trend (see SOURCES.md for base-value citations)
23-06-2026,Iron,Punjab,Amritsar,39.24,per kg,36.1,42.38,False,Derived (Formula from Metals.Dev API - MCX/LME-linked),Simulated historical trend (see SOURCES.md for base-value citations)
23-06-2026,Lead,Punjab,Amritsar,95.35,per kg,87.72,102.98,False,Derived (Formula from Metals.Dev API - MCX/LME-linked),Simulated historical trend (see SOURCES.md for base-value citations)
23-06-2026,PCB,Punjab,Amritsar,118.4,per kg,108.93,127.87,False,Derived (Composition Model - Copper-driven),Simulated historical trend (see SOURCES.md for base-value citations)
23-06-2026,Cable,Punjab,Amritsar,236.28,per kg,217.38,255.18,False,Derived (Composition Model - Copper-driven),Simulated historical trend (see SOURCES.md for base-value citations)
23-06-2026,Motor,Punjab,Amritsar,50.83,per kg,46.76,54.9,False,Derived (Composition Model - Copper-driven),Simulated historical trend (see SOURCES.md for base-value citations)
23-06-2026,Battery,Punjab,Amritsar,46.67,per kg,42.94,50.4,False,Derived (Composition Model - Lead-driven),Simulated historical trend (see SOURCES.md for base-value citations)
23-06-2026,CRT,Punjab,Amritsar,0.0,per kg,0.0,0.0,True,"Derived (Composition Model - Lead-driven, hazard-adjusted)",Simulated historical trend (see SOURCES.md for base-value citations)
23-06-2026,LCD,Punjab,Amritsar,22.26,per kg,20.48,24.04,False,Derived (Composition Model - Aluminium-driven),Simulated historical trend (see SOURCES.md for base-value citations)
23-06-2026,Copper,Punjab,Jalandhar,638.46,per kg,587.38,689.54,False,Derived (Formula from Metals.Dev API - MCX/LME-linked),Simulated historical trend (see SOURCES.md for base-value citations)
23-06-2026,Aluminium,Punjab,Jalandhar,132.43,per kg,121.84,143.02,False,Derived (Formula from Metals.Dev API - MCX/LME-linked),Simulated historical trend (see SOURCES.md for base-value citations)
23-06-2026,Iron,Punjab,Jalandhar,32.98,per kg,30.34,35.62,False,Derived (Formula from Metals.Dev API - MCX/LME-linked),Simulated historical trend (see SOURCES.md for base-value citations)
23-06-2026,Lead,Punjab,Jalandhar,97.41,per kg,89.62,105.2,False,Derived (Formula from Metals.Dev API - MCX/LME-linked),Simulated historical trend (see SOURCES.md for base-value citations)
23-06-2026,PCB,Punjab,Jalandhar,110.46,per kg,101.62,119.3,False,Derived (Composition Model - Copper-driven),Simulated historical trend (see SOURCES.md for base-value citations)
23-06-2026,Cable,Punjab,Jalandhar,233.69,per kg,214.99,252.39,False,Derived (Composition Model - Copper-driven),Simulated historical trend (see SOURCES.md for base-value citations)
23-06-2026,Motor,Punjab,Jalandhar,41.19,per kg,37.89,44.49,False,Derived (Composition Model - Copper-driven),Simulated historical trend (see SOURCES.md for base-value citations)
23-06-2026,Battery,Punjab,Jalandhar,37.27,per kg,34.29,40.25,False,Derived (Composition Model - Lead-driven),Simulated historical trend (see SOURCES.md for base-value citations)
23-06-2026,CRT,Punjab,Jalandhar,0.0,per kg,0.0,0.0,True,"Derived (Composition Model - Lead-driven, hazard-adjusted)",Simulated historical trend (see SOURCES.md for base-value citations)
23-06-2026,LCD,Punjab,Jalandhar,18.22,per kg,16.76,19.68,False,Derived (Composition Model - Aluminium-driven),Simulated historical trend (see SOURCES.md for base-value citations)
23-06-2026,Copper,Maharashtra,Mumbai,669.95,per kg,616.35,723.55,False,Derived (Formula from Metals.Dev API - MCX/LME-linked),Simulated historical trend (see SOURCES.md for base-value citations)
23-06-2026,Aluminium,Maharashtra,Mumbai,149.61,per kg,137.64,161.58,False,Derived (Formula from Metals.Dev API - MCX/LME-linked),Simulated historical trend (see SOURCES.md for base-value citations)
23-06-2026,Iron,Maharashtra,Mumbai,34.97,per kg,32.17,37.77,False,Derived (Formula from Metals.Dev API - MCX/LME-linked),Simulated historical trend (see SOURCES.md for base-value citations)
23-06-2026,Lead,Maharashtra,Mumbai,96.5,per kg,88.78,104.22,False,Derived (Formula from Metals.Dev API - MCX/LME-linked),Simulated historical trend (see SOURCES.md for base-value citations)
23-06-2026,PCB,Maharashtra,Mumbai,121.95,per kg,112.19,131.71,False,Derived (Composition Model - Copper-driven),Simulated historical trend (see SOURCES.md for base-value citations)
23-06-2026,Cable,Maharashtra,Mumbai,243.59,per kg,224.1,263.08,False,Derived (Composition Model - Copper-driven),Simulated historical trend (see SOURCES.md for base-value citations)
23-06-2026,Motor,Maharashtra,Mumbai,54.59,per kg,50.22,58.96,False,Derived (Composition Model - Copper-driven),Simulated historical trend (see SOURCES.md for base-value citations)
23-06-2026,Battery,Maharashtra,Mumbai,47.69,per kg,43.87,51.51,False,Derived (Composition Model - Lead-driven),Simulated historical trend (see SOURCES.md for base-value citations)
23-06-2026,CRT,Maharashtra,Mumbai,0.0,per kg,0.0,0.0,True,"Derived (Composition Model - Lead-driven, hazard-adjusted)",Simulated historical trend (see SOURCES.md for base-value citations)
23-06-2026,LCD,Maharashtra,Mumbai,22.9,per kg,21.07,24.73,False,Derived (Composition Model - Aluminium-driven),Simulated historical trend (see SOURCES.md for base-value citations)
23-06-2026,Copper,Maharashtra,Pune,637.38,per kg,586.39,688.37,False,Derived (Formula from Metals.Dev API - MCX/LME-linked),Simulated historical trend (see SOURCES.md for base-value citations)
23-06-2026,Aluminium,Maharashtra,Pune,142.76,per kg,131.34,154.18,False,Derived (Formula from Metals.Dev API - MCX/LME-linked),Simulated historical trend (see SOURCES.md for base-value citations)
23-06-2026,Iron,Maharashtra,Pune,34.67,per kg,31.9,37.44,False,Derived (Formula from Metals.Dev API - MCX/LME-linked),Simulated historical trend (see SOURCES.md for base-value citations)
23-06-2026,Lead,Maharashtra,Pune,101.77,per kg,93.63,109.91,False,Derived (Formula from Metals.Dev API - MCX/LME-linked),Simulated historical trend (see SOURCES.md for base-value citations)
23-06-2026,PCB,Maharashtra,Pune,114.07,per kg,104.94,123.2,False,Derived (Composition Model - Copper-driven),Simulated historical trend (see SOURCES.md for base-value citations)
23-06-2026,Cable,Maharashtra,Pune,264.6,per kg,243.43,285.77,False,Derived (Composition Model - Copper-driven),Simulated historical trend (see SOURCES.md for base-value citations)
23-06-2026,Motor,Maharashtra,Pune,45.11,per kg,41.5,48.72,False,Derived (Composition Model - Copper-driven),Simulated historical trend (see SOURCES.md for base-value citations)
23-06-2026,Battery,Maharashtra,Pune,44.86,per kg,41.27,48.45,False,Derived (Composition Model - Lead-driven),Simulated historical trend (see SOURCES.md for base-value citations)
23-06-2026,CRT,Maharashtra,Pune,0.0,per kg,0.0,0.0,True,"Derived (Composition Model - Lead-driven, hazard-adjusted)",Simulated historical trend (see SOURCES.md for base-value citations)
23-06-2026,LCD,Maharashtra,Pune,18.88,per kg,17.37,20.39,False,Derived (Composition Model - Aluminium-driven),Simulated historical trend (see SOURCES.md for base-value citations)
22-06-2026,Copper,Punjab,Ludhiana,669.71,per kg,616.13,723.29,False,Derived (Formula from Metals.Dev API - MCX/LME-linked),Simulated historical trend (see SOURCES.md for base-value citations)
22-06-2026,Aluminium,Punjab,Ludhiana,155.55,per kg,143.11,167.99,False,Derived (Formula from Metals.Dev API - MCX/LME-linked),Simulated historical trend (see SOURCES.md for base-value citations)
22-06-2026,Iron,Punjab,Ludhiana,33.54,per kg,30.86,36.22,False,Derived (Formula from Metals.Dev API - MCX/LME-linked),Simulated historical trend (see SOURCES.md for base-value citations)
22-06-2026,Lead,Punjab,Ludhiana,97.71,per kg,89.89,105.53,False,Derived (Formula from Metals.Dev API - MCX/LME-linked),Simulated historical trend (see SOURCES.md for base-value citations)
22-06-2026,PCB,Punjab,Ludhiana,110.79,per kg,101.93,119.65,False,Derived (Composition Model - Copper-driven),Simulated historical trend (see SOURCES.md for base-value citations)
22-06-2026,Cable,Punjab,Ludhiana,260.51,per kg,239.67,281.35,False,Derived (Composition Model - Copper-driven),Simulated historical trend (see SOURCES.md for base-value citations)
22-06-2026,Motor,Punjab,Ludhiana,51.73,per kg,47.59,55.87,False,Derived (Composition Model - Copper-driven),Simulated historical trend (see SOURCES.md for base-value citations)
22-06-2026,Battery,Punjab,Ludhiana,44.16,per kg,40.63,47.69,False,Derived (Composition Model - Lead-driven),Simulated historical trend (see SOURCES.md for base-value citations)
22-06-2026,CRT,Punjab,Ludhiana,0.0,per kg,0.0,0.0,True,"Derived (Composition Model - Lead-driven, hazard-adjusted)",Simulated historical trend (see SOURCES.md for base-value citations)
22-06-2026,LCD,Punjab,Ludhiana,22.04,per kg,20.28,23.8,False,Derived (Composition Model - Aluminium-driven),Simulated historical trend (see SOURCES.md for base-value citations)
22-06-2026,Copper,Punjab,Amritsar,650.23,per kg,598.21,702.25,False,Derived (Formula from Metals.Dev API - MCX/LME-linked),Simulated historical trend (see SOURCES.md for base-value citations)
22-06-2026,Aluminium,Punjab,Amritsar,147.92,per kg,136.09,159.75,False,Derived (Formula from Metals.Dev API - MCX/LME-linked),Simulated historical trend (see SOURCES.md for base-value citations)
22-06-2026,Iron,Punjab,Amritsar,36.7,per kg,33.76,39.64,False,Derived (Formula from Metals.Dev API - MCX/LME-linked),Simulated historical trend (see SOURCES.md for base-value citations)
22-06-2026,Lead,Punjab,Amritsar,91.85,per kg,84.5,99.2,False,Derived (Formula from Metals.Dev API - MCX/LME-linked),Simulated historical trend (see SOURCES.md for base-value citations)
22-06-2026,PCB,Punjab,Amritsar,110.48,per kg,101.64,119.32,False,Derived (Composition Model - Copper-driven),Simulated historical trend (see SOURCES.md for base-value citations)
22-06-2026,Cable,Punjab,Amritsar,263.03,per kg,241.99,284.07,False,Derived (Composition Model - Copper-driven),Simulated historical trend (see SOURCES.md for base-value citations)
22-06-2026,Motor,Punjab,Amritsar,52.94,per kg,48.7,57.18,False,Derived (Composition Model - Copper-driven),Simulated historical trend (see SOURCES.md for base-value citations)
22-06-2026,Battery,Punjab,Amritsar,45.4,per kg,41.77,49.03,False,Derived (Composition Model - Lead-driven),Simulated historical trend (see SOURCES.md for base-value citations)
22-06-2026,CRT,Punjab,Amritsar,0.0,per kg,0.0,0.0,True,"Derived (Composition Model - Lead-driven, hazard-adjusted)",Simulated historical trend (see SOURCES.md for base-value citations)
22-06-2026,LCD,Punjab,Amritsar,22.22,per kg,20.44,24.0,False,Derived (Composition Model - Aluminium-driven),Simulated historical trend (see SOURCES.md for base-value citations)
22-06-2026,Copper,Punjab,Jalandhar,571.03,per kg,525.35,616.71,False,Derived (Formula from Metals.Dev API - MCX/LME-linked),Simulated historical trend (see SOURCES.md for base-value citations)
22-06-2026,Aluminium,Punjab,Jalandhar,139.69,per kg,128.51,150.87,False,Derived (Formula from Metals.Dev API - MCX/LME-linked),Simulated historical trend (see SOURCES.md for base-value citations)
22-06-2026,Iron,Punjab,Jalandhar,31.71,per kg,29.17,34.25,False,Derived (Formula from Metals.Dev API - MCX/LME-linked),Simulated historical trend (see SOURCES.md for base-value citations)
22-06-2026,Lead,Punjab,Jalandhar,95.53,per kg,87.89,103.17,False,Derived (Formula from Metals.Dev API - MCX/LME-linked),Simulated historical trend (see SOURCES.md for base-value citations)
22-06-2026,PCB,Punjab,Jalandhar,109.24,per kg,100.5,117.98,False,Derived (Composition Model - Copper-driven),Simulated historical trend (see SOURCES.md for base-value citations)
22-06-2026,Cable,Punjab,Jalandhar,226.73,per kg,208.59,244.87,False,Derived (Composition Model - Copper-driven),Simulated historical trend (see SOURCES.md for base-value citations)
22-06-2026,Motor,Punjab,Jalandhar,42.57,per kg,39.16,45.98,False,Derived (Composition Model - Copper-driven),Simulated historical trend (see SOURCES.md for base-value citations)
22-06-2026,Battery,Punjab,Jalandhar,38.7,per kg,35.6,41.8,False,Derived (Composition Model - Lead-driven),Simulated historical trend (see SOURCES.md for base-value citations)
22-06-2026,CRT,Punjab,Jalandhar,0.0,per kg,0.0,0.0,True,"Derived (Composition Model - Lead-driven, hazard-adjusted)",Simulated historical trend (see SOURCES.md for base-value citations)
22-06-2026,LCD,Punjab,Jalandhar,18.0,per kg,16.56,19.44,False,Derived (Composition Model - Aluminium-driven),Simulated historical trend (see SOURCES.md for base-value citations)
22-06-2026,Copper,Maharashtra,Mumbai,619.88,per kg,570.29,669.47,False,Derived (Formula from Metals.Dev API - MCX/LME-linked),Simulated historical trend (see SOURCES.md for base-value citations)
22-06-2026,Aluminium,Maharashtra,Mumbai,152.19,per kg,140.01,164.37,False,Derived (Formula from Metals.Dev API - MCX/LME-linked),Simulated historical trend (see SOURCES.md for base-value citations)
22-06-2026,Iron,Maharashtra,Mumbai,37.45,per kg,34.45,40.45,False,Derived (Formula from Metals.Dev API - MCX/LME-linked),Simulated historical trend (see SOURCES.md for base-value citations)
22-06-2026,Lead,Maharashtra,Mumbai,113.28,per kg,104.22,122.34,False,Derived (Formula from Metals.Dev API - MCX/LME-linked),Simulated historical trend (see SOURCES.md for base-value citations)
22-06-2026,PCB,Maharashtra,Mumbai,120.97,per kg,111.29,130.65,False,Derived (Composition Model - Copper-driven),Simulated historical trend (see SOURCES.md for base-value citations)
22-06-2026,Cable,Maharashtra,Mumbai,246.35,per kg,226.64,266.06,False,Derived (Composition Model - Copper-driven),Simulated historical trend (see SOURCES.md for base-value citations)
22-06-2026,Motor,Maharashtra,Mumbai,46.64,per kg,42.91,50.37,False,Derived (Composition Model - Copper-driven),Simulated historical trend (see SOURCES.md for base-value citations)
22-06-2026,Battery,Maharashtra,Mumbai,47.18,per kg,43.41,50.95,False,Derived (Composition Model - Lead-driven),Simulated historical trend (see SOURCES.md for base-value citations)
22-06-2026,CRT,Maharashtra,Mumbai,0.0,per kg,0.0,0.0,True,"Derived (Composition Model - Lead-driven, hazard-adjusted)",Simulated historical trend (see SOURCES.md for base-value citations)
22-06-2026,LCD,Maharashtra,Mumbai,23.17,per kg,21.32,25.02,False,Derived (Composition Model - Aluminium-driven),Simulated historical trend (see SOURCES.md for base-value citations)
22-06-2026,Copper,Maharashtra,Pune,652.07,per kg,599.9,704.24,False,Derived (Formula from Metals.Dev API - MCX/LME-linked),Simulated historical trend (see SOURCES.md for base-value citations)
22-06-2026,Aluminium,Maharashtra,Pune,151.8,per kg,139.66,163.94,False,Derived (Formula from Metals.Dev API - MCX/LME-linked),Simulated historical trend (see SOURCES.md for base-value citations)
22-06-2026,Iron,Maharashtra,Pune,38.91,per kg,35.8,42.02,False,Derived (Formula from Metals.Dev API - MCX/LME-linked),Simulated historical trend (see SOURCES.md for base-value citations)
22-06-2026,Lead,Maharashtra,Pune,105.58,per kg,97.13,114.03,False,Derived (Formula from Metals.Dev API - MCX/LME-linked),Simulated historical trend (see SOURCES.md for base-value citations)
22-06-2026,PCB,Maharashtra,Pune,111.48,per kg,102.56,120.4,False,Derived (Composition Model - Copper-driven),Simulated historical trend (see SOURCES.md for base-value citations)
22-06-2026,Cable,Maharashtra,Pune,264.91,per kg,243.72,286.1,False,Derived (Composition Model - Copper-driven),Simulated historical trend (see SOURCES.md for base-value citations)
22-06-2026,Motor,Maharashtra,Pune,53.06,per kg,48.82,57.3,False,Derived (Composition Model - Copper-driven),Simulated historical trend (see SOURCES.md for base-value citations)
22-06-2026,Battery,Maharashtra,Pune,39.49,per kg,36.33,42.65,False,Derived (Composition Model - Lead-driven),Simulated historical trend (see SOURCES.md for base-value citations)
22-06-2026,CRT,Maharashtra,Pune,0.0,per kg,0.0,0.0,True,"Derived (Composition Model - Lead-driven, hazard-adjusted)",Simulated historical trend (see SOURCES.md for base-value citations)
22-06-2026,LCD,Maharashtra,Pune,21.51,per kg,19.79,23.23,False,Derived (Composition Model - Aluminium-driven),Simulated historical trend (see SOURCES.md for base-value citations)
21-06-2026,Copper,Punjab,Ludhiana,627.91,per kg,577.68,678.14,False,Derived (Formula from Metals.Dev API - MCX/LME-linked),Simulated historical trend (see SOURCES.md for base-value citations)
21-06-2026,Aluminium,Punjab,Ludhiana,139.73,per kg,128.55,150.91,False,Derived (Formula from Metals.Dev API - MCX/LME-linked),Simulated historical trend (see SOURCES.md for base-value citations)
21-06-2026,Iron,Punjab,Ludhiana,32.86,per kg,30.23,35.49,False,Derived (Formula from Metals.Dev API - MCX/LME-linked),Simulated historical trend (see SOURCES.md for base-value citations)
21-06-2026,Lead,Punjab,Ludhiana,94.36,per kg,86.81,101.91,False,Derived (Formula from Metals.Dev API - MCX/LME-linked),Simulated historical trend (see SOURCES.md for base-value citations)
21-06-2026,PCB,Punjab,Ludhiana,105.7,per kg,97.24,114.16,False,Derived (Composition Model - Copper-driven),Simulated historical trend (see SOURCES.md for base-value citations)
21-06-2026,Cable,Punjab,Ludhiana,237.71,per kg,218.69,256.73,False,Derived (Composition Model - Copper-driven),Simulated historical trend (see SOURCES.md for base-value citations)
21-06-2026,Motor,Punjab,Ludhiana,48.66,per kg,44.77,52.55,False,Derived (Composition Model - Copper-driven),Simulated historical trend (see SOURCES.md for base-value citations)
21-06-2026,Battery,Punjab,Ludhiana,45.66,per kg,42.01,49.31,False,Derived (Composition Model - Lead-driven),Simulated historical trend (see SOURCES.md for base-value citations)
21-06-2026,CRT,Punjab,Ludhiana,0.0,per kg,0.0,0.0,True,"Derived (Composition Model - Lead-driven, hazard-adjusted)",Simulated historical trend (see SOURCES.md for base-value citations)
21-06-2026,LCD,Punjab,Ludhiana,22.04,per kg,20.28,23.8,False,Derived (Composition Model - Aluminium-driven),Simulated historical trend (see SOURCES.md for base-value citations)
21-06-2026,Copper,Punjab,Amritsar,654.56,per kg,602.2,706.92,False,Derived (Formula from Metals.Dev API - MCX/LME-linked),Simulated historical trend (see SOURCES.md for base-value citations)
21-06-2026,Aluminium,Punjab,Amritsar,163.19,per kg,150.13,176.25,False,Derived (Formula from Metals.Dev API - MCX/LME-linked),Simulated historical trend (see SOURCES.md for base-value citations)
21-06-2026,Iron,Punjab,Amritsar,37.7,per kg,34.68,40.72,False,Derived (Formula from Metals.Dev API - MCX/LME-linked),Simulated historical trend (see SOURCES.md for base-value citations)
21-06-2026,Lead,Punjab,Amritsar,98.29,per kg,90.43,106.15,False,Derived (Formula from Metals.Dev API - MCX/LME-linked),Simulated historical trend (see SOURCES.md for base-value citations)
21-06-2026,PCB,Punjab,Amritsar,106.29,per kg,97.79,114.79,False,Derived (Composition Model - Copper-driven),Simulated historical trend (see SOURCES.md for base-value citations)
21-06-2026,Cable,Punjab,Amritsar,228.93,per kg,210.62,247.24,False,Derived (Composition Model - Copper-driven),Simulated historical trend (see SOURCES.md for base-value citations)
21-06-2026,Motor,Punjab,Amritsar,45.1,per kg,41.49,48.71,False,Derived (Composition Model - Copper-driven),Simulated historical trend (see SOURCES.md for base-value citations)
21-06-2026,Battery,Punjab,Amritsar,40.15,per kg,36.94,43.36,False,Derived (Composition Model - Lead-driven),Simulated historical trend (see SOURCES.md for base-value citations)
21-06-2026,CRT,Punjab,Amritsar,0.0,per kg,0.0,0.0,True,"Derived (Composition Model - Lead-driven, hazard-adjusted)",Simulated historical trend (see SOURCES.md for base-value citations)
21-06-2026,LCD,Punjab,Amritsar,21.05,per kg,19.37,22.73,False,Derived (Composition Model - Aluminium-driven),Simulated historical trend (see SOURCES.md for base-value citations)
21-06-2026,Copper,Punjab,Jalandhar,625.24,per kg,575.22,675.26,False,Derived (Formula from Metals.Dev API - MCX/LME-linked),Simulated historical trend (see SOURCES.md for base-value citations)
21-06-2026,Aluminium,Punjab,Jalandhar,135.73,per kg,124.87,146.59,False,Derived (Formula from Metals.Dev API - MCX/LME-linked),Simulated historical trend (see SOURCES.md for base-value citations)
21-06-2026,Iron,Punjab,Jalandhar,35.77,per kg,32.91,38.63,False,Derived (Formula from Metals.Dev API - MCX/LME-linked),Simulated historical trend (see SOURCES.md for base-value citations)
21-06-2026,Lead,Punjab,Jalandhar,101.33,per kg,93.22,109.44,False,Derived (Formula from Metals.Dev API - MCX/LME-linked),Simulated historical trend (see SOURCES.md for base-value citations)
21-06-2026,PCB,Punjab,Jalandhar,97.18,per kg,89.41,104.95,False,Derived (Composition Model - Copper-driven),Simulated historical trend (see SOURCES.md for base-value citations)
21-06-2026,Cable,Punjab,Jalandhar,234.6,per kg,215.83,253.37,False,Derived (Composition Model - Copper-driven),Simulated historical trend (see SOURCES.md for base-value citations)
21-06-2026,Motor,Punjab,Jalandhar,47.22,per kg,43.44,51.0,False,Derived (Composition Model - Copper-driven),Simulated historical trend (see SOURCES.md for base-value citations)
21-06-2026,Battery,Punjab,Jalandhar,37.31,per kg,34.33,40.29,False,Derived (Composition Model - Lead-driven),Simulated historical trend (see SOURCES.md for base-value citations)
21-06-2026,CRT,Punjab,Jalandhar,0.0,per kg,0.0,0.0,True,"Derived (Composition Model - Lead-driven, hazard-adjusted)",Simulated historical trend (see SOURCES.md for base-value citations)
21-06-2026,LCD,Punjab,Jalandhar,19.27,per kg,17.73,20.81,False,Derived (Composition Model - Aluminium-driven),Simulated historical trend (see SOURCES.md for base-value citations)
21-06-2026,Copper,Maharashtra,Mumbai,714.75,per kg,657.57,771.93,False,Derived (Formula from Metals.Dev API - MCX/LME-linked),Simulated historical trend (see SOURCES.md for base-value citations)
21-06-2026,Aluminium,Maharashtra,Mumbai,155.73,per kg,143.27,168.19,False,Derived (Formula from Metals.Dev API - MCX/LME-linked),Simulated historical trend (see SOURCES.md for base-value citations)
21-06-2026,Iron,Maharashtra,Mumbai,36.03,per kg,33.15,38.91,False,Derived (Formula from Metals.Dev API - MCX/LME-linked),Simulated historical trend (see SOURCES.md for base-value citations)
21-06-2026,Lead,Maharashtra,Mumbai,109.08,per kg,100.35,117.81,False,Derived (Formula from Metals.Dev API - MCX/LME-linked),Simulated historical trend (see SOURCES.md for base-value citations)
21-06-2026,PCB,Maharashtra,Mumbai,115.67,per kg,106.42,124.92,False,Derived (Composition Model - Copper-driven),Simulated historical trend (see SOURCES.md for base-value citations)
21-06-2026,Cable,Maharashtra,Mumbai,251.65,per kg,231.52,271.78,False,Derived (Composition Model - Copper-driven),Simulated historical trend (see SOURCES.md for base-value citations)
21-06-2026,Motor,Maharashtra,Mumbai,52.17,per kg,48.0,56.34,False,Derived (Composition Model - Copper-driven),Simulated historical trend (see SOURCES.md for base-value citations)
21-06-2026,Battery,Maharashtra,Mumbai,47.69,per kg,43.87,51.51,False,Derived (Composition Model - Lead-driven),Simulated historical trend (see SOURCES.md for base-value citations)
21-06-2026,CRT,Maharashtra,Mumbai,0.0,per kg,0.0,0.0,True,"Derived (Composition Model - Lead-driven, hazard-adjusted)",Simulated historical trend (see SOURCES.md for base-value citations)
21-06-2026,LCD,Maharashtra,Mumbai,23.19,per kg,21.33,25.05,False,Derived (Composition Model - Aluminium-driven),Simulated historical trend (see SOURCES.md for base-value citations)
21-06-2026,Copper,Maharashtra,Pune,598.93,per kg,551.02,646.84,False,Derived (Formula from Metals.Dev API - MCX/LME-linked),Simulated historical trend (see SOURCES.md for base-value citations)
21-06-2026,Aluminium,Maharashtra,Pune,148.39,per kg,136.52,160.26,False,Derived (Formula from Metals.Dev API - MCX/LME-linked),Simulated historical trend (see SOURCES.md for base-value citations)
21-06-2026,Iron,Maharashtra,Pune,35.2,per kg,32.38,38.02,False,Derived (Formula from Metals.Dev API - MCX/LME-linked),Simulated historical trend (see SOURCES.md for base-value citations)
21-06-2026,Lead,Maharashtra,Pune,93.85,per kg,86.34,101.36,False,Derived (Formula from Metals.Dev API - MCX/LME-linked),Simulated historical trend (see SOURCES.md for base-value citations)
21-06-2026,PCB,Maharashtra,Pune,122.43,per kg,112.64,132.22,False,Derived (Composition Model - Copper-driven),Simulated historical trend (see SOURCES.md for base-value citations)
21-06-2026,Cable,Maharashtra,Pune,235.57,per kg,216.72,254.42,False,Derived (Composition Model - Copper-driven),Simulated historical trend (see SOURCES.md for base-value citations)
21-06-2026,Motor,Maharashtra,Pune,52.45,per kg,48.25,56.65,False,Derived (Composition Model - Copper-driven),Simulated historical trend (see SOURCES.md for base-value citations)
21-06-2026,Battery,Maharashtra,Pune,40.52,per kg,37.28,43.76,False,Derived (Composition Model - Lead-driven),Simulated historical trend (see SOURCES.md for base-value citations)
21-06-2026,CRT,Maharashtra,Pune,0.0,per kg,0.0,0.0,True,"Derived (Composition Model - Lead-driven, hazard-adjusted)",Simulated historical trend (see SOURCES.md for base-value citations)
21-06-2026,LCD,Maharashtra,Pune,22.27,per kg,20.49,24.05,False,Derived (Composition Model - Aluminium-driven),Simulated historical trend (see SOURCES.md for base-value citations)
20-06-2026,Copper,Punjab,Ludhiana,666.64,per kg,613.31,719.97,False,Derived (Formula from Metals.Dev API - MCX/LME-linked),Simulated historical trend (see SOURCES.md for base-value citations)
20-06-2026,Aluminium,Punjab,Ludhiana,142.74,per kg,131.32,154.16,False,Derived (Formula from Metals.Dev API - MCX/LME-linked),Simulated historical trend (see SOURCES.md for base-value citations)
20-06-2026,Iron,Punjab,Ludhiana,32.81,per kg,30.19,35.43,False,Derived (Formula from Metals.Dev API - MCX/LME-linked),Simulated historical trend (see SOURCES.md for base-value citations)
20-06-2026,Lead,Punjab,Ludhiana,98.02,per kg,90.18,105.86,False,Derived (Formula from Metals.Dev API - MCX/LME-linked),Simulated historical trend (see SOURCES.md for base-value citations)
20-06-2026,PCB,Punjab,Ludhiana,105.39,per kg,96.96,113.82,False,Derived (Composition Model - Copper-driven),Simulated historical trend (see SOURCES.md for base-value citations)
20-06-2026,Cable,Punjab,Ludhiana,249.59,per kg,229.62,269.56,False,Derived (Composition Model - Copper-driven),Simulated historical trend (see SOURCES.md for base-value citations)
20-06-2026,Motor,Punjab,Ludhiana,47.71,per kg,43.89,51.53,False,Derived (Composition Model - Copper-driven),Simulated historical trend (see SOURCES.md for base-value citations)
20-06-2026,Battery,Punjab,Ludhiana,44.72,per kg,41.14,48.3,False,Derived (Composition Model - Lead-driven),Simulated historical trend (see SOURCES.md for base-value citations)
20-06-2026,CRT,Punjab,Ludhiana,0.0,per kg,0.0,0.0,True,"Derived (Composition Model - Lead-driven, hazard-adjusted)",Simulated historical trend (see SOURCES.md for base-value citations)
20-06-2026,LCD,Punjab,Ludhiana,21.04,per kg,19.36,22.72,False,Derived (Composition Model - Aluminium-driven),Simulated historical trend (see SOURCES.md for base-value citations)
20-06-2026,Copper,Punjab,Amritsar,686.87,per kg,631.92,741.82,False,Derived (Formula from Metals.Dev API - MCX/LME-linked),Simulated historical trend (see SOURCES.md for base-value citations)
20-06-2026,Aluminium,Punjab,Amritsar,138.93,per kg,127.82,150.04,False,Derived (Formula from Metals.Dev API - MCX/LME-linked),Simulated historical trend (see SOURCES.md for base-value citations)
20-06-2026,Iron,Punjab,Amritsar,37.73,per kg,34.71,40.75,False,Derived (Formula from Metals.Dev API - MCX/LME-linked),Simulated historical trend (see SOURCES.md for base-value citations)
20-06-2026,Lead,Punjab,Amritsar,94.62,per kg,87.05,102.19,False,Derived (Formula from Metals.Dev API - MCX/LME-linked),Simulated historical trend (see SOURCES.md for base-value citations)
20-06-2026,PCB,Punjab,Amritsar,111.34,per kg,102.43,120.25,False,Derived (Composition Model - Copper-driven),Simulated historical trend (see SOURCES.md for base-value citations)
20-06-2026,Cable,Punjab,Amritsar,237.46,per kg,218.46,256.46,False,Derived (Composition Model - Copper-driven),Simulated historical trend (see SOURCES.md for base-value citations)
20-06-2026,Motor,Punjab,Amritsar,48.28,per kg,44.42,52.14,False,Derived (Composition Model - Copper-driven),Simulated historical trend (see SOURCES.md for base-value citations)
20-06-2026,Battery,Punjab,Amritsar,40.23,per kg,37.01,43.45,False,Derived (Composition Model - Lead-driven),Simulated historical trend (see SOURCES.md for base-value citations)
20-06-2026,CRT,Punjab,Amritsar,0.0,per kg,0.0,0.0,True,"Derived (Composition Model - Lead-driven, hazard-adjusted)",Simulated historical trend (see SOURCES.md for base-value citations)
20-06-2026,LCD,Punjab,Amritsar,19.76,per kg,18.18,21.34,False,Derived (Composition Model - Aluminium-driven),Simulated historical trend (see SOURCES.md for base-value citations)
20-06-2026,Copper,Punjab,Jalandhar,627.39,per kg,577.2,677.58,False,Derived (Formula from Metals.Dev API - MCX/LME-linked),Simulated historical trend (see SOURCES.md for base-value citations)
20-06-2026,Aluminium,Punjab,Jalandhar,148.78,per kg,136.88,160.68,False,Derived (Formula from Metals.Dev API - MCX/LME-linked),Simulated historical trend (see SOURCES.md for base-value citations)
20-06-2026,Iron,Punjab,Jalandhar,32.7,per kg,30.08,35.32,False,Derived (Formula from Metals.Dev API - MCX/LME-linked),Simulated historical trend (see SOURCES.md for base-value citations)
20-06-2026,Lead,Punjab,Jalandhar,93.76,per kg,86.26,101.26,False,Derived (Formula from Metals.Dev API - MCX/LME-linked),Simulated historical trend (see SOURCES.md for base-value citations)
20-06-2026,PCB,Punjab,Jalandhar,100.56,per kg,92.52,108.6,False,Derived (Composition Model - Copper-driven),Simulated historical trend (see SOURCES.md for base-value citations)
20-06-2026,Cable,Punjab,Jalandhar,237.51,per kg,218.51,256.51,False,Derived (Composition Model - Copper-driven),Simulated historical trend (see SOURCES.md for base-value citations)
20-06-2026,Motor,Punjab,Jalandhar,46.35,per kg,42.64,50.06,False,Derived (Composition Model - Copper-driven),Simulated historical trend (see SOURCES.md for base-value citations)
20-06-2026,Battery,Punjab,Jalandhar,44.02,per kg,40.5,47.54,False,Derived (Composition Model - Lead-driven),Simulated historical trend (see SOURCES.md for base-value citations)
20-06-2026,CRT,Punjab,Jalandhar,0.0,per kg,0.0,0.0,True,"Derived (Composition Model - Lead-driven, hazard-adjusted)",Simulated historical trend (see SOURCES.md for base-value citations)
20-06-2026,LCD,Punjab,Jalandhar,18.3,per kg,16.84,19.76,False,Derived (Composition Model - Aluminium-driven),Simulated historical trend (see SOURCES.md for base-value citations)
20-06-2026,Copper,Maharashtra,Mumbai,630.52,per kg,580.08,680.96,False,Derived (Formula from Metals.Dev API - MCX/LME-linked),Simulated historical trend (see SOURCES.md for base-value citations)
20-06-2026,Aluminium,Maharashtra,Mumbai,156.78,per kg,144.24,169.32,False,Derived (Formula from Metals.Dev API - MCX/LME-linked),Simulated historical trend (see SOURCES.md for base-value citations)
20-06-2026,Iron,Maharashtra,Mumbai,39.62,per kg,36.45,42.79,False,Derived (Formula from Metals.Dev API - MCX/LME-linked),Simulated historical trend (see SOURCES.md for base-value citations)
20-06-2026,Lead,Maharashtra,Mumbai,104.48,per kg,96.12,112.84,False,Derived (Formula from Metals.Dev API - MCX/LME-linked),Simulated historical trend (see SOURCES.md for base-value citations)
20-06-2026,PCB,Maharashtra,Mumbai,115.62,per kg,106.37,124.87,False,Derived (Composition Model - Copper-driven),Simulated historical trend (see SOURCES.md for base-value citations)
20-06-2026,Cable,Maharashtra,Mumbai,268.28,per kg,246.82,289.74,False,Derived (Composition Model - Copper-driven),Simulated historical trend (see SOURCES.md for base-value citations)
20-06-2026,Motor,Maharashtra,Mumbai,50.1,per kg,46.09,54.11,False,Derived (Composition Model - Copper-driven),Simulated historical trend (see SOURCES.md for base-value citations)
20-06-2026,Battery,Maharashtra,Mumbai,42.77,per kg,39.35,46.19,False,Derived (Composition Model - Lead-driven),Simulated historical trend (see SOURCES.md for base-value citations)
20-06-2026,CRT,Maharashtra,Mumbai,0.0,per kg,0.0,0.0,True,"Derived (Composition Model - Lead-driven, hazard-adjusted)",Simulated historical trend (see SOURCES.md for base-value citations)
20-06-2026,LCD,Maharashtra,Mumbai,19.84,per kg,18.25,21.43,False,Derived (Composition Model - Aluminium-driven),Simulated historical trend (see SOURCES.md for base-value citations)
20-06-2026,Copper,Maharashtra,Pune,665.35,per kg,612.12,718.58,False,Derived (Formula from Metals.Dev API - MCX/LME-linked),Simulated historical trend (see SOURCES.md for base-value citations)
20-06-2026,Aluminium,Maharashtra,Pune,152.49,per kg,140.29,164.69,False,Derived (Formula from Metals.Dev API - MCX/LME-linked),Simulated historical trend (see SOURCES.md for base-value citations)
20-06-2026,Iron,Maharashtra,Pune,36.72,per kg,33.78,39.66,False,Derived (Formula from Metals.Dev API - MCX/LME-linked),Simulated historical trend (see SOURCES.md for base-value citations)
20-06-2026,Lead,Maharashtra,Pune,105.16,per kg,96.75,113.57,False,Derived (Formula from Metals.Dev API - MCX/LME-linked),Simulated historical trend (see SOURCES.md for base-value citations)
20-06-2026,PCB,Maharashtra,Pune,106.56,per kg,98.04,115.08,False,Derived (Composition Model - Copper-driven),Simulated historical trend (see SOURCES.md for base-value citations)
20-06-2026,Cable,Maharashtra,Pune,268.49,per kg,247.01,289.97,False,Derived (Composition Model - Copper-driven),Simulated historical trend (see SOURCES.md for base-value citations)
20-06-2026,Motor,Maharashtra,Pune,45.46,per kg,41.82,49.1,False,Derived (Composition Model - Copper-driven),Simulated historical trend (see SOURCES.md for base-value citations)
20-06-2026,Battery,Maharashtra,Pune,42.33,per kg,38.94,45.72,False,Derived (Composition Model - Lead-driven),Simulated historical trend (see SOURCES.md for base-value citations)
20-06-2026,CRT,Maharashtra,Pune,0.0,per kg,0.0,0.0,True,"Derived (Composition Model - Lead-driven, hazard-adjusted)",Simulated historical trend (see SOURCES.md for base-value citations)
20-06-2026,LCD,Maharashtra,Pune,19.72,per kg,18.14,21.3,False,Derived (Composition Model - Aluminium-driven),Simulated historical trend (see SOURCES.md for base-value citations)
19-06-2026,Copper,Punjab,Ludhiana,679.26,per kg,624.92,733.6,False,Derived (Formula from Metals.Dev API - MCX/LME-linked),Simulated historical trend (see SOURCES.md for base-value citations)
19-06-2026,Aluminium,Punjab,Ludhiana,134.19,per kg,123.45,144.93,False,Derived (Formula from Metals.Dev API - MCX/LME-linked),Simulated historical trend (see SOURCES.md for base-value citations)
19-06-2026,Iron,Punjab,Ludhiana,35.56,per kg,32.72,38.4,False,Derived (Formula from Metals.Dev API - MCX/LME-linked),Simulated historical trend (see SOURCES.md for base-value citations)
19-06-2026,Lead,Punjab,Ludhiana,101.18,per kg,93.09,109.27,False,Derived (Formula from Metals.Dev API - MCX/LME-linked),Simulated historical trend (see SOURCES.md for base-value citations)
19-06-2026,PCB,Punjab,Ludhiana,113.08,per kg,104.03,122.13,False,Derived (Composition Model - Copper-driven),Simulated historical trend (see SOURCES.md for base-value citations)
19-06-2026,Cable,Punjab,Ludhiana,254.34,per kg,233.99,274.69,False,Derived (Composition Model - Copper-driven),Simulated historical trend (see SOURCES.md for base-value citations)
19-06-2026,Motor,Punjab,Ludhiana,48.44,per kg,44.56,52.32,False,Derived (Composition Model - Copper-driven),Simulated historical trend (see SOURCES.md for base-value citations)
19-06-2026,Battery,Punjab,Ludhiana,44.09,per kg,40.56,47.62,False,Derived (Composition Model - Lead-driven),Simulated historical trend (see SOURCES.md for base-value citations)
19-06-2026,CRT,Punjab,Ludhiana,0.0,per kg,0.0,0.0,True,"Derived (Composition Model - Lead-driven, hazard-adjusted)",Simulated historical trend (see SOURCES.md for base-value citations)
19-06-2026,LCD,Punjab,Ludhiana,19.89,per kg,18.3,21.48,False,Derived (Composition Model - Aluminium-driven),Simulated historical trend (see SOURCES.md for base-value citations)
19-06-2026,Copper,Punjab,Amritsar,644.31,per kg,592.77,695.85,False,Derived (Formula from Metals.Dev API - MCX/LME-linked),Simulated historical trend (see SOURCES.md for base-value citations)
19-06-2026,Aluminium,Punjab,Amritsar,138.78,per kg,127.68,149.88,False,Derived (Formula from Metals.Dev API - MCX/LME-linked),Simulated historical trend (see SOURCES.md for base-value citations)
19-06-2026,Iron,Punjab,Amritsar,33.95,per kg,31.23,36.67,False,Derived (Formula from Metals.Dev API - MCX/LME-linked),Simulated historical trend (see SOURCES.md for base-value citations)
19-06-2026,Lead,Punjab,Amritsar,103.26,per kg,95.0,111.52,False,Derived (Formula from Metals.Dev API - MCX/LME-linked),Simulated historical trend (see SOURCES.md for base-value citations)
19-06-2026,PCB,Punjab,Amritsar,119.47,per kg,109.91,129.03,False,Derived (Composition Model - Copper-driven),Simulated historical trend (see SOURCES.md for base-value citations)
19-06-2026,Cable,Punjab,Amritsar,258.23,per kg,237.57,278.89,False,Derived (Composition Model - Copper-driven),Simulated historical trend (see SOURCES.md for base-value citations)
19-06-2026,Motor,Punjab,Amritsar,48.91,per kg,45.0,52.82,False,Derived (Composition Model - Copper-driven),Simulated historical trend (see SOURCES.md for base-value citations)
19-06-2026,Battery,Punjab,Amritsar,41.72,per kg,38.38,45.06,False,Derived (Composition Model - Lead-driven),Simulated historical trend (see SOURCES.md for base-value citations)
19-06-2026,CRT,Punjab,Amritsar,0.0,per kg,0.0,0.0,True,"Derived (Composition Model - Lead-driven, hazard-adjusted)",Simulated historical trend (see SOURCES.md for base-value citations)
19-06-2026,LCD,Punjab,Amritsar,21.47,per kg,19.75,23.19,False,Derived (Composition Model - Aluminium-driven),Simulated historical trend (see SOURCES.md for base-value citations)
19-06-2026,Copper,Punjab,Jalandhar,657.35,per kg,604.76,709.94,False,Derived (Formula from Metals.Dev API - MCX/LME-linked),Simulated historical trend (see SOURCES.md for base-value citations)
19-06-2026,Aluminium,Punjab,Jalandhar,145.43,per kg,133.8,157.06,False,Derived (Formula from Metals.Dev API - MCX/LME-linked),Simulated historical trend (see SOURCES.md for base-value citations)
19-06-2026,Iron,Punjab,Jalandhar,33.53,per kg,30.85,36.21,False,Derived (Formula from Metals.Dev API - MCX/LME-linked),Simulated historical trend (see SOURCES.md for base-value citations)
19-06-2026,Lead,Punjab,Jalandhar,91.08,per kg,83.79,98.37,False,Derived (Formula from Metals.Dev API - MCX/LME-linked),Simulated historical trend (see SOURCES.md for base-value citations)
19-06-2026,PCB,Punjab,Jalandhar,101.81,per kg,93.67,109.95,False,Derived (Composition Model - Copper-driven),Simulated historical trend (see SOURCES.md for base-value citations)
19-06-2026,Cable,Punjab,Jalandhar,215.69,per kg,198.43,232.95,False,Derived (Composition Model - Copper-driven),Simulated historical trend (see SOURCES.md for base-value citations)
19-06-2026,Motor,Punjab,Jalandhar,47.84,per kg,44.01,51.67,False,Derived (Composition Model - Copper-driven),Simulated historical trend (see SOURCES.md for base-value citations)
19-06-2026,Battery,Punjab,Jalandhar,44.4,per kg,40.85,47.95,False,Derived (Composition Model - Lead-driven),Simulated historical trend (see SOURCES.md for base-value citations)
19-06-2026,CRT,Punjab,Jalandhar,0.0,per kg,0.0,0.0,True,"Derived (Composition Model - Lead-driven, hazard-adjusted)",Simulated historical trend (see SOURCES.md for base-value citations)
19-06-2026,LCD,Punjab,Jalandhar,21.27,per kg,19.57,22.97,False,Derived (Composition Model - Aluminium-driven),Simulated historical trend (see SOURCES.md for base-value citations)
19-06-2026,Copper,Maharashtra,Mumbai,698.39,per kg,642.52,754.26,False,Derived (Formula from Metals.Dev API - MCX/LME-linked),Simulated historical trend (see SOURCES.md for base-value citations)
19-06-2026,Aluminium,Maharashtra,Mumbai,158.14,per kg,145.49,170.79,False,Derived (Formula from Metals.Dev API - MCX/LME-linked),Simulated historical trend (see SOURCES.md for base-value citations)
19-06-2026,Iron,Maharashtra,Mumbai,38.96,per kg,35.84,42.08,False,Derived (Formula from Metals.Dev API - MCX/LME-linked),Simulated historical trend (see SOURCES.md for base-value citations)
19-06-2026,Lead,Maharashtra,Mumbai,100.08,per kg,92.07,108.09,False,Derived (Formula from Metals.Dev API - MCX/LME-linked),Simulated historical trend (see SOURCES.md for base-value citations)
19-06-2026,PCB,Maharashtra,Mumbai,116.06,per kg,106.78,125.34,False,Derived (Composition Model - Copper-driven),Simulated historical trend (see SOURCES.md for base-value citations)
19-06-2026,Cable,Maharashtra,Mumbai,278.41,per kg,256.14,300.68,False,Derived (Composition Model - Copper-driven),Simulated historical trend (see SOURCES.md for base-value citations)
19-06-2026,Motor,Maharashtra,Mumbai,48.18,per kg,44.33,52.03,False,Derived (Composition Model - Copper-driven),Simulated historical trend (see SOURCES.md for base-value citations)
19-06-2026,Battery,Maharashtra,Mumbai,42.35,per kg,38.96,45.74,False,Derived (Composition Model - Lead-driven),Simulated historical trend (see SOURCES.md for base-value citations)
19-06-2026,CRT,Maharashtra,Mumbai,0.0,per kg,0.0,0.0,True,"Derived (Composition Model - Lead-driven, hazard-adjusted)",Simulated historical trend (see SOURCES.md for base-value citations)
19-06-2026,LCD,Maharashtra,Mumbai,21.37,per kg,19.66,23.08,False,Derived (Composition Model - Aluminium-driven),Simulated historical trend (see SOURCES.md for base-value citations)
19-06-2026,Copper,Maharashtra,Pune,645.43,per kg,593.8,697.06,False,Derived (Formula from Metals.Dev API - MCX/LME-linked),Simulated historical trend (see SOURCES.md for base-value citations)
19-06-2026,Aluminium,Maharashtra,Pune,139.28,per kg,128.14,150.42,False,Derived (Formula from Metals.Dev API - MCX/LME-linked),Simulated historical trend (see SOURCES.md for base-value citations)
19-06-2026,Iron,Maharashtra,Pune,36.99,per kg,34.03,39.95,False,Derived (Formula from Metals.Dev API - MCX/LME-linked),Simulated historical trend (see SOURCES.md for base-value citations)
19-06-2026,Lead,Maharashtra,Pune,108.7,per kg,100.0,117.4,False,Derived (Formula from Metals.Dev API - MCX/LME-linked),Simulated historical trend (see SOURCES.md for base-value citations)
19-06-2026,PCB,Maharashtra,Pune,113.47,per kg,104.39,122.55,False,Derived (Composition Model - Copper-driven),Simulated historical trend (see SOURCES.md for base-value citations)
19-06-2026,Cable,Maharashtra,Pune,239.33,per kg,220.18,258.48,False,Derived (Composition Model - Copper-driven),Simulated historical trend (see SOURCES.md for base-value citations)
19-06-2026,Motor,Maharashtra,Pune,52.94,per kg,48.7,57.18,False,Derived (Composition Model - Copper-driven),Simulated historical trend (see SOURCES.md for base-value citations)
19-06-2026,Battery,Maharashtra,Pune,40.11,per kg,36.9,43.32,False,Derived (Composition Model - Lead-driven),Simulated historical trend (see SOURCES.md for base-value citations)
19-06-2026,CRT,Maharashtra,Pune,0.0,per kg,0.0,0.0,True,"Derived (Composition Model - Lead-driven, hazard-adjusted)",Simulated historical trend (see SOURCES.md for base-value citations)
19-06-2026,LCD,Maharashtra,Pune,19.18,per kg,17.65,20.71,False,Derived (Composition Model - Aluminium-driven),Simulated historical trend (see SOURCES.md for base-value citations)
